tile_id,aoi,sensor,scene,split,image_rgb_path,image_rgbn_path,mask_path,row,col,tile_size,resolution_m,road_pixel_ratio,split_strategy
pune_00000,pune,Sentinel-2,S2A_43QCA_20241119_0_L2A,train,data\expanded_v2\tiles\pune\images\pune_00000_rgb.png,data\expanded_v2\tiles\pune\images\pune_00000_rgbn.npy,data\expanded_v2\tiles\pune\masks\pune_00000_mask.png,0,0,256,10,0.2677001953125,geographic_aoi_v2
pune_00001,pune,Sentinel-2,S2A_43QCA_20241119_0_L2A,train,data\expanded_v2\tiles\pune\images\pune_00001_rgb.png,data\expanded_v2\tiles\pune\images\pune_00001_rgbn.npy,data\expanded_v2\tiles\pune\masks\pune_00001_mask.png,0,128,256,10,0.2525787353515625,geographic_aoi_v2
pune_00002,pune,Sentinel-2,S2A_43QCA_20241119_0_L2A,train,data\expanded_v2\tiles\pune\images\pune_00002_rgb.png,data\expanded_v2\tiles\pune\images\pune_00002_rgbn.npy,data\expanded_v2\tiles\pune\masks\pune_00002_mask.png,0,256,256,10,0.26593017578125,geographic_aoi_v2
pune_00003,pune,Sentinel-2,S2A_43QCA_20241119_0_L2A,train,data\expanded_v2\tiles\pune\images\pune_00003_rgb.png,data\expanded_v2\tiles\pune\images\pune_00003_rgbn.npy,data\expanded_v2\tiles\pune\masks\pune_00003_mask.png,0,384,256,10,0.2828216552734375,geographic_aoi_v2
pune_00004,pune,Sentinel-2,S2A_43QCA_20241119_0_L2A,train,data\expanded_v2\tiles\pune\images\pune_00004_rgb.png,data\expanded_v2\tiles\pune\images\pune_00004_rgbn.npy,data\expanded_v2\tiles\pune\masks\pune_00004_mask.png,0,512,256,10,0.2042388916015625,geographic_aoi_v2
pune_00005,pune,Sentinel-2,S2A_43QCA_20241119_0_L2A,train,data\expanded_v2\tiles\pune\images\pune_00005_rgb.png,data\expanded_v2\tiles\pune\images\pune_00005_rgbn.npy,data\expanded_v2\tiles\pune\masks\pune_00005_mask.png,0,640,256,10,0.1248321533203125,geographic_aoi_v2
pune_00006,pune,Sentinel-2,S2A_43QCA_20241119_0_L2A,train,data\expanded_v2\tiles\pune\images\pune_00006_rgb.png,data\expanded_v2\tiles\pune\images\pune_00006_rgbn.npy,data\expanded_v2\tiles\pune\masks\pune_00006_mask.png,0,768,256,10,0.1197662353515625,geographic_aoi_v2
pune_00007,pune,Sentinel-2,S2A_43QCA_20241119_0_L2A,train,data\expanded_v2\tiles\pune\images\pune_00007_rgb.png,data\expanded_v2\tiles\pune\images\pune_00007_rgbn.npy,data\expanded_v2\tiles\pune\masks\pune_00007_mask.png,0,896,256,10,0.1542205810546875,geographic_aoi_v2
pune_00008,pune,Sentinel-2,S2A_43QCA_20241119_0_L2A,train,data\expanded_v2\tiles\pune\images\pune_00008_rgb.png,data\expanded_v2\tiles\pune\images\pune_00008_rgbn.npy,data\expanded_v2\tiles\pune\masks\pune_00008_mask.png,0,1024,256,10,0.1900634765625,geographic_aoi_v2
pune_00009,pune,Sentinel-2,S2A_43QCA_20241119_0_L2A,train,data\expanded_v2\tiles\pune\images\pune_00009_rgb.png,data\expanded_v2\tiles\pune\images\pune_00009_rgbn.npy,data\expanded_v2\tiles\pune\masks\pune_00009_mask.png,0,1152,256,10,0.2579345703125,geographic_aoi_v2
pune_00010,pune,Sentinel-2,S2A_43QCA_20241119_0_L2A,train,data\expanded_v2\tiles\pune\images\pune_00010_rgb.png,data\expanded_v2\tiles\pune\images\pune_00010_rgbn.npy,data\expanded_v2\tiles\pune\masks\pune_00010_mask.png,0,1280,256,10,0.274688720703125,geographic_aoi_v2
pune_00011,pune,Sentinel-2,S2A_43QCA_20241119_0_L2A,train,data\expanded_v2\tiles\pune\images\pune_00011_rgb.png,data\expanded_v2\tiles\pune\images\pune_00011_rgbn.npy,data\expanded_v2\tiles\pune\masks\pune_00011_mask.png,0,1408,256,10,0.20098876953125,geographic_aoi_v2
pune_00012,pune,Sentinel-2,S2A_43QCA_20241119_0_L2A,train,data\expanded_v2\tiles\pune\images\pune_00012_rgb.png,data\expanded_v2\tiles\pune\images\pune_00012_rgbn.npy,data\expanded_v2\tiles\pune\masks\pune_00012_mask.png,0,1536,256,10,0.164794921875,geographic_aoi_v2
pune_00013,pune,Sentinel-2,S2A_43QCA_20241119_0_L2A,train,data\expanded_v2\tiles\pune\images\pune_00013_rgb.png,data\expanded_v2\tiles\pune\images\pune_00013_rgbn.npy,data\expanded_v2\tiles\pune\masks\pune_00013_mask.png,128,0,256,10,0.239410400390625,geographic_aoi_v2
pune_00014,pune,Sentinel-2,S2A_43QCA_20241119_0_L2A,train,data\expanded_v2\tiles\pune\images\pune_00014_rgb.png,data\expanded_v2\tiles\pune\images\pune_00014_rgbn.npy,data\expanded_v2\tiles\pune\masks\pune_00014_mask.png,128,128,256,10,0.16839599609375,geographic_aoi_v2
pune_00015,pune,Sentinel-2,S2A_43QCA_20241119_0_L2A,train,data\expanded_v2\tiles\pune\images\pune_00015_rgb.png,data\expanded_v2\tiles\pune\images\pune_00015_rgbn.npy,data\expanded_v2\tiles\pune\masks\pune_00015_mask.png,128,256,256,10,0.2171783447265625,geographic_aoi_v2
pune_00016,pune,Sentinel-2,S2A_43QCA_20241119_0_L2A,train,data\expanded_v2\tiles\pune\images\pune_00016_rgb.png,data\expanded_v2\tiles\pune\images\pune_00016_rgbn.npy,data\expanded_v2\tiles\pune\masks\pune_00016_mask.png,128,384,256,10,0.278656005859375,geographic_aoi_v2
pune_00017,pune,Sentinel-2,S2A_43QCA_20241119_0_L2A,train,data\expanded_v2\tiles\pune\images\pune_00017_rgb.png,data\expanded_v2\tiles\pune\images\pune_00017_rgbn.npy,data\expanded_v2\tiles\pune\masks\pune_00017_mask.png,128,512,256,10,0.2340850830078125,geographic_aoi_v2
pune_00018,pune,Sentinel-2,S2A_43QCA_20241119_0_L2A,train,data\expanded_v2\tiles\pune\images\pune_00018_rgb.png,data\expanded_v2\tiles\pune\images\pune_00018_rgbn.npy,data\expanded_v2\tiles\pune\masks\pune_00018_mask.png,128,640,256,10,0.1869049072265625,geographic_aoi_v2
pune_00019,pune,Sentinel-2,S2A_43QCA_20241119_0_L2A,train,data\expanded_v2\tiles\pune\images\pune_00019_rgb.png,data\expanded_v2\tiles\pune\images\pune_00019_rgbn.npy,data\expanded_v2\tiles\pune\masks\pune_00019_mask.png,128,768,256,10,0.144500732421875,geographic_aoi_v2
pune_00020,pune,Sentinel-2,S2A_43QCA_20241119_0_L2A,train,data\expanded_v2\tiles\pune\images\pune_00020_rgb.png,data\expanded_v2\tiles\pune\images\pune_00020_rgbn.npy,data\expanded_v2\tiles\pune\masks\pune_00020_mask.png,128,896,256,10,0.175537109375,geographic_aoi_v2
pune_00021,pune,Sentinel-2,S2A_43QCA_20241119_0_L2A,train,data\expanded_v2\tiles\pune\images\pune_00021_rgb.png,data\expanded_v2\tiles\pune\images\pune_00021_rgbn.npy,data\expanded_v2\tiles\pune\masks\pune_00021_mask.png,128,1024,256,10,0.251800537109375,geographic_aoi_v2
pune_00022,pune,Sentinel-2,S2A_43QCA_20241119_0_L2A,train,data\expanded_v2\tiles\pune\images\pune_00022_rgb.png,data\expanded_v2\tiles\pune\images\pune_00022_rgbn.npy,data\expanded_v2\tiles\pune\masks\pune_00022_mask.png,128,1152,256,10,0.2541961669921875,geographic_aoi_v2
pune_00023,pune,Sentinel-2,S2A_43QCA_20241119_0_L2A,train,data\expanded_v2\tiles\pune\images\pune_00023_rgb.png,data\expanded_v2\tiles\pune\images\pune_00023_rgbn.npy,data\expanded_v2\tiles\pune\masks\pune_00023_mask.png,128,1280,256,10,0.2051849365234375,geographic_aoi_v2
pune_00024,pune,Sentinel-2,S2A_43QCA_20241119_0_L2A,train,data\expanded_v2\tiles\pune\images\pune_00024_rgb.png,data\expanded_v2\tiles\pune\images\pune_00024_rgbn.npy,data\expanded_v2\tiles\pune\masks\pune_00024_mask.png,128,1408,256,10,0.1492462158203125,geographic_aoi_v2
pune_00025,pune,Sentinel-2,S2A_43QCA_20241119_0_L2A,train,data\expanded_v2\tiles\pune\images\pune_00025_rgb.png,data\expanded_v2\tiles\pune\images\pune_00025_rgbn.npy,data\expanded_v2\tiles\pune\masks\pune_00025_mask.png,128,1536,256,10,0.10089111328125,geographic_aoi_v2
pune_00026,pune,Sentinel-2,S2A_43QCA_20241119_0_L2A,train,data\expanded_v2\tiles\pune\images\pune_00026_rgb.png,data\expanded_v2\tiles\pune\images\pune_00026_rgbn.npy,data\expanded_v2\tiles\pune\masks\pune_00026_mask.png,256,0,256,10,0.302215576171875,geographic_aoi_v2
pune_00027,pune,Sentinel-2,S2A_43QCA_20241119_0_L2A,train,data\expanded_v2\tiles\pune\images\pune_00027_rgb.png,data\expanded_v2\tiles\pune\images\pune_00027_rgbn.npy,data\expanded_v2\tiles\pune\masks\pune_00027_mask.png,256,128,256,10,0.2422637939453125,geographic_aoi_v2
pune_00028,pune,Sentinel-2,S2A_43QCA_20241119_0_L2A,train,data\expanded_v2\tiles\pune\images\pune_00028_rgb.png,data\expanded_v2\tiles\pune\images\pune_00028_rgbn.npy,data\expanded_v2\tiles\pune\masks\pune_00028_mask.png,256,256,256,10,0.246246337890625,geographic_aoi_v2
pune_00029,pune,Sentinel-2,S2A_43QCA_20241119_0_L2A,train,data\expanded_v2\tiles\pune\images\pune_00029_rgb.png,data\expanded_v2\tiles\pune\images\pune_00029_rgbn.npy,data\expanded_v2\tiles\pune\masks\pune_00029_mask.png,256,384,256,10,0.23272705078125,geographic_aoi_v2
pune_00030,pune,Sentinel-2,S2A_43QCA_20241119_0_L2A,train,data\expanded_v2\tiles\pune\images\pune_00030_rgb.png,data\expanded_v2\tiles\pune\images\pune_00030_rgbn.npy,data\expanded_v2\tiles\pune\masks\pune_00030_mask.png,256,512,256,10,0.212188720703125,geographic_aoi_v2
pune_00031,pune,Sentinel-2,S2A_43QCA_20241119_0_L2A,train,data\expanded_v2\tiles\pune\images\pune_00031_rgb.png,data\expanded_v2\tiles\pune\images\pune_00031_rgbn.npy,data\expanded_v2\tiles\pune\masks\pune_00031_mask.png,256,640,256,10,0.224700927734375,geographic_aoi_v2
pune_00032,pune,Sentinel-2,S2A_43QCA_20241119_0_L2A,train,data\expanded_v2\tiles\pune\images\pune_00032_rgb.png,data\expanded_v2\tiles\pune\images\pune_00032_rgbn.npy,data\expanded_v2\tiles\pune\masks\pune_00032_mask.png,256,768,256,10,0.1724395751953125,geographic_aoi_v2
pune_00033,pune,Sentinel-2,S2A_43QCA_20241119_0_L2A,train,data\expanded_v2\tiles\pune\images\pune_00033_rgb.png,data\expanded_v2\tiles\pune\images\pune_00033_rgbn.npy,data\expanded_v2\tiles\pune\masks\pune_00033_mask.png,256,896,256,10,0.166900634765625,geographic_aoi_v2
pune_00034,pune,Sentinel-2,S2A_43QCA_20241119_0_L2A,train,data\expanded_v2\tiles\pune\images\pune_00034_rgb.png,data\expanded_v2\tiles\pune\images\pune_00034_rgbn.npy,data\expanded_v2\tiles\pune\masks\pune_00034_mask.png,256,1024,256,10,0.212493896484375,geographic_aoi_v2
pune_00035,pune,Sentinel-2,S2A_43QCA_20241119_0_L2A,train,data\expanded_v2\tiles\pune\images\pune_00035_rgb.png,data\expanded_v2\tiles\pune\images\pune_00035_rgbn.npy,data\expanded_v2\tiles\pune\masks\pune_00035_mask.png,256,1152,256,10,0.203948974609375,geographic_aoi_v2
pune_00036,pune,Sentinel-2,S2A_43QCA_20241119_0_L2A,train,data\expanded_v2\tiles\pune\images\pune_00036_rgb.png,data\expanded_v2\tiles\pune\images\pune_00036_rgbn.npy,data\expanded_v2\tiles\pune\masks\pune_00036_mask.png,256,1280,256,10,0.2295684814453125,geographic_aoi_v2
pune_00037,pune,Sentinel-2,S2A_43QCA_20241119_0_L2A,train,data\expanded_v2\tiles\pune\images\pune_00037_rgb.png,data\expanded_v2\tiles\pune\images\pune_00037_rgbn.npy,data\expanded_v2\tiles\pune\masks\pune_00037_mask.png,256,1408,256,10,0.270599365234375,geographic_aoi_v2
pune_00038,pune,Sentinel-2,S2A_43QCA_20241119_0_L2A,train,data\expanded_v2\tiles\pune\images\pune_00038_rgb.png,data\expanded_v2\tiles\pune\images\pune_00038_rgbn.npy,data\expanded_v2\tiles\pune\masks\pune_00038_mask.png,256,1536,256,10,0.2681732177734375,geographic_aoi_v2
pune_00039,pune,Sentinel-2,S2A_43QCA_20241119_0_L2A,train,data\expanded_v2\tiles\pune\images\pune_00039_rgb.png,data\expanded_v2\tiles\pune\images\pune_00039_rgbn.npy,data\expanded_v2\tiles\pune\masks\pune_00039_mask.png,384,0,256,10,0.25689697265625,geographic_aoi_v2
pune_00040,pune,Sentinel-2,S2A_43QCA_20241119_0_L2A,train,data\expanded_v2\tiles\pune\images\pune_00040_rgb.png,data\expanded_v2\tiles\pune\images\pune_00040_rgbn.npy,data\expanded_v2\tiles\pune\masks\pune_00040_mask.png,384,128,256,10,0.2596282958984375,geographic_aoi_v2
pune_00041,pune,Sentinel-2,S2A_43QCA_20241119_0_L2A,train,data\expanded_v2\tiles\pune\images\pune_00041_rgb.png,data\expanded_v2\tiles\pune\images\pune_00041_rgbn.npy,data\expanded_v2\tiles\pune\masks\pune_00041_mask.png,384,256,256,10,0.261016845703125,geographic_aoi_v2
pune_00042,pune,Sentinel-2,S2A_43QCA_20241119_0_L2A,train,data\expanded_v2\tiles\pune\images\pune_00042_rgb.png,data\expanded_v2\tiles\pune\images\pune_00042_rgbn.npy,data\expanded_v2\tiles\pune\masks\pune_00042_mask.png,384,384,256,10,0.2062835693359375,geographic_aoi_v2
pune_00043,pune,Sentinel-2,S2A_43QCA_20241119_0_L2A,train,data\expanded_v2\tiles\pune\images\pune_00043_rgb.png,data\expanded_v2\tiles\pune\images\pune_00043_rgbn.npy,data\expanded_v2\tiles\pune\masks\pune_00043_mask.png,384,512,256,10,0.206390380859375,geographic_aoi_v2
pune_00044,pune,Sentinel-2,S2A_43QCA_20241119_0_L2A,train,data\expanded_v2\tiles\pune\images\pune_00044_rgb.png,data\expanded_v2\tiles\pune\images\pune_00044_rgbn.npy,data\expanded_v2\tiles\pune\masks\pune_00044_mask.png,384,640,256,10,0.2384490966796875,geographic_aoi_v2
pune_00045,pune,Sentinel-2,S2A_43QCA_20241119_0_L2A,train,data\expanded_v2\tiles\pune\images\pune_00045_rgb.png,data\expanded_v2\tiles\pune\images\pune_00045_rgbn.npy,data\expanded_v2\tiles\pune\masks\pune_00045_mask.png,384,768,256,10,0.178619384765625,geographic_aoi_v2
pune_00046,pune,Sentinel-2,S2A_43QCA_20241119_0_L2A,train,data\expanded_v2\tiles\pune\images\pune_00046_rgb.png,data\expanded_v2\tiles\pune\images\pune_00046_rgbn.npy,data\expanded_v2\tiles\pune\masks\pune_00046_mask.png,384,896,256,10,0.17425537109375,geographic_aoi_v2
pune_00047,pune,Sentinel-2,S2A_43QCA_20241119_0_L2A,train,data\expanded_v2\tiles\pune\images\pune_00047_rgb.png,data\expanded_v2\tiles\pune\images\pune_00047_rgbn.npy,data\expanded_v2\tiles\pune\masks\pune_00047_mask.png,384,1024,256,10,0.235198974609375,geographic_aoi_v2
pune_00048,pune,Sentinel-2,S2A_43QCA_20241119_0_L2A,train,data\expanded_v2\tiles\pune\images\pune_00048_rgb.png,data\expanded_v2\tiles\pune\images\pune_00048_rgbn.npy,data\expanded_v2\tiles\pune\masks\pune_00048_mask.png,384,1152,256,10,0.242279052734375,geographic_aoi_v2
pune_00049,pune,Sentinel-2,S2A_43QCA_20241119_0_L2A,train,data\expanded_v2\tiles\pune\images\pune_00049_rgb.png,data\expanded_v2\tiles\pune\images\pune_00049_rgbn.npy,data\expanded_v2\tiles\pune\masks\pune_00049_mask.png,384,1280,256,10,0.2511138916015625,geographic_aoi_v2
pune_00050,pune,Sentinel-2,S2A_43QCA_20241119_0_L2A,train,data\expanded_v2\tiles\pune\images\pune_00050_rgb.png,data\expanded_v2\tiles\pune\images\pune_00050_rgbn.npy,data\expanded_v2\tiles\pune\masks\pune_00050_mask.png,384,1408,256,10,0.3268585205078125,geographic_aoi_v2
pune_00051,pune,Sentinel-2,S2A_43QCA_20241119_0_L2A,train,data\expanded_v2\tiles\pune\images\pune_00051_rgb.png,data\expanded_v2\tiles\pune\images\pune_00051_rgbn.npy,data\expanded_v2\tiles\pune\masks\pune_00051_mask.png,384,1536,256,10,0.402435302734375,geographic_aoi_v2
pune_00052,pune,Sentinel-2,S2A_43QCA_20241119_0_L2A,train,data\expanded_v2\tiles\pune\images\pune_00052_rgb.png,data\expanded_v2\tiles\pune\images\pune_00052_rgbn.npy,data\expanded_v2\tiles\pune\masks\pune_00052_mask.png,512,0,256,10,0.1936492919921875,geographic_aoi_v2
pune_00053,pune,Sentinel-2,S2A_43QCA_20241119_0_L2A,train,data\expanded_v2\tiles\pune\images\pune_00053_rgb.png,data\expanded_v2\tiles\pune\images\pune_00053_rgbn.npy,data\expanded_v2\tiles\pune\masks\pune_00053_mask.png,512,128,256,10,0.1886749267578125,geographic_aoi_v2
pune_00054,pune,Sentinel-2,S2A_43QCA_20241119_0_L2A,train,data\expanded_v2\tiles\pune\images\pune_00054_rgb.png,data\expanded_v2\tiles\pune\images\pune_00054_rgbn.npy,data\expanded_v2\tiles\pune\masks\pune_00054_mask.png,512,256,256,10,0.178253173828125,geographic_aoi_v2
pune_00055,pune,Sentinel-2,S2A_43QCA_20241119_0_L2A,train,data\expanded_v2\tiles\pune\images\pune_00055_rgb.png,data\expanded_v2\tiles\pune\images\pune_00055_rgbn.npy,data\expanded_v2\tiles\pune\masks\pune_00055_mask.png,512,384,256,10,0.192230224609375,geographic_aoi_v2
pune_00056,pune,Sentinel-2,S2A_43QCA_20241119_0_L2A,train,data\expanded_v2\tiles\pune\images\pune_00056_rgb.png,data\expanded_v2\tiles\pune\images\pune_00056_rgbn.npy,data\expanded_v2\tiles\pune\masks\pune_00056_mask.png,512,512,256,10,0.22998046875,geographic_aoi_v2
pune_00057,pune,Sentinel-2,S2A_43QCA_20241119_0_L2A,train,data\expanded_v2\tiles\pune\images\pune_00057_rgb.png,data\expanded_v2\tiles\pune\images\pune_00057_rgbn.npy,data\expanded_v2\tiles\pune\masks\pune_00057_mask.png,512,640,256,10,0.2410125732421875,geographic_aoi_v2
pune_00058,pune,Sentinel-2,S2A_43QCA_20241119_0_L2A,train,data\expanded_v2\tiles\pune\images\pune_00058_rgb.png,data\expanded_v2\tiles\pune\images\pune_00058_rgbn.npy,data\expanded_v2\tiles\pune\masks\pune_00058_mask.png,512,768,256,10,0.1810150146484375,geographic_aoi_v2
pune_00059,pune,Sentinel-2,S2A_43QCA_20241119_0_L2A,train,data\expanded_v2\tiles\pune\images\pune_00059_rgb.png,data\expanded_v2\tiles\pune\images\pune_00059_rgbn.npy,data\expanded_v2\tiles\pune\masks\pune_00059_mask.png,512,896,256,10,0.1973876953125,geographic_aoi_v2
pune_00060,pune,Sentinel-2,S2A_43QCA_20241119_0_L2A,train,data\expanded_v2\tiles\pune\images\pune_00060_rgb.png,data\expanded_v2\tiles\pune\images\pune_00060_rgbn.npy,data\expanded_v2\tiles\pune\masks\pune_00060_mask.png,512,1024,256,10,0.2820892333984375,geographic_aoi_v2
pune_00061,pune,Sentinel-2,S2A_43QCA_20241119_0_L2A,train,data\expanded_v2\tiles\pune\images\pune_00061_rgb.png,data\expanded_v2\tiles\pune\images\pune_00061_rgbn.npy,data\expanded_v2\tiles\pune\masks\pune_00061_mask.png,512,1152,256,10,0.2722930908203125,geographic_aoi_v2
pune_00062,pune,Sentinel-2,S2A_43QCA_20241119_0_L2A,train,data\expanded_v2\tiles\pune\images\pune_00062_rgb.png,data\expanded_v2\tiles\pune\images\pune_00062_rgbn.npy,data\expanded_v2\tiles\pune\masks\pune_00062_mask.png,512,1280,256,10,0.2262420654296875,geographic_aoi_v2
pune_00063,pune,Sentinel-2,S2A_43QCA_20241119_0_L2A,train,data\expanded_v2\tiles\pune\images\pune_00063_rgb.png,data\expanded_v2\tiles\pune\images\pune_00063_rgbn.npy,data\expanded_v2\tiles\pune\masks\pune_00063_mask.png,512,1408,256,10,0.248199462890625,geographic_aoi_v2
pune_00064,pune,Sentinel-2,S2A_43QCA_20241119_0_L2A,train,data\expanded_v2\tiles\pune\images\pune_00064_rgb.png,data\expanded_v2\tiles\pune\images\pune_00064_rgbn.npy,data\expanded_v2\tiles\pune\masks\pune_00064_mask.png,512,1536,256,10,0.3333282470703125,geographic_aoi_v2
pune_00065,pune,Sentinel-2,S2A_43QCA_20241119_0_L2A,train,data\expanded_v2\tiles\pune\images\pune_00065_rgb.png,data\expanded_v2\tiles\pune\images\pune_00065_rgbn.npy,data\expanded_v2\tiles\pune\masks\pune_00065_mask.png,640,0,256,10,0.1556396484375,geographic_aoi_v2
pune_00066,pune,Sentinel-2,S2A_43QCA_20241119_0_L2A,train,data\expanded_v2\tiles\pune\images\pune_00066_rgb.png,data\expanded_v2\tiles\pune\images\pune_00066_rgbn.npy,data\expanded_v2\tiles\pune\masks\pune_00066_mask.png,640,128,256,10,0.104248046875,geographic_aoi_v2
pune_00067,pune,Sentinel-2,S2A_43QCA_20241119_0_L2A,train,data\expanded_v2\tiles\pune\images\pune_00067_rgb.png,data\expanded_v2\tiles\pune\images\pune_00067_rgbn.npy,data\expanded_v2\tiles\pune\masks\pune_00067_mask.png,640,256,256,10,0.095611572265625,geographic_aoi_v2
pune_00068,pune,Sentinel-2,S2A_43QCA_20241119_0_L2A,train,data\expanded_v2\tiles\pune\images\pune_00068_rgb.png,data\expanded_v2\tiles\pune\images\pune_00068_rgbn.npy,data\expanded_v2\tiles\pune\masks\pune_00068_mask.png,640,384,256,10,0.1704559326171875,geographic_aoi_v2
pune_00069,pune,Sentinel-2,S2A_43QCA_20241119_0_L2A,train,data\expanded_v2\tiles\pune\images\pune_00069_rgb.png,data\expanded_v2\tiles\pune\images\pune_00069_rgbn.npy,data\expanded_v2\tiles\pune\masks\pune_00069_mask.png,640,512,256,10,0.254119873046875,geographic_aoi_v2
pune_00070,pune,Sentinel-2,S2A_43QCA_20241119_0_L2A,train,data\expanded_v2\tiles\pune\images\pune_00070_rgb.png,data\expanded_v2\tiles\pune\images\pune_00070_rgbn.npy,data\expanded_v2\tiles\pune\masks\pune_00070_mask.png,640,640,256,10,0.2825927734375,geographic_aoi_v2
pune_00071,pune,Sentinel-2,S2A_43QCA_20241119_0_L2A,train,data\expanded_v2\tiles\pune\images\pune_00071_rgb.png,data\expanded_v2\tiles\pune\images\pune_00071_rgbn.npy,data\expanded_v2\tiles\pune\masks\pune_00071_mask.png,640,768,256,10,0.267822265625,geographic_aoi_v2
pune_00072,pune,Sentinel-2,S2A_43QCA_20241119_0_L2A,train,data\expanded_v2\tiles\pune\images\pune_00072_rgb.png,data\expanded_v2\tiles\pune\images\pune_00072_rgbn.npy,data\expanded_v2\tiles\pune\masks\pune_00072_mask.png,640,896,256,10,0.2721710205078125,geographic_aoi_v2
pune_00073,pune,Sentinel-2,S2A_43QCA_20241119_0_L2A,train,data\expanded_v2\tiles\pune\images\pune_00073_rgb.png,data\expanded_v2\tiles\pune\images\pune_00073_rgbn.npy,data\expanded_v2\tiles\pune\masks\pune_00073_mask.png,640,1024,256,10,0.2685546875,geographic_aoi_v2
pune_00074,pune,Sentinel-2,S2A_43QCA_20241119_0_L2A,train,data\expanded_v2\tiles\pune\images\pune_00074_rgb.png,data\expanded_v2\tiles\pune\images\pune_00074_rgbn.npy,data\expanded_v2\tiles\pune\masks\pune_00074_mask.png,640,1152,256,10,0.2432861328125,geographic_aoi_v2
pune_00075,pune,Sentinel-2,S2A_43QCA_20241119_0_L2A,train,data\expanded_v2\tiles\pune\images\pune_00075_rgb.png,data\expanded_v2\tiles\pune\images\pune_00075_rgbn.npy,data\expanded_v2\tiles\pune\masks\pune_00075_mask.png,640,1280,256,10,0.239776611328125,geographic_aoi_v2
pune_00076,pune,Sentinel-2,S2A_43QCA_20241119_0_L2A,train,data\expanded_v2\tiles\pune\images\pune_00076_rgb.png,data\expanded_v2\tiles\pune\images\pune_00076_rgbn.npy,data\expanded_v2\tiles\pune\masks\pune_00076_mask.png,640,1408,256,10,0.2052154541015625,geographic_aoi_v2
pune_00077,pune,Sentinel-2,S2A_43QCA_20241119_0_L2A,train,data\expanded_v2\tiles\pune\images\pune_00077_rgb.png,data\expanded_v2\tiles\pune\images\pune_00077_rgbn.npy,data\expanded_v2\tiles\pune\masks\pune_00077_mask.png,640,1536,256,10,0.233428955078125,geographic_aoi_v2
pune_00078,pune,Sentinel-2,S2A_43QCA_20241119_0_L2A,train,data\expanded_v2\tiles\pune\images\pune_00078_rgb.png,data\expanded_v2\tiles\pune\images\pune_00078_rgbn.npy,data\expanded_v2\tiles\pune\masks\pune_00078_mask.png,768,0,256,10,0.2023468017578125,geographic_aoi_v2
pune_00079,pune,Sentinel-2,S2A_43QCA_20241119_0_L2A,train,data\expanded_v2\tiles\pune\images\pune_00079_rgb.png,data\expanded_v2\tiles\pune\images\pune_00079_rgbn.npy,data\expanded_v2\tiles\pune\masks\pune_00079_mask.png,768,128,256,10,0.1338348388671875,geographic_aoi_v2
pune_00080,pune,Sentinel-2,S2A_43QCA_20241119_0_L2A,train,data\expanded_v2\tiles\pune\images\pune_00080_rgb.png,data\expanded_v2\tiles\pune\images\pune_00080_rgbn.npy,data\expanded_v2\tiles\pune\masks\pune_00080_mask.png,768,256,256,10,0.1632537841796875,geographic_aoi_v2
pune_00081,pune,Sentinel-2,S2A_43QCA_20241119_0_L2A,train,data\expanded_v2\tiles\pune\images\pune_00081_rgb.png,data\expanded_v2\tiles\pune\images\pune_00081_rgbn.npy,data\expanded_v2\tiles\pune\masks\pune_00081_mask.png,768,384,256,10,0.2126617431640625,geographic_aoi_v2
pune_00082,pune,Sentinel-2,S2A_43QCA_20241119_0_L2A,train,data\expanded_v2\tiles\pune\images\pune_00082_rgb.png,data\expanded_v2\tiles\pune\images\pune_00082_rgbn.npy,data\expanded_v2\tiles\pune\masks\pune_00082_mask.png,768,512,256,10,0.27978515625,geographic_aoi_v2
pune_00083,pune,Sentinel-2,S2A_43QCA_20241119_0_L2A,train,data\expanded_v2\tiles\pune\images\pune_00083_rgb.png,data\expanded_v2\tiles\pune\images\pune_00083_rgbn.npy,data\expanded_v2\tiles\pune\masks\pune_00083_mask.png,768,640,256,10,0.336822509765625,geographic_aoi_v2
pune_00084,pune,Sentinel-2,S2A_43QCA_20241119_0_L2A,train,data\expanded_v2\tiles\pune\images\pune_00084_rgb.png,data\expanded_v2\tiles\pune\images\pune_00084_rgbn.npy,data\expanded_v2\tiles\pune\masks\pune_00084_mask.png,768,768,256,10,0.3694915771484375,geographic_aoi_v2
pune_00085,pune,Sentinel-2,S2A_43QCA_20241119_0_L2A,train,data\expanded_v2\tiles\pune\images\pune_00085_rgb.png,data\expanded_v2\tiles\pune\images\pune_00085_rgbn.npy,data\expanded_v2\tiles\pune\masks\pune_00085_mask.png,768,896,256,10,0.370635986328125,geographic_aoi_v2
pune_00086,pune,Sentinel-2,S2A_43QCA_20241119_0_L2A,train,data\expanded_v2\tiles\pune\images\pune_00086_rgb.png,data\expanded_v2\tiles\pune\images\pune_00086_rgbn.npy,data\expanded_v2\tiles\pune\masks\pune_00086_mask.png,768,1024,256,10,0.280181884765625,geographic_aoi_v2
pune_00087,pune,Sentinel-2,S2A_43QCA_20241119_0_L2A,train,data\expanded_v2\tiles\pune\images\pune_00087_rgb.png,data\expanded_v2\tiles\pune\images\pune_00087_rgbn.npy,data\expanded_v2\tiles\pune\masks\pune_00087_mask.png,768,1152,256,10,0.21478271484375,geographic_aoi_v2
pune_00088,pune,Sentinel-2,S2A_43QCA_20241119_0_L2A,train,data\expanded_v2\tiles\pune\images\pune_00088_rgb.png,data\expanded_v2\tiles\pune\images\pune_00088_rgbn.npy,data\expanded_v2\tiles\pune\masks\pune_00088_mask.png,768,1280,256,10,0.240570068359375,geographic_aoi_v2
pune_00089,pune,Sentinel-2,S2A_43QCA_20241119_0_L2A,train,data\expanded_v2\tiles\pune\images\pune_00089_rgb.png,data\expanded_v2\tiles\pune\images\pune_00089_rgbn.npy,data\expanded_v2\tiles\pune\masks\pune_00089_mask.png,768,1408,256,10,0.2467803955078125,geographic_aoi_v2
pune_00090,pune,Sentinel-2,S2A_43QCA_20241119_0_L2A,train,data\expanded_v2\tiles\pune\images\pune_00090_rgb.png,data\expanded_v2\tiles\pune\images\pune_00090_rgbn.npy,data\expanded_v2\tiles\pune\masks\pune_00090_mask.png,768,1536,256,10,0.26385498046875,geographic_aoi_v2
pune_00091,pune,Sentinel-2,S2A_43QCA_20241119_0_L2A,train,data\expanded_v2\tiles\pune\images\pune_00091_rgb.png,data\expanded_v2\tiles\pune\images\pune_00091_rgbn.npy,data\expanded_v2\tiles\pune\masks\pune_00091_mask.png,896,0,256,10,0.2064056396484375,geographic_aoi_v2
pune_00092,pune,Sentinel-2,S2A_43QCA_20241119_0_L2A,train,data\expanded_v2\tiles\pune\images\pune_00092_rgb.png,data\expanded_v2\tiles\pune\images\pune_00092_rgbn.npy,data\expanded_v2\tiles\pune\masks\pune_00092_mask.png,896,128,256,10,0.262939453125,geographic_aoi_v2
pune_00093,pune,Sentinel-2,S2A_43QCA_20241119_0_L2A,train,data\expanded_v2\tiles\pune\images\pune_00093_rgb.png,data\expanded_v2\tiles\pune\images\pune_00093_rgbn.npy,data\expanded_v2\tiles\pune\masks\pune_00093_mask.png,896,256,256,10,0.3212890625,geographic_aoi_v2
pune_00094,pune,Sentinel-2,S2A_43QCA_20241119_0_L2A,train,data\expanded_v2\tiles\pune\images\pune_00094_rgb.png,data\expanded_v2\tiles\pune\images\pune_00094_rgbn.npy,data\expanded_v2\tiles\pune\masks\pune_00094_mask.png,896,384,256,10,0.318450927734375,geographic_aoi_v2
pune_00095,pune,Sentinel-2,S2A_43QCA_20241119_0_L2A,train,data\expanded_v2\tiles\pune\images\pune_00095_rgb.png,data\expanded_v2\tiles\pune\images\pune_00095_rgbn.npy,data\expanded_v2\tiles\pune\masks\pune_00095_mask.png,896,512,256,10,0.3311309814453125,geographic_aoi_v2
pune_00096,pune,Sentinel-2,S2A_43QCA_20241119_0_L2A,train,data\expanded_v2\tiles\pune\images\pune_00096_rgb.png,data\expanded_v2\tiles\pune\images\pune_00096_rgbn.npy,data\expanded_v2\tiles\pune\masks\pune_00096_mask.png,896,640,256,10,0.348297119140625,geographic_aoi_v2
pune_00097,pune,Sentinel-2,S2A_43QCA_20241119_0_L2A,train,data\expanded_v2\tiles\pune\images\pune_00097_rgb.png,data\expanded_v2\tiles\pune\images\pune_00097_rgbn.npy,data\expanded_v2\tiles\pune\masks\pune_00097_mask.png,896,768,256,10,0.3727874755859375,geographic_aoi_v2
pune_00098,pune,Sentinel-2,S2A_43QCA_20241119_0_L2A,train,data\expanded_v2\tiles\pune\images\pune_00098_rgb.png,data\expanded_v2\tiles\pune\images\pune_00098_rgbn.npy,data\expanded_v2\tiles\pune\masks\pune_00098_mask.png,896,896,256,10,0.3776702880859375,geographic_aoi_v2
pune_00099,pune,Sentinel-2,S2A_43QCA_20241119_0_L2A,train,data\expanded_v2\tiles\pune\images\pune_00099_rgb.png,data\expanded_v2\tiles\pune\images\pune_00099_rgbn.npy,data\expanded_v2\tiles\pune\masks\pune_00099_mask.png,896,1024,256,10,0.2866363525390625,geographic_aoi_v2
pune_00100,pune,Sentinel-2,S2A_43QCA_20241119_0_L2A,train,data\expanded_v2\tiles\pune\images\pune_00100_rgb.png,data\expanded_v2\tiles\pune\images\pune_00100_rgbn.npy,data\expanded_v2\tiles\pune\masks\pune_00100_mask.png,896,1152,256,10,0.2236785888671875,geographic_aoi_v2
pune_00101,pune,Sentinel-2,S2A_43QCA_20241119_0_L2A,train,data\expanded_v2\tiles\pune\images\pune_00101_rgb.png,data\expanded_v2\tiles\pune\images\pune_00101_rgbn.npy,data\expanded_v2\tiles\pune\masks\pune_00101_mask.png,896,1280,256,10,0.2146759033203125,geographic_aoi_v2
pune_00102,pune,Sentinel-2,S2A_43QCA_20241119_0_L2A,train,data\expanded_v2\tiles\pune\images\pune_00102_rgb.png,data\expanded_v2\tiles\pune\images\pune_00102_rgbn.npy,data\expanded_v2\tiles\pune\masks\pune_00102_mask.png,896,1408,256,10,0.2565155029296875,geographic_aoi_v2
pune_00103,pune,Sentinel-2,S2A_43QCA_20241119_0_L2A,train,data\expanded_v2\tiles\pune\images\pune_00103_rgb.png,data\expanded_v2\tiles\pune\images\pune_00103_rgbn.npy,data\expanded_v2\tiles\pune\masks\pune_00103_mask.png,896,1536,256,10,0.33740234375,geographic_aoi_v2
pune_00104,pune,Sentinel-2,S2A_43QCA_20241119_0_L2A,train,data\expanded_v2\tiles\pune\images\pune_00104_rgb.png,data\expanded_v2\tiles\pune\images\pune_00104_rgbn.npy,data\expanded_v2\tiles\pune\masks\pune_00104_mask.png,1024,0,256,10,0.160858154296875,geographic_aoi_v2
pune_00105,pune,Sentinel-2,S2A_43QCA_20241119_0_L2A,train,data\expanded_v2\tiles\pune\images\pune_00105_rgb.png,data\expanded_v2\tiles\pune\images\pune_00105_rgbn.npy,data\expanded_v2\tiles\pune\masks\pune_00105_mask.png,1024,128,256,10,0.2744293212890625,geographic_aoi_v2
pune_00106,pune,Sentinel-2,S2A_43QCA_20241119_0_L2A,train,data\expanded_v2\tiles\pune\images\pune_00106_rgb.png,data\expanded_v2\tiles\pune\images\pune_00106_rgbn.npy,data\expanded_v2\tiles\pune\masks\pune_00106_mask.png,1024,256,256,10,0.331451416015625,geographic_aoi_v2
pune_00107,pune,Sentinel-2,S2A_43QCA_20241119_0_L2A,train,data\expanded_v2\tiles\pune\images\pune_00107_rgb.png,data\expanded_v2\tiles\pune\images\pune_00107_rgbn.npy,data\expanded_v2\tiles\pune\masks\pune_00107_mask.png,1024,384,256,10,0.35955810546875,geographic_aoi_v2
pune_00108,pune,Sentinel-2,S2A_43QCA_20241119_0_L2A,train,data\expanded_v2\tiles\pune\images\pune_00108_rgb.png,data\expanded_v2\tiles\pune\images\pune_00108_rgbn.npy,data\expanded_v2\tiles\pune\masks\pune_00108_mask.png,1024,512,256,10,0.313079833984375,geographic_aoi_v2
pune_00109,pune,Sentinel-2,S2A_43QCA_20241119_0_L2A,train,data\expanded_v2\tiles\pune\images\pune_00109_rgb.png,data\expanded_v2\tiles\pune\images\pune_00109_rgbn.npy,data\expanded_v2\tiles\pune\masks\pune_00109_mask.png,1024,640,256,10,0.307769775390625,geographic_aoi_v2
pune_00110,pune,Sentinel-2,S2A_43QCA_20241119_0_L2A,train,data\expanded_v2\tiles\pune\images\pune_00110_rgb.png,data\expanded_v2\tiles\pune\images\pune_00110_rgbn.npy,data\expanded_v2\tiles\pune\masks\pune_00110_mask.png,1024,768,256,10,0.376953125,geographic_aoi_v2
pune_00111,pune,Sentinel-2,S2A_43QCA_20241119_0_L2A,train,data\expanded_v2\tiles\pune\images\pune_00111_rgb.png,data\expanded_v2\tiles\pune\images\pune_00111_rgbn.npy,data\expanded_v2\tiles\pune\masks\pune_00111_mask.png,1024,896,256,10,0.3469085693359375,geographic_aoi_v2
pune_00112,pune,Sentinel-2,S2A_43QCA_20241119_0_L2A,train,data\expanded_v2\tiles\pune\images\pune_00112_rgb.png,data\expanded_v2\tiles\pune\images\pune_00112_rgbn.npy,data\expanded_v2\tiles\pune\masks\pune_00112_mask.png,1024,1024,256,10,0.2433319091796875,geographic_aoi_v2
pune_00113,pune,Sentinel-2,S2A_43QCA_20241119_0_L2A,train,data\expanded_v2\tiles\pune\images\pune_00113_rgb.png,data\expanded_v2\tiles\pune\images\pune_00113_rgbn.npy,data\expanded_v2\tiles\pune\masks\pune_00113_mask.png,1024,1152,256,10,0.2499847412109375,geographic_aoi_v2
pune_00114,pune,Sentinel-2,S2A_43QCA_20241119_0_L2A,train,data\expanded_v2\tiles\pune\images\pune_00114_rgb.png,data\expanded_v2\tiles\pune\images\pune_00114_rgbn.npy,data\expanded_v2\tiles\pune\masks\pune_00114_mask.png,1024,1280,256,10,0.218048095703125,geographic_aoi_v2
pune_00115,pune,Sentinel-2,S2A_43QCA_20241119_0_L2A,train,data\expanded_v2\tiles\pune\images\pune_00115_rgb.png,data\expanded_v2\tiles\pune\images\pune_00115_rgbn.npy,data\expanded_v2\tiles\pune\masks\pune_00115_mask.png,1024,1408,256,10,0.18817138671875,geographic_aoi_v2
pune_00116,pune,Sentinel-2,S2A_43QCA_20241119_0_L2A,train,data\expanded_v2\tiles\pune\images\pune_00116_rgb.png,data\expanded_v2\tiles\pune\images\pune_00116_rgbn.npy,data\expanded_v2\tiles\pune\masks\pune_00116_mask.png,1024,1536,256,10,0.2859344482421875,geographic_aoi_v2
pune_00117,pune,Sentinel-2,S2A_43QCA_20241119_0_L2A,train,data\expanded_v2\tiles\pune\images\pune_00117_rgb.png,data\expanded_v2\tiles\pune\images\pune_00117_rgbn.npy,data\expanded_v2\tiles\pune\masks\pune_00117_mask.png,1152,0,256,10,0.160919189453125,geographic_aoi_v2
pune_00118,pune,Sentinel-2,S2A_43QCA_20241119_0_L2A,train,data\expanded_v2\tiles\pune\images\pune_00118_rgb.png,data\expanded_v2\tiles\pune\images\pune_00118_rgbn.npy,data\expanded_v2\tiles\pune\masks\pune_00118_mask.png,1152,128,256,10,0.277618408203125,geographic_aoi_v2
pune_00119,pune,Sentinel-2,S2A_43QCA_20241119_0_L2A,train,data\expanded_v2\tiles\pune\images\pune_00119_rgb.png,data\expanded_v2\tiles\pune\images\pune_00119_rgbn.npy,data\expanded_v2\tiles\pune\masks\pune_00119_mask.png,1152,256,256,10,0.3177947998046875,geographic_aoi_v2
pune_00120,pune,Sentinel-2,S2A_43QCA_20241119_0_L2A,train,data\expanded_v2\tiles\pune\images\pune_00120_rgb.png,data\expanded_v2\tiles\pune\images\pune_00120_rgbn.npy,data\expanded_v2\tiles\pune\masks\pune_00120_mask.png,1152,384,256,10,0.3312225341796875,geographic_aoi_v2
pune_00121,pune,Sentinel-2,S2A_43QCA_20241119_0_L2A,train,data\expanded_v2\tiles\pune\images\pune_00121_rgb.png,data\expanded_v2\tiles\pune\images\pune_00121_rgbn.npy,data\expanded_v2\tiles\pune\masks\pune_00121_mask.png,1152,512,256,10,0.2358245849609375,geographic_aoi_v2
pune_00122,pune,Sentinel-2,S2A_43QCA_20241119_0_L2A,train,data\expanded_v2\tiles\pune\images\pune_00122_rgb.png,data\expanded_v2\tiles\pune\images\pune_00122_rgbn.npy,data\expanded_v2\tiles\pune\masks\pune_00122_mask.png,1152,640,256,10,0.2397918701171875,geographic_aoi_v2
pune_00123,pune,Sentinel-2,S2A_43QCA_20241119_0_L2A,train,data\expanded_v2\tiles\pune\images\pune_00123_rgb.png,data\expanded_v2\tiles\pune\images\pune_00123_rgbn.npy,data\expanded_v2\tiles\pune\masks\pune_00123_mask.png,1152,768,256,10,0.3631744384765625,geographic_aoi_v2
pune_00124,pune,Sentinel-2,S2A_43QCA_20241119_0_L2A,train,data\expanded_v2\tiles\pune\images\pune_00124_rgb.png,data\expanded_v2\tiles\pune\images\pune_00124_rgbn.npy,data\expanded_v2\tiles\pune\masks\pune_00124_mask.png,1152,896,256,10,0.3124542236328125,geographic_aoi_v2
pune_00125,pune,Sentinel-2,S2A_43QCA_20241119_0_L2A,train,data\expanded_v2\tiles\pune\images\pune_00125_rgb.png,data\expanded_v2\tiles\pune\images\pune_00125_rgbn.npy,data\expanded_v2\tiles\pune\masks\pune_00125_mask.png,1152,1024,256,10,0.241241455078125,geographic_aoi_v2
pune_00126,pune,Sentinel-2,S2A_43QCA_20241119_0_L2A,train,data\expanded_v2\tiles\pune\images\pune_00126_rgb.png,data\expanded_v2\tiles\pune\images\pune_00126_rgbn.npy,data\expanded_v2\tiles\pune\masks\pune_00126_mask.png,1152,1152,256,10,0.2906036376953125,geographic_aoi_v2
pune_00127,pune,Sentinel-2,S2A_43QCA_20241119_0_L2A,train,data\expanded_v2\tiles\pune\images\pune_00127_rgb.png,data\expanded_v2\tiles\pune\images\pune_00127_rgbn.npy,data\expanded_v2\tiles\pune\masks\pune_00127_mask.png,1152,1280,256,10,0.243988037109375,geographic_aoi_v2
pune_00128,pune,Sentinel-2,S2A_43QCA_20241119_0_L2A,train,data\expanded_v2\tiles\pune\images\pune_00128_rgb.png,data\expanded_v2\tiles\pune\images\pune_00128_rgbn.npy,data\expanded_v2\tiles\pune\masks\pune_00128_mask.png,1152,1408,256,10,0.166107177734375,geographic_aoi_v2
pune_00129,pune,Sentinel-2,S2A_43QCA_20241119_0_L2A,train,data\expanded_v2\tiles\pune\images\pune_00129_rgb.png,data\expanded_v2\tiles\pune\images\pune_00129_rgbn.npy,data\expanded_v2\tiles\pune\masks\pune_00129_mask.png,1152,1536,256,10,0.243133544921875,geographic_aoi_v2
pune_00130,pune,Sentinel-2,S2A_43QCA_20241119_0_L2A,train,data\expanded_v2\tiles\pune\images\pune_00130_rgb.png,data\expanded_v2\tiles\pune\images\pune_00130_rgbn.npy,data\expanded_v2\tiles\pune\masks\pune_00130_mask.png,1280,0,256,10,0.1775360107421875,geographic_aoi_v2
pune_00131,pune,Sentinel-2,S2A_43QCA_20241119_0_L2A,train,data\expanded_v2\tiles\pune\images\pune_00131_rgb.png,data\expanded_v2\tiles\pune\images\pune_00131_rgbn.npy,data\expanded_v2\tiles\pune\masks\pune_00131_mask.png,1280,128,256,10,0.2324371337890625,geographic_aoi_v2
pune_00132,pune,Sentinel-2,S2A_43QCA_20241119_0_L2A,train,data\expanded_v2\tiles\pune\images\pune_00132_rgb.png,data\expanded_v2\tiles\pune\images\pune_00132_rgbn.npy,data\expanded_v2\tiles\pune\masks\pune_00132_mask.png,1280,256,256,10,0.2628021240234375,geographic_aoi_v2
pune_00133,pune,Sentinel-2,S2A_43QCA_20241119_0_L2A,train,data\expanded_v2\tiles\pune\images\pune_00133_rgb.png,data\expanded_v2\tiles\pune\images\pune_00133_rgbn.npy,data\expanded_v2\tiles\pune\masks\pune_00133_mask.png,1280,384,256,10,0.29901123046875,geographic_aoi_v2
pune_00134,pune,Sentinel-2,S2A_43QCA_20241119_0_L2A,train,data\expanded_v2\tiles\pune\images\pune_00134_rgb.png,data\expanded_v2\tiles\pune\images\pune_00134_rgbn.npy,data\expanded_v2\tiles\pune\masks\pune_00134_mask.png,1280,512,256,10,0.227874755859375,geographic_aoi_v2
pune_00135,pune,Sentinel-2,S2A_43QCA_20241119_0_L2A,train,data\expanded_v2\tiles\pune\images\pune_00135_rgb.png,data\expanded_v2\tiles\pune\images\pune_00135_rgbn.npy,data\expanded_v2\tiles\pune\masks\pune_00135_mask.png,1280,640,256,10,0.26165771484375,geographic_aoi_v2
pune_00136,pune,Sentinel-2,S2A_43QCA_20241119_0_L2A,train,data\expanded_v2\tiles\pune\images\pune_00136_rgb.png,data\expanded_v2\tiles\pune\images\pune_00136_rgbn.npy,data\expanded_v2\tiles\pune\masks\pune_00136_mask.png,1280,768,256,10,0.3984527587890625,geographic_aoi_v2
pune_00137,pune,Sentinel-2,S2A_43QCA_20241119_0_L2A,train,data\expanded_v2\tiles\pune\images\pune_00137_rgb.png,data\expanded_v2\tiles\pune\images\pune_00137_rgbn.npy,data\expanded_v2\tiles\pune\masks\pune_00137_mask.png,1280,896,256,10,0.3573455810546875,geographic_aoi_v2
pune_00138,pune,Sentinel-2,S2A_43QCA_20241119_0_L2A,train,data\expanded_v2\tiles\pune\images\pune_00138_rgb.png,data\expanded_v2\tiles\pune\images\pune_00138_rgbn.npy,data\expanded_v2\tiles\pune\masks\pune_00138_mask.png,1280,1024,256,10,0.3404998779296875,geographic_aoi_v2
pune_00139,pune,Sentinel-2,S2A_43QCA_20241119_0_L2A,train,data\expanded_v2\tiles\pune\images\pune_00139_rgb.png,data\expanded_v2\tiles\pune\images\pune_00139_rgbn.npy,data\expanded_v2\tiles\pune\masks\pune_00139_mask.png,1280,1152,256,10,0.31842041015625,geographic_aoi_v2
pune_00140,pune,Sentinel-2,S2A_43QCA_20241119_0_L2A,train,data\expanded_v2\tiles\pune\images\pune_00140_rgb.png,data\expanded_v2\tiles\pune\images\pune_00140_rgbn.npy,data\expanded_v2\tiles\pune\masks\pune_00140_mask.png,1280,1280,256,10,0.2447509765625,geographic_aoi_v2
pune_00141,pune,Sentinel-2,S2A_43QCA_20241119_0_L2A,train,data\expanded_v2\tiles\pune\images\pune_00141_rgb.png,data\expanded_v2\tiles\pune\images\pune_00141_rgbn.npy,data\expanded_v2\tiles\pune\masks\pune_00141_mask.png,1280,1408,256,10,0.218719482421875,geographic_aoi_v2
pune_00142,pune,Sentinel-2,S2A_43QCA_20241119_0_L2A,train,data\expanded_v2\tiles\pune\images\pune_00142_rgb.png,data\expanded_v2\tiles\pune\images\pune_00142_rgbn.npy,data\expanded_v2\tiles\pune\masks\pune_00142_mask.png,1280,1536,256,10,0.228759765625,geographic_aoi_v2
pune_00143,pune,Sentinel-2,S2A_43QCA_20241119_0_L2A,train,data\expanded_v2\tiles\pune\images\pune_00143_rgb.png,data\expanded_v2\tiles\pune\images\pune_00143_rgbn.npy,data\expanded_v2\tiles\pune\masks\pune_00143_mask.png,1408,0,256,10,0.22125244140625,geographic_aoi_v2
pune_00144,pune,Sentinel-2,S2A_43QCA_20241119_0_L2A,train,data\expanded_v2\tiles\pune\images\pune_00144_rgb.png,data\expanded_v2\tiles\pune\images\pune_00144_rgbn.npy,data\expanded_v2\tiles\pune\masks\pune_00144_mask.png,1408,128,256,10,0.2039947509765625,geographic_aoi_v2
pune_00145,pune,Sentinel-2,S2A_43QCA_20241119_0_L2A,train,data\expanded_v2\tiles\pune\images\pune_00145_rgb.png,data\expanded_v2\tiles\pune\images\pune_00145_rgbn.npy,data\expanded_v2\tiles\pune\masks\pune_00145_mask.png,1408,256,256,10,0.230255126953125,geographic_aoi_v2
pune_00146,pune,Sentinel-2,S2A_43QCA_20241119_0_L2A,train,data\expanded_v2\tiles\pune\images\pune_00146_rgb.png,data\expanded_v2\tiles\pune\images\pune_00146_rgbn.npy,data\expanded_v2\tiles\pune\masks\pune_00146_mask.png,1408,384,256,10,0.322113037109375,geographic_aoi_v2
pune_00147,pune,Sentinel-2,S2A_43QCA_20241119_0_L2A,train,data\expanded_v2\tiles\pune\images\pune_00147_rgb.png,data\expanded_v2\tiles\pune\images\pune_00147_rgbn.npy,data\expanded_v2\tiles\pune\masks\pune_00147_mask.png,1408,512,256,10,0.3139801025390625,geographic_aoi_v2
pune_00148,pune,Sentinel-2,S2A_43QCA_20241119_0_L2A,train,data\expanded_v2\tiles\pune\images\pune_00148_rgb.png,data\expanded_v2\tiles\pune\images\pune_00148_rgbn.npy,data\expanded_v2\tiles\pune\masks\pune_00148_mask.png,1408,640,256,10,0.35614013671875,geographic_aoi_v2
pune_00149,pune,Sentinel-2,S2A_43QCA_20241119_0_L2A,train,data\expanded_v2\tiles\pune\images\pune_00149_rgb.png,data\expanded_v2\tiles\pune\images\pune_00149_rgbn.npy,data\expanded_v2\tiles\pune\masks\pune_00149_mask.png,1408,768,256,10,0.412933349609375,geographic_aoi_v2
pune_00150,pune,Sentinel-2,S2A_43QCA_20241119_0_L2A,train,data\expanded_v2\tiles\pune\images\pune_00150_rgb.png,data\expanded_v2\tiles\pune\images\pune_00150_rgbn.npy,data\expanded_v2\tiles\pune\masks\pune_00150_mask.png,1408,896,256,10,0.4109039306640625,geographic_aoi_v2
pune_00151,pune,Sentinel-2,S2A_43QCA_20241119_0_L2A,train,data\expanded_v2\tiles\pune\images\pune_00151_rgb.png,data\expanded_v2\tiles\pune\images\pune_00151_rgbn.npy,data\expanded_v2\tiles\pune\masks\pune_00151_mask.png,1408,1024,256,10,0.40753173828125,geographic_aoi_v2
pune_00152,pune,Sentinel-2,S2A_43QCA_20241119_0_L2A,train,data\expanded_v2\tiles\pune\images\pune_00152_rgb.png,data\expanded_v2\tiles\pune\images\pune_00152_rgbn.npy,data\expanded_v2\tiles\pune\masks\pune_00152_mask.png,1408,1152,256,10,0.28515625,geographic_aoi_v2
pune_00153,pune,Sentinel-2,S2A_43QCA_20241119_0_L2A,train,data\expanded_v2\tiles\pune\images\pune_00153_rgb.png,data\expanded_v2\tiles\pune\images\pune_00153_rgbn.npy,data\expanded_v2\tiles\pune\masks\pune_00153_mask.png,1408,1280,256,10,0.2145233154296875,geographic_aoi_v2
pune_00154,pune,Sentinel-2,S2A_43QCA_20241119_0_L2A,train,data\expanded_v2\tiles\pune\images\pune_00154_rgb.png,data\expanded_v2\tiles\pune\images\pune_00154_rgbn.npy,data\expanded_v2\tiles\pune\masks\pune_00154_mask.png,1408,1408,256,10,0.245147705078125,geographic_aoi_v2
pune_00155,pune,Sentinel-2,S2A_43QCA_20241119_0_L2A,train,data\expanded_v2\tiles\pune\images\pune_00155_rgb.png,data\expanded_v2\tiles\pune\images\pune_00155_rgbn.npy,data\expanded_v2\tiles\pune\masks\pune_00155_mask.png,1408,1536,256,10,0.2110748291015625,geographic_aoi_v2
chennai_00000,chennai,Sentinel-2,S2B_44PMV_20241026_0_L2A,train,data\expanded_v2\tiles\chennai\images\chennai_00000_rgb.png,data\expanded_v2\tiles\chennai\images\chennai_00000_rgbn.npy,data\expanded_v2\tiles\chennai\masks\chennai_00000_mask.png,0,0,256,10,0.2629852294921875,geographic_aoi_v2
chennai_00001,chennai,Sentinel-2,S2B_44PMV_20241026_0_L2A,train,data\expanded_v2\tiles\chennai\images\chennai_00001_rgb.png,data\expanded_v2\tiles\chennai\images\chennai_00001_rgbn.npy,data\expanded_v2\tiles\chennai\masks\chennai_00001_mask.png,0,128,256,10,0.226654052734375,geographic_aoi_v2
chennai_00002,chennai,Sentinel-2,S2B_44PMV_20241026_0_L2A,train,data\expanded_v2\tiles\chennai\images\chennai_00002_rgb.png,data\expanded_v2\tiles\chennai\images\chennai_00002_rgbn.npy,data\expanded_v2\tiles\chennai\masks\chennai_00002_mask.png,0,256,256,10,0.228240966796875,geographic_aoi_v2
chennai_00003,chennai,Sentinel-2,S2B_44PMV_20241026_0_L2A,train,data\expanded_v2\tiles\chennai\images\chennai_00003_rgb.png,data\expanded_v2\tiles\chennai\images\chennai_00003_rgbn.npy,data\expanded_v2\tiles\chennai\masks\chennai_00003_mask.png,0,384,256,10,0.2969207763671875,geographic_aoi_v2
chennai_00004,chennai,Sentinel-2,S2B_44PMV_20241026_0_L2A,train,data\expanded_v2\tiles\chennai\images\chennai_00004_rgb.png,data\expanded_v2\tiles\chennai\images\chennai_00004_rgbn.npy,data\expanded_v2\tiles\chennai\masks\chennai_00004_mask.png,0,512,256,10,0.3085174560546875,geographic_aoi_v2
chennai_00005,chennai,Sentinel-2,S2B_44PMV_20241026_0_L2A,train,data\expanded_v2\tiles\chennai\images\chennai_00005_rgb.png,data\expanded_v2\tiles\chennai\images\chennai_00005_rgbn.npy,data\expanded_v2\tiles\chennai\masks\chennai_00005_mask.png,0,640,256,10,0.21588134765625,geographic_aoi_v2
chennai_00006,chennai,Sentinel-2,S2B_44PMV_20241026_0_L2A,train,data\expanded_v2\tiles\chennai\images\chennai_00006_rgb.png,data\expanded_v2\tiles\chennai\images\chennai_00006_rgbn.npy,data\expanded_v2\tiles\chennai\masks\chennai_00006_mask.png,0,768,256,10,0.113922119140625,geographic_aoi_v2
chennai_00007,chennai,Sentinel-2,S2B_44PMV_20241026_0_L2A,train,data\expanded_v2\tiles\chennai\images\chennai_00007_rgb.png,data\expanded_v2\tiles\chennai\images\chennai_00007_rgbn.npy,data\expanded_v2\tiles\chennai\masks\chennai_00007_mask.png,0,896,256,10,0.1347198486328125,geographic_aoi_v2
chennai_00008,chennai,Sentinel-2,S2B_44PMV_20241026_0_L2A,train,data\expanded_v2\tiles\chennai\images\chennai_00008_rgb.png,data\expanded_v2\tiles\chennai\images\chennai_00008_rgbn.npy,data\expanded_v2\tiles\chennai\masks\chennai_00008_mask.png,0,1024,256,10,0.2064208984375,geographic_aoi_v2
chennai_00009,chennai,Sentinel-2,S2B_44PMV_20241026_0_L2A,train,data\expanded_v2\tiles\chennai\images\chennai_00009_rgb.png,data\expanded_v2\tiles\chennai\images\chennai_00009_rgbn.npy,data\expanded_v2\tiles\chennai\masks\chennai_00009_mask.png,0,1152,256,10,0.1407470703125,geographic_aoi_v2
chennai_00010,chennai,Sentinel-2,S2B_44PMV_20241026_0_L2A,train,data\expanded_v2\tiles\chennai\images\chennai_00010_rgb.png,data\expanded_v2\tiles\chennai\images\chennai_00010_rgbn.npy,data\expanded_v2\tiles\chennai\masks\chennai_00010_mask.png,0,1280,256,10,0.0070953369140625,geographic_aoi_v2
chennai_00011,chennai,Sentinel-2,S2B_44PMV_20241026_0_L2A,train,data\expanded_v2\tiles\chennai\images\chennai_00011_rgb.png,data\expanded_v2\tiles\chennai\images\chennai_00011_rgbn.npy,data\expanded_v2\tiles\chennai\masks\chennai_00011_mask.png,0,1408,256,10,0.0,geographic_aoi_v2
chennai_00012,chennai,Sentinel-2,S2B_44PMV_20241026_0_L2A,train,data\expanded_v2\tiles\chennai\images\chennai_00012_rgb.png,data\expanded_v2\tiles\chennai\images\chennai_00012_rgbn.npy,data\expanded_v2\tiles\chennai\masks\chennai_00012_mask.png,128,0,256,10,0.33929443359375,geographic_aoi_v2
chennai_00013,chennai,Sentinel-2,S2B_44PMV_20241026_0_L2A,train,data\expanded_v2\tiles\chennai\images\chennai_00013_rgb.png,data\expanded_v2\tiles\chennai\images\chennai_00013_rgbn.npy,data\expanded_v2\tiles\chennai\masks\chennai_00013_mask.png,128,128,256,10,0.33062744140625,geographic_aoi_v2
chennai_00014,chennai,Sentinel-2,S2B_44PMV_20241026_0_L2A,train,data\expanded_v2\tiles\chennai\images\chennai_00014_rgb.png,data\expanded_v2\tiles\chennai\images\chennai_00014_rgbn.npy,data\expanded_v2\tiles\chennai\masks\chennai_00014_mask.png,128,256,256,10,0.318206787109375,geographic_aoi_v2
chennai_00015,chennai,Sentinel-2,S2B_44PMV_20241026_0_L2A,train,data\expanded_v2\tiles\chennai\images\chennai_00015_rgb.png,data\expanded_v2\tiles\chennai\images\chennai_00015_rgbn.npy,data\expanded_v2\tiles\chennai\masks\chennai_00015_mask.png,128,384,256,10,0.336151123046875,geographic_aoi_v2
chennai_00016,chennai,Sentinel-2,S2B_44PMV_20241026_0_L2A,train,data\expanded_v2\tiles\chennai\images\chennai_00016_rgb.png,data\expanded_v2\tiles\chennai\images\chennai_00016_rgbn.npy,data\expanded_v2\tiles\chennai\masks\chennai_00016_mask.png,128,512,256,10,0.36285400390625,geographic_aoi_v2
chennai_00017,chennai,Sentinel-2,S2B_44PMV_20241026_0_L2A,train,data\expanded_v2\tiles\chennai\images\chennai_00017_rgb.png,data\expanded_v2\tiles\chennai\images\chennai_00017_rgbn.npy,data\expanded_v2\tiles\chennai\masks\chennai_00017_mask.png,128,640,256,10,0.260284423828125,geographic_aoi_v2
chennai_00018,chennai,Sentinel-2,S2B_44PMV_20241026_0_L2A,train,data\expanded_v2\tiles\chennai\images\chennai_00018_rgb.png,data\expanded_v2\tiles\chennai\images\chennai_00018_rgbn.npy,data\expanded_v2\tiles\chennai\masks\chennai_00018_mask.png,128,768,256,10,0.1631011962890625,geographic_aoi_v2
chennai_00019,chennai,Sentinel-2,S2B_44PMV_20241026_0_L2A,train,data\expanded_v2\tiles\chennai\images\chennai_00019_rgb.png,data\expanded_v2\tiles\chennai\images\chennai_00019_rgbn.npy,data\expanded_v2\tiles\chennai\masks\chennai_00019_mask.png,128,896,256,10,0.214202880859375,geographic_aoi_v2
chennai_00020,chennai,Sentinel-2,S2B_44PMV_20241026_0_L2A,train,data\expanded_v2\tiles\chennai\images\chennai_00020_rgb.png,data\expanded_v2\tiles\chennai\images\chennai_00020_rgbn.npy,data\expanded_v2\tiles\chennai\masks\chennai_00020_mask.png,128,1024,256,10,0.20574951171875,geographic_aoi_v2
chennai_00021,chennai,Sentinel-2,S2B_44PMV_20241026_0_L2A,train,data\expanded_v2\tiles\chennai\images\chennai_00021_rgb.png,data\expanded_v2\tiles\chennai\images\chennai_00021_rgbn.npy,data\expanded_v2\tiles\chennai\masks\chennai_00021_mask.png,128,1152,256,10,0.086273193359375,geographic_aoi_v2
chennai_00022,chennai,Sentinel-2,S2B_44PMV_20241026_0_L2A,train,data\expanded_v2\tiles\chennai\images\chennai_00022_rgb.png,data\expanded_v2\tiles\chennai\images\chennai_00022_rgbn.npy,data\expanded_v2\tiles\chennai\masks\chennai_00022_mask.png,128,1280,256,10,0.0,geographic_aoi_v2
chennai_00023,chennai,Sentinel-2,S2B_44PMV_20241026_0_L2A,train,data\expanded_v2\tiles\chennai\images\chennai_00023_rgb.png,data\expanded_v2\tiles\chennai\images\chennai_00023_rgbn.npy,data\expanded_v2\tiles\chennai\masks\chennai_00023_mask.png,128,1408,256,10,0.0,geographic_aoi_v2
chennai_00024,chennai,Sentinel-2,S2B_44PMV_20241026_0_L2A,train,data\expanded_v2\tiles\chennai\images\chennai_00024_rgb.png,data\expanded_v2\tiles\chennai\images\chennai_00024_rgbn.npy,data\expanded_v2\tiles\chennai\masks\chennai_00024_mask.png,256,0,256,10,0.3885040283203125,geographic_aoi_v2
chennai_00025,chennai,Sentinel-2,S2B_44PMV_20241026_0_L2A,train,data\expanded_v2\tiles\chennai\images\chennai_00025_rgb.png,data\expanded_v2\tiles\chennai\images\chennai_00025_rgbn.npy,data\expanded_v2\tiles\chennai\masks\chennai_00025_mask.png,256,128,256,10,0.4433746337890625,geographic_aoi_v2
chennai_00026,chennai,Sentinel-2,S2B_44PMV_20241026_0_L2A,train,data\expanded_v2\tiles\chennai\images\chennai_00026_rgb.png,data\expanded_v2\tiles\chennai\images\chennai_00026_rgbn.npy,data\expanded_v2\tiles\chennai\masks\chennai_00026_mask.png,256,256,256,10,0.4214324951171875,geographic_aoi_v2
chennai_00027,chennai,Sentinel-2,S2B_44PMV_20241026_0_L2A,train,data\expanded_v2\tiles\chennai\images\chennai_00027_rgb.png,data\expanded_v2\tiles\chennai\images\chennai_00027_rgbn.npy,data\expanded_v2\tiles\chennai\masks\chennai_00027_mask.png,256,384,256,10,0.3648223876953125,geographic_aoi_v2
chennai_00028,chennai,Sentinel-2,S2B_44PMV_20241026_0_L2A,train,data\expanded_v2\tiles\chennai\images\chennai_00028_rgb.png,data\expanded_v2\tiles\chennai\images\chennai_00028_rgbn.npy,data\expanded_v2\tiles\chennai\masks\chennai_00028_mask.png,256,512,256,10,0.38690185546875,geographic_aoi_v2
chennai_00029,chennai,Sentinel-2,S2B_44PMV_20241026_0_L2A,train,data\expanded_v2\tiles\chennai\images\chennai_00029_rgb.png,data\expanded_v2\tiles\chennai\images\chennai_00029_rgbn.npy,data\expanded_v2\tiles\chennai\masks\chennai_00029_mask.png,256,640,256,10,0.3768463134765625,geographic_aoi_v2
chennai_00030,chennai,Sentinel-2,S2B_44PMV_20241026_0_L2A,train,data\expanded_v2\tiles\chennai\images\chennai_00030_rgb.png,data\expanded_v2\tiles\chennai\images\chennai_00030_rgbn.npy,data\expanded_v2\tiles\chennai\masks\chennai_00030_mask.png,256,768,256,10,0.3135986328125,geographic_aoi_v2
chennai_00031,chennai,Sentinel-2,S2B_44PMV_20241026_0_L2A,train,data\expanded_v2\tiles\chennai\images\chennai_00031_rgb.png,data\expanded_v2\tiles\chennai\images\chennai_00031_rgbn.npy,data\expanded_v2\tiles\chennai\masks\chennai_00031_mask.png,256,896,256,10,0.32098388671875,geographic_aoi_v2
chennai_00032,chennai,Sentinel-2,S2B_44PMV_20241026_0_L2A,train,data\expanded_v2\tiles\chennai\images\chennai_00032_rgb.png,data\expanded_v2\tiles\chennai\images\chennai_00032_rgbn.npy,data\expanded_v2\tiles\chennai\masks\chennai_00032_mask.png,256,1024,256,10,0.2293853759765625,geographic_aoi_v2
chennai_00033,chennai,Sentinel-2,S2B_44PMV_20241026_0_L2A,train,data\expanded_v2\tiles\chennai\images\chennai_00033_rgb.png,data\expanded_v2\tiles\chennai\images\chennai_00033_rgbn.npy,data\expanded_v2\tiles\chennai\masks\chennai_00033_mask.png,256,1152,256,10,0.0669097900390625,geographic_aoi_v2
chennai_00034,chennai,Sentinel-2,S2B_44PMV_20241026_0_L2A,train,data\expanded_v2\tiles\chennai\images\chennai_00034_rgb.png,data\expanded_v2\tiles\chennai\images\chennai_00034_rgbn.npy,data\expanded_v2\tiles\chennai\masks\chennai_00034_mask.png,256,1280,256,10,0.0,geographic_aoi_v2
chennai_00035,chennai,Sentinel-2,S2B_44PMV_20241026_0_L2A,train,data\expanded_v2\tiles\chennai\images\chennai_00035_rgb.png,data\expanded_v2\tiles\chennai\images\chennai_00035_rgbn.npy,data\expanded_v2\tiles\chennai\masks\chennai_00035_mask.png,256,1408,256,10,0.0,geographic_aoi_v2
chennai_00036,chennai,Sentinel-2,S2B_44PMV_20241026_0_L2A,train,data\expanded_v2\tiles\chennai\images\chennai_00036_rgb.png,data\expanded_v2\tiles\chennai\images\chennai_00036_rgbn.npy,data\expanded_v2\tiles\chennai\masks\chennai_00036_mask.png,384,0,256,10,0.3585357666015625,geographic_aoi_v2
chennai_00037,chennai,Sentinel-2,S2B_44PMV_20241026_0_L2A,train,data\expanded_v2\tiles\chennai\images\chennai_00037_rgb.png,data\expanded_v2\tiles\chennai\images\chennai_00037_rgbn.npy,data\expanded_v2\tiles\chennai\masks\chennai_00037_mask.png,384,128,256,10,0.4084625244140625,geographic_aoi_v2
chennai_00038,chennai,Sentinel-2,S2B_44PMV_20241026_0_L2A,train,data\expanded_v2\tiles\chennai\images\chennai_00038_rgb.png,data\expanded_v2\tiles\chennai\images\chennai_00038_rgbn.npy,data\expanded_v2\tiles\chennai\masks\chennai_00038_mask.png,384,256,256,10,0.36578369140625,geographic_aoi_v2
chennai_00039,chennai,Sentinel-2,S2B_44PMV_20241026_0_L2A,train,data\expanded_v2\tiles\chennai\images\chennai_00039_rgb.png,data\expanded_v2\tiles\chennai\images\chennai_00039_rgbn.npy,data\expanded_v2\tiles\chennai\masks\chennai_00039_mask.png,384,384,256,10,0.34039306640625,geographic_aoi_v2
chennai_00040,chennai,Sentinel-2,S2B_44PMV_20241026_0_L2A,train,data\expanded_v2\tiles\chennai\images\chennai_00040_rgb.png,data\expanded_v2\tiles\chennai\images\chennai_00040_rgbn.npy,data\expanded_v2\tiles\chennai\masks\chennai_00040_mask.png,384,512,256,10,0.3693084716796875,geographic_aoi_v2
chennai_00041,chennai,Sentinel-2,S2B_44PMV_20241026_0_L2A,train,data\expanded_v2\tiles\chennai\images\chennai_00041_rgb.png,data\expanded_v2\tiles\chennai\images\chennai_00041_rgbn.npy,data\expanded_v2\tiles\chennai\masks\chennai_00041_mask.png,384,640,256,10,0.3949737548828125,geographic_aoi_v2
chennai_00042,chennai,Sentinel-2,S2B_44PMV_20241026_0_L2A,train,data\expanded_v2\tiles\chennai\images\chennai_00042_rgb.png,data\expanded_v2\tiles\chennai\images\chennai_00042_rgbn.npy,data\expanded_v2\tiles\chennai\masks\chennai_00042_mask.png,384,768,256,10,0.3698577880859375,geographic_aoi_v2
chennai_00043,chennai,Sentinel-2,S2B_44PMV_20241026_0_L2A,train,data\expanded_v2\tiles\chennai\images\chennai_00043_rgb.png,data\expanded_v2\tiles\chennai\images\chennai_00043_rgbn.npy,data\expanded_v2\tiles\chennai\masks\chennai_00043_mask.png,384,896,256,10,0.357086181640625,geographic_aoi_v2
chennai_00044,chennai,Sentinel-2,S2B_44PMV_20241026_0_L2A,train,data\expanded_v2\tiles\chennai\images\chennai_00044_rgb.png,data\expanded_v2\tiles\chennai\images\chennai_00044_rgbn.npy,data\expanded_v2\tiles\chennai\masks\chennai_00044_mask.png,384,1024,256,10,0.2474212646484375,geographic_aoi_v2
chennai_00045,chennai,Sentinel-2,S2B_44PMV_20241026_0_L2A,train,data\expanded_v2\tiles\chennai\images\chennai_00045_rgb.png,data\expanded_v2\tiles\chennai\images\chennai_00045_rgbn.npy,data\expanded_v2\tiles\chennai\masks\chennai_00045_mask.png,384,1152,256,10,0.0688629150390625,geographic_aoi_v2
chennai_00046,chennai,Sentinel-2,S2B_44PMV_20241026_0_L2A,train,data\expanded_v2\tiles\chennai\images\chennai_00046_rgb.png,data\expanded_v2\tiles\chennai\images\chennai_00046_rgbn.npy,data\expanded_v2\tiles\chennai\masks\chennai_00046_mask.png,384,1280,256,10,0.0,geographic_aoi_v2
chennai_00047,chennai,Sentinel-2,S2B_44PMV_20241026_0_L2A,train,data\expanded_v2\tiles\chennai\images\chennai_00047_rgb.png,data\expanded_v2\tiles\chennai\images\chennai_00047_rgbn.npy,data\expanded_v2\tiles\chennai\masks\chennai_00047_mask.png,384,1408,256,10,0.0,geographic_aoi_v2
chennai_00048,chennai,Sentinel-2,S2B_44PMV_20241026_0_L2A,train,data\expanded_v2\tiles\chennai\images\chennai_00048_rgb.png,data\expanded_v2\tiles\chennai\images\chennai_00048_rgbn.npy,data\expanded_v2\tiles\chennai\masks\chennai_00048_mask.png,512,0,256,10,0.3361053466796875,geographic_aoi_v2
chennai_00049,chennai,Sentinel-2,S2B_44PMV_20241026_0_L2A,train,data\expanded_v2\tiles\chennai\images\chennai_00049_rgb.png,data\expanded_v2\tiles\chennai\images\chennai_00049_rgbn.npy,data\expanded_v2\tiles\chennai\masks\chennai_00049_mask.png,512,128,256,10,0.3370361328125,geographic_aoi_v2
chennai_00050,chennai,Sentinel-2,S2B_44PMV_20241026_0_L2A,train,data\expanded_v2\tiles\chennai\images\chennai_00050_rgb.png,data\expanded_v2\tiles\chennai\images\chennai_00050_rgbn.npy,data\expanded_v2\tiles\chennai\masks\chennai_00050_mask.png,512,256,256,10,0.3091278076171875,geographic_aoi_v2
chennai_00051,chennai,Sentinel-2,S2B_44PMV_20241026_0_L2A,train,data\expanded_v2\tiles\chennai\images\chennai_00051_rgb.png,data\expanded_v2\tiles\chennai\images\chennai_00051_rgbn.npy,data\expanded_v2\tiles\chennai\masks\chennai_00051_mask.png,512,384,256,10,0.3256378173828125,geographic_aoi_v2
chennai_00052,chennai,Sentinel-2,S2B_44PMV_20241026_0_L2A,train,data\expanded_v2\tiles\chennai\images\chennai_00052_rgb.png,data\expanded_v2\tiles\chennai\images\chennai_00052_rgbn.npy,data\expanded_v2\tiles\chennai\masks\chennai_00052_mask.png,512,512,256,10,0.3481292724609375,geographic_aoi_v2
chennai_00053,chennai,Sentinel-2,S2B_44PMV_20241026_0_L2A,train,data\expanded_v2\tiles\chennai\images\chennai_00053_rgb.png,data\expanded_v2\tiles\chennai\images\chennai_00053_rgbn.npy,data\expanded_v2\tiles\chennai\masks\chennai_00053_mask.png,512,640,256,10,0.3619384765625,geographic_aoi_v2
chennai_00054,chennai,Sentinel-2,S2B_44PMV_20241026_0_L2A,train,data\expanded_v2\tiles\chennai\images\chennai_00054_rgb.png,data\expanded_v2\tiles\chennai\images\chennai_00054_rgbn.npy,data\expanded_v2\tiles\chennai\masks\chennai_00054_mask.png,512,768,256,10,0.365570068359375,geographic_aoi_v2
chennai_00055,chennai,Sentinel-2,S2B_44PMV_20241026_0_L2A,train,data\expanded_v2\tiles\chennai\images\chennai_00055_rgb.png,data\expanded_v2\tiles\chennai\images\chennai_00055_rgbn.npy,data\expanded_v2\tiles\chennai\masks\chennai_00055_mask.png,512,896,256,10,0.37127685546875,geographic_aoi_v2
chennai_00056,chennai,Sentinel-2,S2B_44PMV_20241026_0_L2A,train,data\expanded_v2\tiles\chennai\images\chennai_00056_rgb.png,data\expanded_v2\tiles\chennai\images\chennai_00056_rgbn.npy,data\expanded_v2\tiles\chennai\masks\chennai_00056_mask.png,512,1024,256,10,0.241180419921875,geographic_aoi_v2
chennai_00057,chennai,Sentinel-2,S2B_44PMV_20241026_0_L2A,train,data\expanded_v2\tiles\chennai\images\chennai_00057_rgb.png,data\expanded_v2\tiles\chennai\images\chennai_00057_rgbn.npy,data\expanded_v2\tiles\chennai\masks\chennai_00057_mask.png,512,1152,256,10,0.050262451171875,geographic_aoi_v2
chennai_00058,chennai,Sentinel-2,S2B_44PMV_20241026_0_L2A,train,data\expanded_v2\tiles\chennai\images\chennai_00058_rgb.png,data\expanded_v2\tiles\chennai\images\chennai_00058_rgbn.npy,data\expanded_v2\tiles\chennai\masks\chennai_00058_mask.png,512,1280,256,10,0.0002593994140625,geographic_aoi_v2
chennai_00059,chennai,Sentinel-2,S2B_44PMV_20241026_0_L2A,train,data\expanded_v2\tiles\chennai\images\chennai_00059_rgb.png,data\expanded_v2\tiles\chennai\images\chennai_00059_rgbn.npy,data\expanded_v2\tiles\chennai\masks\chennai_00059_mask.png,512,1408,256,10,0.0,geographic_aoi_v2
chennai_00060,chennai,Sentinel-2,S2B_44PMV_20241026_0_L2A,train,data\expanded_v2\tiles\chennai\images\chennai_00060_rgb.png,data\expanded_v2\tiles\chennai\images\chennai_00060_rgbn.npy,data\expanded_v2\tiles\chennai\masks\chennai_00060_mask.png,640,0,256,10,0.3782501220703125,geographic_aoi_v2
chennai_00061,chennai,Sentinel-2,S2B_44PMV_20241026_0_L2A,train,data\expanded_v2\tiles\chennai\images\chennai_00061_rgb.png,data\expanded_v2\tiles\chennai\images\chennai_00061_rgbn.npy,data\expanded_v2\tiles\chennai\masks\chennai_00061_mask.png,640,128,256,10,0.3286895751953125,geographic_aoi_v2
chennai_00062,chennai,Sentinel-2,S2B_44PMV_20241026_0_L2A,train,data\expanded_v2\tiles\chennai\images\chennai_00062_rgb.png,data\expanded_v2\tiles\chennai\images\chennai_00062_rgbn.npy,data\expanded_v2\tiles\chennai\masks\chennai_00062_mask.png,640,256,256,10,0.3330535888671875,geographic_aoi_v2
chennai_00063,chennai,Sentinel-2,S2B_44PMV_20241026_0_L2A,train,data\expanded_v2\tiles\chennai\images\chennai_00063_rgb.png,data\expanded_v2\tiles\chennai\images\chennai_00063_rgbn.npy,data\expanded_v2\tiles\chennai\masks\chennai_00063_mask.png,640,384,256,10,0.3254547119140625,geographic_aoi_v2
chennai_00064,chennai,Sentinel-2,S2B_44PMV_20241026_0_L2A,train,data\expanded_v2\tiles\chennai\images\chennai_00064_rgb.png,data\expanded_v2\tiles\chennai\images\chennai_00064_rgbn.npy,data\expanded_v2\tiles\chennai\masks\chennai_00064_mask.png,640,512,256,10,0.3227996826171875,geographic_aoi_v2
chennai_00065,chennai,Sentinel-2,S2B_44PMV_20241026_0_L2A,train,data\expanded_v2\tiles\chennai\images\chennai_00065_rgb.png,data\expanded_v2\tiles\chennai\images\chennai_00065_rgbn.npy,data\expanded_v2\tiles\chennai\masks\chennai_00065_mask.png,640,640,256,10,0.3460235595703125,geographic_aoi_v2
chennai_00066,chennai,Sentinel-2,S2B_44PMV_20241026_0_L2A,train,data\expanded_v2\tiles\chennai\images\chennai_00066_rgb.png,data\expanded_v2\tiles\chennai\images\chennai_00066_rgbn.npy,data\expanded_v2\tiles\chennai\masks\chennai_00066_mask.png,640,768,256,10,0.3428192138671875,geographic_aoi_v2
chennai_00067,chennai,Sentinel-2,S2B_44PMV_20241026_0_L2A,train,data\expanded_v2\tiles\chennai\images\chennai_00067_rgb.png,data\expanded_v2\tiles\chennai\images\chennai_00067_rgbn.npy,data\expanded_v2\tiles\chennai\masks\chennai_00067_mask.png,640,896,256,10,0.3338775634765625,geographic_aoi_v2
chennai_00068,chennai,Sentinel-2,S2B_44PMV_20241026_0_L2A,train,data\expanded_v2\tiles\chennai\images\chennai_00068_rgb.png,data\expanded_v2\tiles\chennai\images\chennai_00068_rgbn.npy,data\expanded_v2\tiles\chennai\masks\chennai_00068_mask.png,640,1024,256,10,0.194244384765625,geographic_aoi_v2
chennai_00069,chennai,Sentinel-2,S2B_44PMV_20241026_0_L2A,train,data\expanded_v2\tiles\chennai\images\chennai_00069_rgb.png,data\expanded_v2\tiles\chennai\images\chennai_00069_rgbn.npy,data\expanded_v2\tiles\chennai\masks\chennai_00069_mask.png,640,1152,256,10,0.0256805419921875,geographic_aoi_v2
chennai_00070,chennai,Sentinel-2,S2B_44PMV_20241026_0_L2A,train,data\expanded_v2\tiles\chennai\images\chennai_00070_rgb.png,data\expanded_v2\tiles\chennai\images\chennai_00070_rgbn.npy,data\expanded_v2\tiles\chennai\masks\chennai_00070_mask.png,640,1280,256,10,0.0002593994140625,geographic_aoi_v2
chennai_00071,chennai,Sentinel-2,S2B_44PMV_20241026_0_L2A,train,data\expanded_v2\tiles\chennai\images\chennai_00071_rgb.png,data\expanded_v2\tiles\chennai\images\chennai_00071_rgbn.npy,data\expanded_v2\tiles\chennai\masks\chennai_00071_mask.png,640,1408,256,10,0.0,geographic_aoi_v2
chennai_00072,chennai,Sentinel-2,S2B_44PMV_20241026_0_L2A,train,data\expanded_v2\tiles\chennai\images\chennai_00072_rgb.png,data\expanded_v2\tiles\chennai\images\chennai_00072_rgbn.npy,data\expanded_v2\tiles\chennai\masks\chennai_00072_mask.png,768,0,256,10,0.3653564453125,geographic_aoi_v2
chennai_00073,chennai,Sentinel-2,S2B_44PMV_20241026_0_L2A,train,data\expanded_v2\tiles\chennai\images\chennai_00073_rgb.png,data\expanded_v2\tiles\chennai\images\chennai_00073_rgbn.npy,data\expanded_v2\tiles\chennai\masks\chennai_00073_mask.png,768,128,256,10,0.34844970703125,geographic_aoi_v2
chennai_00074,chennai,Sentinel-2,S2B_44PMV_20241026_0_L2A,train,data\expanded_v2\tiles\chennai\images\chennai_00074_rgb.png,data\expanded_v2\tiles\chennai\images\chennai_00074_rgbn.npy,data\expanded_v2\tiles\chennai\masks\chennai_00074_mask.png,768,256,256,10,0.3457183837890625,geographic_aoi_v2
chennai_00075,chennai,Sentinel-2,S2B_44PMV_20241026_0_L2A,train,data\expanded_v2\tiles\chennai\images\chennai_00075_rgb.png,data\expanded_v2\tiles\chennai\images\chennai_00075_rgbn.npy,data\expanded_v2\tiles\chennai\masks\chennai_00075_mask.png,768,384,256,10,0.3204803466796875,geographic_aoi_v2
chennai_00076,chennai,Sentinel-2,S2B_44PMV_20241026_0_L2A,train,data\expanded_v2\tiles\chennai\images\chennai_00076_rgb.png,data\expanded_v2\tiles\chennai\images\chennai_00076_rgbn.npy,data\expanded_v2\tiles\chennai\masks\chennai_00076_mask.png,768,512,256,10,0.3147735595703125,geographic_aoi_v2
chennai_00077,chennai,Sentinel-2,S2B_44PMV_20241026_0_L2A,train,data\expanded_v2\tiles\chennai\images\chennai_00077_rgb.png,data\expanded_v2\tiles\chennai\images\chennai_00077_rgbn.npy,data\expanded_v2\tiles\chennai\masks\chennai_00077_mask.png,768,640,256,10,0.3346710205078125,geographic_aoi_v2
chennai_00078,chennai,Sentinel-2,S2B_44PMV_20241026_0_L2A,train,data\expanded_v2\tiles\chennai\images\chennai_00078_rgb.png,data\expanded_v2\tiles\chennai\images\chennai_00078_rgbn.npy,data\expanded_v2\tiles\chennai\masks\chennai_00078_mask.png,768,768,256,10,0.310882568359375,geographic_aoi_v2
chennai_00079,chennai,Sentinel-2,S2B_44PMV_20241026_0_L2A,train,data\expanded_v2\tiles\chennai\images\chennai_00079_rgb.png,data\expanded_v2\tiles\chennai\images\chennai_00079_rgbn.npy,data\expanded_v2\tiles\chennai\masks\chennai_00079_mask.png,768,896,256,10,0.2500152587890625,geographic_aoi_v2
chennai_00080,chennai,Sentinel-2,S2B_44PMV_20241026_0_L2A,train,data\expanded_v2\tiles\chennai\images\chennai_00080_rgb.png,data\expanded_v2\tiles\chennai\images\chennai_00080_rgbn.npy,data\expanded_v2\tiles\chennai\masks\chennai_00080_mask.png,768,1024,256,10,0.11920166015625,geographic_aoi_v2
chennai_00081,chennai,Sentinel-2,S2B_44PMV_20241026_0_L2A,train,data\expanded_v2\tiles\chennai\images\chennai_00081_rgb.png,data\expanded_v2\tiles\chennai\images\chennai_00081_rgbn.npy,data\expanded_v2\tiles\chennai\masks\chennai_00081_mask.png,768,1152,256,10,0.0097198486328125,geographic_aoi_v2
chennai_00082,chennai,Sentinel-2,S2B_44PMV_20241026_0_L2A,train,data\expanded_v2\tiles\chennai\images\chennai_00082_rgb.png,data\expanded_v2\tiles\chennai\images\chennai_00082_rgbn.npy,data\expanded_v2\tiles\chennai\masks\chennai_00082_mask.png,768,1280,256,10,0.0,geographic_aoi_v2
chennai_00083,chennai,Sentinel-2,S2B_44PMV_20241026_0_L2A,train,data\expanded_v2\tiles\chennai\images\chennai_00083_rgb.png,data\expanded_v2\tiles\chennai\images\chennai_00083_rgbn.npy,data\expanded_v2\tiles\chennai\masks\chennai_00083_mask.png,768,1408,256,10,0.0,geographic_aoi_v2
chennai_00084,chennai,Sentinel-2,S2B_44PMV_20241026_0_L2A,train,data\expanded_v2\tiles\chennai\images\chennai_00084_rgb.png,data\expanded_v2\tiles\chennai\images\chennai_00084_rgbn.npy,data\expanded_v2\tiles\chennai\masks\chennai_00084_mask.png,896,0,256,10,0.3362884521484375,geographic_aoi_v2
chennai_00085,chennai,Sentinel-2,S2B_44PMV_20241026_0_L2A,train,data\expanded_v2\tiles\chennai\images\chennai_00085_rgb.png,data\expanded_v2\tiles\chennai\images\chennai_00085_rgbn.npy,data\expanded_v2\tiles\chennai\masks\chennai_00085_mask.png,896,128,256,10,0.3671722412109375,geographic_aoi_v2
chennai_00086,chennai,Sentinel-2,S2B_44PMV_20241026_0_L2A,train,data\expanded_v2\tiles\chennai\images\chennai_00086_rgb.png,data\expanded_v2\tiles\chennai\images\chennai_00086_rgbn.npy,data\expanded_v2\tiles\chennai\masks\chennai_00086_mask.png,896,256,256,10,0.35894775390625,geographic_aoi_v2
chennai_00087,chennai,Sentinel-2,S2B_44PMV_20241026_0_L2A,train,data\expanded_v2\tiles\chennai\images\chennai_00087_rgb.png,data\expanded_v2\tiles\chennai\images\chennai_00087_rgbn.npy,data\expanded_v2\tiles\chennai\masks\chennai_00087_mask.png,896,384,256,10,0.3287506103515625,geographic_aoi_v2
chennai_00088,chennai,Sentinel-2,S2B_44PMV_20241026_0_L2A,train,data\expanded_v2\tiles\chennai\images\chennai_00088_rgb.png,data\expanded_v2\tiles\chennai\images\chennai_00088_rgbn.npy,data\expanded_v2\tiles\chennai\masks\chennai_00088_mask.png,896,512,256,10,0.3154296875,geographic_aoi_v2
chennai_00089,chennai,Sentinel-2,S2B_44PMV_20241026_0_L2A,train,data\expanded_v2\tiles\chennai\images\chennai_00089_rgb.png,data\expanded_v2\tiles\chennai\images\chennai_00089_rgbn.npy,data\expanded_v2\tiles\chennai\masks\chennai_00089_mask.png,896,640,256,10,0.334808349609375,geographic_aoi_v2
chennai_00090,chennai,Sentinel-2,S2B_44PMV_20241026_0_L2A,train,data\expanded_v2\tiles\chennai\images\chennai_00090_rgb.png,data\expanded_v2\tiles\chennai\images\chennai_00090_rgbn.npy,data\expanded_v2\tiles\chennai\masks\chennai_00090_mask.png,896,768,256,10,0.3257904052734375,geographic_aoi_v2
chennai_00091,chennai,Sentinel-2,S2B_44PMV_20241026_0_L2A,train,data\expanded_v2\tiles\chennai\images\chennai_00091_rgb.png,data\expanded_v2\tiles\chennai\images\chennai_00091_rgbn.npy,data\expanded_v2\tiles\chennai\masks\chennai_00091_mask.png,896,896,256,10,0.197845458984375,geographic_aoi_v2
chennai_00092,chennai,Sentinel-2,S2B_44PMV_20241026_0_L2A,train,data\expanded_v2\tiles\chennai\images\chennai_00092_rgb.png,data\expanded_v2\tiles\chennai\images\chennai_00092_rgbn.npy,data\expanded_v2\tiles\chennai\masks\chennai_00092_mask.png,896,1024,256,10,0.0540008544921875,geographic_aoi_v2
chennai_00093,chennai,Sentinel-2,S2B_44PMV_20241026_0_L2A,train,data\expanded_v2\tiles\chennai\images\chennai_00093_rgb.png,data\expanded_v2\tiles\chennai\images\chennai_00093_rgbn.npy,data\expanded_v2\tiles\chennai\masks\chennai_00093_mask.png,896,1152,256,10,0.0004425048828125,geographic_aoi_v2
chennai_00094,chennai,Sentinel-2,S2B_44PMV_20241026_0_L2A,train,data\expanded_v2\tiles\chennai\images\chennai_00094_rgb.png,data\expanded_v2\tiles\chennai\images\chennai_00094_rgbn.npy,data\expanded_v2\tiles\chennai\masks\chennai_00094_mask.png,896,1280,256,10,0.0,geographic_aoi_v2
chennai_00095,chennai,Sentinel-2,S2B_44PMV_20241026_0_L2A,train,data\expanded_v2\tiles\chennai\images\chennai_00095_rgb.png,data\expanded_v2\tiles\chennai\images\chennai_00095_rgbn.npy,data\expanded_v2\tiles\chennai\masks\chennai_00095_mask.png,896,1408,256,10,0.0,geographic_aoi_v2
chennai_00096,chennai,Sentinel-2,S2B_44PMV_20241026_0_L2A,train,data\expanded_v2\tiles\chennai\images\chennai_00096_rgb.png,data\expanded_v2\tiles\chennai\images\chennai_00096_rgbn.npy,data\expanded_v2\tiles\chennai\masks\chennai_00096_mask.png,1024,0,256,10,0.373931884765625,geographic_aoi_v2
chennai_00097,chennai,Sentinel-2,S2B_44PMV_20241026_0_L2A,train,data\expanded_v2\tiles\chennai\images\chennai_00097_rgb.png,data\expanded_v2\tiles\chennai\images\chennai_00097_rgbn.npy,data\expanded_v2\tiles\chennai\masks\chennai_00097_mask.png,1024,128,256,10,0.3909912109375,geographic_aoi_v2
chennai_00098,chennai,Sentinel-2,S2B_44PMV_20241026_0_L2A,train,data\expanded_v2\tiles\chennai\images\chennai_00098_rgb.png,data\expanded_v2\tiles\chennai\images\chennai_00098_rgbn.npy,data\expanded_v2\tiles\chennai\masks\chennai_00098_mask.png,1024,256,256,10,0.3753662109375,geographic_aoi_v2
chennai_00099,chennai,Sentinel-2,S2B_44PMV_20241026_0_L2A,train,data\expanded_v2\tiles\chennai\images\chennai_00099_rgb.png,data\expanded_v2\tiles\chennai\images\chennai_00099_rgbn.npy,data\expanded_v2\tiles\chennai\masks\chennai_00099_mask.png,1024,384,256,10,0.3350372314453125,geographic_aoi_v2
chennai_00100,chennai,Sentinel-2,S2B_44PMV_20241026_0_L2A,train,data\expanded_v2\tiles\chennai\images\chennai_00100_rgb.png,data\expanded_v2\tiles\chennai\images\chennai_00100_rgbn.npy,data\expanded_v2\tiles\chennai\masks\chennai_00100_mask.png,1024,512,256,10,0.3254241943359375,geographic_aoi_v2
chennai_00101,chennai,Sentinel-2,S2B_44PMV_20241026_0_L2A,train,data\expanded_v2\tiles\chennai\images\chennai_00101_rgb.png,data\expanded_v2\tiles\chennai\images\chennai_00101_rgbn.npy,data\expanded_v2\tiles\chennai\masks\chennai_00101_mask.png,1024,640,256,10,0.3409271240234375,geographic_aoi_v2
chennai_00102,chennai,Sentinel-2,S2B_44PMV_20241026_0_L2A,train,data\expanded_v2\tiles\chennai\images\chennai_00102_rgb.png,data\expanded_v2\tiles\chennai\images\chennai_00102_rgbn.npy,data\expanded_v2\tiles\chennai\masks\chennai_00102_mask.png,1024,768,256,10,0.36138916015625,geographic_aoi_v2
chennai_00103,chennai,Sentinel-2,S2B_44PMV_20241026_0_L2A,train,data\expanded_v2\tiles\chennai\images\chennai_00103_rgb.png,data\expanded_v2\tiles\chennai\images\chennai_00103_rgbn.npy,data\expanded_v2\tiles\chennai\masks\chennai_00103_mask.png,1024,896,256,10,0.196319580078125,geographic_aoi_v2
chennai_00104,chennai,Sentinel-2,S2B_44PMV_20241026_0_L2A,train,data\expanded_v2\tiles\chennai\images\chennai_00104_rgb.png,data\expanded_v2\tiles\chennai\images\chennai_00104_rgbn.npy,data\expanded_v2\tiles\chennai\masks\chennai_00104_mask.png,1024,1024,256,10,0.0143890380859375,geographic_aoi_v2
chennai_00105,chennai,Sentinel-2,S2B_44PMV_20241026_0_L2A,train,data\expanded_v2\tiles\chennai\images\chennai_00105_rgb.png,data\expanded_v2\tiles\chennai\images\chennai_00105_rgbn.npy,data\expanded_v2\tiles\chennai\masks\chennai_00105_mask.png,1024,1152,256,10,0.0,geographic_aoi_v2
chennai_00106,chennai,Sentinel-2,S2B_44PMV_20241026_0_L2A,train,data\expanded_v2\tiles\chennai\images\chennai_00106_rgb.png,data\expanded_v2\tiles\chennai\images\chennai_00106_rgbn.npy,data\expanded_v2\tiles\chennai\masks\chennai_00106_mask.png,1024,1280,256,10,0.0,geographic_aoi_v2
chennai_00107,chennai,Sentinel-2,S2B_44PMV_20241026_0_L2A,train,data\expanded_v2\tiles\chennai\images\chennai_00107_rgb.png,data\expanded_v2\tiles\chennai\images\chennai_00107_rgbn.npy,data\expanded_v2\tiles\chennai\masks\chennai_00107_mask.png,1024,1408,256,10,0.0,geographic_aoi_v2
chennai_00108,chennai,Sentinel-2,S2B_44PMV_20241026_0_L2A,train,data\expanded_v2\tiles\chennai\images\chennai_00108_rgb.png,data\expanded_v2\tiles\chennai\images\chennai_00108_rgbn.npy,data\expanded_v2\tiles\chennai\masks\chennai_00108_mask.png,1152,0,256,10,0.40069580078125,geographic_aoi_v2
chennai_00109,chennai,Sentinel-2,S2B_44PMV_20241026_0_L2A,train,data\expanded_v2\tiles\chennai\images\chennai_00109_rgb.png,data\expanded_v2\tiles\chennai\images\chennai_00109_rgbn.npy,data\expanded_v2\tiles\chennai\masks\chennai_00109_mask.png,1152,128,256,10,0.398101806640625,geographic_aoi_v2
chennai_00110,chennai,Sentinel-2,S2B_44PMV_20241026_0_L2A,train,data\expanded_v2\tiles\chennai\images\chennai_00110_rgb.png,data\expanded_v2\tiles\chennai\images\chennai_00110_rgbn.npy,data\expanded_v2\tiles\chennai\masks\chennai_00110_mask.png,1152,256,256,10,0.36383056640625,geographic_aoi_v2
chennai_00111,chennai,Sentinel-2,S2B_44PMV_20241026_0_L2A,train,data\expanded_v2\tiles\chennai\images\chennai_00111_rgb.png,data\expanded_v2\tiles\chennai\images\chennai_00111_rgbn.npy,data\expanded_v2\tiles\chennai\masks\chennai_00111_mask.png,1152,384,256,10,0.329315185546875,geographic_aoi_v2
chennai_00112,chennai,Sentinel-2,S2B_44PMV_20241026_0_L2A,train,data\expanded_v2\tiles\chennai\images\chennai_00112_rgb.png,data\expanded_v2\tiles\chennai\images\chennai_00112_rgbn.npy,data\expanded_v2\tiles\chennai\masks\chennai_00112_mask.png,1152,512,256,10,0.33734130859375,geographic_aoi_v2
chennai_00113,chennai,Sentinel-2,S2B_44PMV_20241026_0_L2A,train,data\expanded_v2\tiles\chennai\images\chennai_00113_rgb.png,data\expanded_v2\tiles\chennai\images\chennai_00113_rgbn.npy,data\expanded_v2\tiles\chennai\masks\chennai_00113_mask.png,1152,640,256,10,0.3434600830078125,geographic_aoi_v2
chennai_00114,chennai,Sentinel-2,S2B_44PMV_20241026_0_L2A,train,data\expanded_v2\tiles\chennai\images\chennai_00114_rgb.png,data\expanded_v2\tiles\chennai\images\chennai_00114_rgbn.npy,data\expanded_v2\tiles\chennai\masks\chennai_00114_mask.png,1152,768,256,10,0.3407135009765625,geographic_aoi_v2
chennai_00115,chennai,Sentinel-2,S2B_44PMV_20241026_0_L2A,train,data\expanded_v2\tiles\chennai\images\chennai_00115_rgb.png,data\expanded_v2\tiles\chennai\images\chennai_00115_rgbn.npy,data\expanded_v2\tiles\chennai\masks\chennai_00115_mask.png,1152,896,256,10,0.1682281494140625,geographic_aoi_v2
chennai_00116,chennai,Sentinel-2,S2B_44PMV_20241026_0_L2A,train,data\expanded_v2\tiles\chennai\images\chennai_00116_rgb.png,data\expanded_v2\tiles\chennai\images\chennai_00116_rgbn.npy,data\expanded_v2\tiles\chennai\masks\chennai_00116_mask.png,1152,1024,256,10,0.0,geographic_aoi_v2
chennai_00117,chennai,Sentinel-2,S2B_44PMV_20241026_0_L2A,train,data\expanded_v2\tiles\chennai\images\chennai_00117_rgb.png,data\expanded_v2\tiles\chennai\images\chennai_00117_rgbn.npy,data\expanded_v2\tiles\chennai\masks\chennai_00117_mask.png,1152,1152,256,10,0.0,geographic_aoi_v2
chennai_00118,chennai,Sentinel-2,S2B_44PMV_20241026_0_L2A,train,data\expanded_v2\tiles\chennai\images\chennai_00118_rgb.png,data\expanded_v2\tiles\chennai\images\chennai_00118_rgbn.npy,data\expanded_v2\tiles\chennai\masks\chennai_00118_mask.png,1152,1280,256,10,0.0,geographic_aoi_v2
chennai_00119,chennai,Sentinel-2,S2B_44PMV_20241026_0_L2A,train,data\expanded_v2\tiles\chennai\images\chennai_00119_rgb.png,data\expanded_v2\tiles\chennai\images\chennai_00119_rgbn.npy,data\expanded_v2\tiles\chennai\masks\chennai_00119_mask.png,1152,1408,256,10,0.0,geographic_aoi_v2
chennai_00120,chennai,Sentinel-2,S2B_44PMV_20241026_0_L2A,train,data\expanded_v2\tiles\chennai\images\chennai_00120_rgb.png,data\expanded_v2\tiles\chennai\images\chennai_00120_rgbn.npy,data\expanded_v2\tiles\chennai\masks\chennai_00120_mask.png,1280,0,256,10,0.3676300048828125,geographic_aoi_v2
chennai_00121,chennai,Sentinel-2,S2B_44PMV_20241026_0_L2A,train,data\expanded_v2\tiles\chennai\images\chennai_00121_rgb.png,data\expanded_v2\tiles\chennai\images\chennai_00121_rgbn.npy,data\expanded_v2\tiles\chennai\masks\chennai_00121_mask.png,1280,128,256,10,0.387939453125,geographic_aoi_v2
chennai_00122,chennai,Sentinel-2,S2B_44PMV_20241026_0_L2A,train,data\expanded_v2\tiles\chennai\images\chennai_00122_rgb.png,data\expanded_v2\tiles\chennai\images\chennai_00122_rgbn.npy,data\expanded_v2\tiles\chennai\masks\chennai_00122_mask.png,1280,256,256,10,0.3631134033203125,geographic_aoi_v2
chennai_00123,chennai,Sentinel-2,S2B_44PMV_20241026_0_L2A,train,data\expanded_v2\tiles\chennai\images\chennai_00123_rgb.png,data\expanded_v2\tiles\chennai\images\chennai_00123_rgbn.npy,data\expanded_v2\tiles\chennai\masks\chennai_00123_mask.png,1280,384,256,10,0.3251190185546875,geographic_aoi_v2
chennai_00124,chennai,Sentinel-2,S2B_44PMV_20241026_0_L2A,train,data\expanded_v2\tiles\chennai\images\chennai_00124_rgb.png,data\expanded_v2\tiles\chennai\images\chennai_00124_rgbn.npy,data\expanded_v2\tiles\chennai\masks\chennai_00124_mask.png,1280,512,256,10,0.3251800537109375,geographic_aoi_v2
chennai_00125,chennai,Sentinel-2,S2B_44PMV_20241026_0_L2A,train,data\expanded_v2\tiles\chennai\images\chennai_00125_rgb.png,data\expanded_v2\tiles\chennai\images\chennai_00125_rgbn.npy,data\expanded_v2\tiles\chennai\masks\chennai_00125_mask.png,1280,640,256,10,0.338165283203125,geographic_aoi_v2
chennai_00126,chennai,Sentinel-2,S2B_44PMV_20241026_0_L2A,train,data\expanded_v2\tiles\chennai\images\chennai_00126_rgb.png,data\expanded_v2\tiles\chennai\images\chennai_00126_rgbn.npy,data\expanded_v2\tiles\chennai\masks\chennai_00126_mask.png,1280,768,256,10,0.3069610595703125,geographic_aoi_v2
chennai_00127,chennai,Sentinel-2,S2B_44PMV_20241026_0_L2A,train,data\expanded_v2\tiles\chennai\images\chennai_00127_rgb.png,data\expanded_v2\tiles\chennai\images\chennai_00127_rgbn.npy,data\expanded_v2\tiles\chennai\masks\chennai_00127_mask.png,1280,896,256,10,0.1328125,geographic_aoi_v2
chennai_00128,chennai,Sentinel-2,S2B_44PMV_20241026_0_L2A,train,data\expanded_v2\tiles\chennai\images\chennai_00128_rgb.png,data\expanded_v2\tiles\chennai\images\chennai_00128_rgbn.npy,data\expanded_v2\tiles\chennai\masks\chennai_00128_mask.png,1280,1024,256,10,0.0,geographic_aoi_v2
chennai_00129,chennai,Sentinel-2,S2B_44PMV_20241026_0_L2A,train,data\expanded_v2\tiles\chennai\images\chennai_00129_rgb.png,data\expanded_v2\tiles\chennai\images\chennai_00129_rgbn.npy,data\expanded_v2\tiles\chennai\masks\chennai_00129_mask.png,1280,1152,256,10,0.0,geographic_aoi_v2
chennai_00130,chennai,Sentinel-2,S2B_44PMV_20241026_0_L2A,train,data\expanded_v2\tiles\chennai\images\chennai_00130_rgb.png,data\expanded_v2\tiles\chennai\images\chennai_00130_rgbn.npy,data\expanded_v2\tiles\chennai\masks\chennai_00130_mask.png,1280,1280,256,10,0.0,geographic_aoi_v2
chennai_00131,chennai,Sentinel-2,S2B_44PMV_20241026_0_L2A,train,data\expanded_v2\tiles\chennai\images\chennai_00131_rgb.png,data\expanded_v2\tiles\chennai\images\chennai_00131_rgbn.npy,data\expanded_v2\tiles\chennai\masks\chennai_00131_mask.png,1280,1408,256,10,0.0,geographic_aoi_v2
chennai_00132,chennai,Sentinel-2,S2B_44PMV_20241026_0_L2A,train,data\expanded_v2\tiles\chennai\images\chennai_00132_rgb.png,data\expanded_v2\tiles\chennai\images\chennai_00132_rgbn.npy,data\expanded_v2\tiles\chennai\masks\chennai_00132_mask.png,1408,0,256,10,0.31097412109375,geographic_aoi_v2
chennai_00133,chennai,Sentinel-2,S2B_44PMV_20241026_0_L2A,train,data\expanded_v2\tiles\chennai\images\chennai_00133_rgb.png,data\expanded_v2\tiles\chennai\images\chennai_00133_rgbn.npy,data\expanded_v2\tiles\chennai\masks\chennai_00133_mask.png,1408,128,256,10,0.3545989990234375,geographic_aoi_v2
chennai_00134,chennai,Sentinel-2,S2B_44PMV_20241026_0_L2A,train,data\expanded_v2\tiles\chennai\images\chennai_00134_rgb.png,data\expanded_v2\tiles\chennai\images\chennai_00134_rgbn.npy,data\expanded_v2\tiles\chennai\masks\chennai_00134_mask.png,1408,256,256,10,0.32977294921875,geographic_aoi_v2
chennai_00135,chennai,Sentinel-2,S2B_44PMV_20241026_0_L2A,train,data\expanded_v2\tiles\chennai\images\chennai_00135_rgb.png,data\expanded_v2\tiles\chennai\images\chennai_00135_rgbn.npy,data\expanded_v2\tiles\chennai\masks\chennai_00135_mask.png,1408,384,256,10,0.2985992431640625,geographic_aoi_v2
chennai_00136,chennai,Sentinel-2,S2B_44PMV_20241026_0_L2A,train,data\expanded_v2\tiles\chennai\images\chennai_00136_rgb.png,data\expanded_v2\tiles\chennai\images\chennai_00136_rgbn.npy,data\expanded_v2\tiles\chennai\masks\chennai_00136_mask.png,1408,512,256,10,0.2740325927734375,geographic_aoi_v2
chennai_00137,chennai,Sentinel-2,S2B_44PMV_20241026_0_L2A,train,data\expanded_v2\tiles\chennai\images\chennai_00137_rgb.png,data\expanded_v2\tiles\chennai\images\chennai_00137_rgbn.npy,data\expanded_v2\tiles\chennai\masks\chennai_00137_mask.png,1408,640,256,10,0.2675933837890625,geographic_aoi_v2
chennai_00138,chennai,Sentinel-2,S2B_44PMV_20241026_0_L2A,train,data\expanded_v2\tiles\chennai\images\chennai_00138_rgb.png,data\expanded_v2\tiles\chennai\images\chennai_00138_rgbn.npy,data\expanded_v2\tiles\chennai\masks\chennai_00138_mask.png,1408,768,256,10,0.224700927734375,geographic_aoi_v2
chennai_00139,chennai,Sentinel-2,S2B_44PMV_20241026_0_L2A,train,data\expanded_v2\tiles\chennai\images\chennai_00139_rgb.png,data\expanded_v2\tiles\chennai\images\chennai_00139_rgbn.npy,data\expanded_v2\tiles\chennai\masks\chennai_00139_mask.png,1408,896,256,10,0.0838623046875,geographic_aoi_v2
chennai_00140,chennai,Sentinel-2,S2B_44PMV_20241026_0_L2A,train,data\expanded_v2\tiles\chennai\images\chennai_00140_rgb.png,data\expanded_v2\tiles\chennai\images\chennai_00140_rgbn.npy,data\expanded_v2\tiles\chennai\masks\chennai_00140_mask.png,1408,1024,256,10,0.0,geographic_aoi_v2
chennai_00141,chennai,Sentinel-2,S2B_44PMV_20241026_0_L2A,train,data\expanded_v2\tiles\chennai\images\chennai_00141_rgb.png,data\expanded_v2\tiles\chennai\images\chennai_00141_rgbn.npy,data\expanded_v2\tiles\chennai\masks\chennai_00141_mask.png,1408,1152,256,10,0.0,geographic_aoi_v2
chennai_00142,chennai,Sentinel-2,S2B_44PMV_20241026_0_L2A,train,data\expanded_v2\tiles\chennai\images\chennai_00142_rgb.png,data\expanded_v2\tiles\chennai\images\chennai_00142_rgbn.npy,data\expanded_v2\tiles\chennai\masks\chennai_00142_mask.png,1408,1280,256,10,0.0,geographic_aoi_v2
chennai_00143,chennai,Sentinel-2,S2B_44PMV_20241026_0_L2A,train,data\expanded_v2\tiles\chennai\images\chennai_00143_rgb.png,data\expanded_v2\tiles\chennai\images\chennai_00143_rgbn.npy,data\expanded_v2\tiles\chennai\masks\chennai_00143_mask.png,1408,1408,256,10,0.0,geographic_aoi_v2
ahmedabad_00000,ahmedabad,Sentinel-2,S2B_43QBF_20251202_0_L2A,train,data\expanded_v2\tiles\ahmedabad\images\ahmedabad_00000_rgb.png,data\expanded_v2\tiles\ahmedabad\images\ahmedabad_00000_rgbn.npy,data\expanded_v2\tiles\ahmedabad\masks\ahmedabad_00000_mask.png,0,0,256,10,0.172760009765625,geographic_aoi_v2
ahmedabad_00001,ahmedabad,Sentinel-2,S2B_43QBF_20251202_0_L2A,train,data\expanded_v2\tiles\ahmedabad\images\ahmedabad_00001_rgb.png,data\expanded_v2\tiles\ahmedabad\images\ahmedabad_00001_rgbn.npy,data\expanded_v2\tiles\ahmedabad\masks\ahmedabad_00001_mask.png,0,128,256,10,0.1626434326171875,geographic_aoi_v2
ahmedabad_00002,ahmedabad,Sentinel-2,S2B_43QBF_20251202_0_L2A,train,data\expanded_v2\tiles\ahmedabad\images\ahmedabad_00002_rgb.png,data\expanded_v2\tiles\ahmedabad\images\ahmedabad_00002_rgbn.npy,data\expanded_v2\tiles\ahmedabad\masks\ahmedabad_00002_mask.png,0,256,256,10,0.1670379638671875,geographic_aoi_v2
ahmedabad_00003,ahmedabad,Sentinel-2,S2B_43QBF_20251202_0_L2A,train,data\expanded_v2\tiles\ahmedabad\images\ahmedabad_00003_rgb.png,data\expanded_v2\tiles\ahmedabad\images\ahmedabad_00003_rgbn.npy,data\expanded_v2\tiles\ahmedabad\masks\ahmedabad_00003_mask.png,0,384,256,10,0.237640380859375,geographic_aoi_v2
ahmedabad_00004,ahmedabad,Sentinel-2,S2B_43QBF_20251202_0_L2A,train,data\expanded_v2\tiles\ahmedabad\images\ahmedabad_00004_rgb.png,data\expanded_v2\tiles\ahmedabad\images\ahmedabad_00004_rgbn.npy,data\expanded_v2\tiles\ahmedabad\masks\ahmedabad_00004_mask.png,0,512,256,10,0.2816925048828125,geographic_aoi_v2
ahmedabad_00005,ahmedabad,Sentinel-2,S2B_43QBF_20251202_0_L2A,train,data\expanded_v2\tiles\ahmedabad\images\ahmedabad_00005_rgb.png,data\expanded_v2\tiles\ahmedabad\images\ahmedabad_00005_rgbn.npy,data\expanded_v2\tiles\ahmedabad\masks\ahmedabad_00005_mask.png,0,640,256,10,0.2901153564453125,geographic_aoi_v2
ahmedabad_00006,ahmedabad,Sentinel-2,S2B_43QBF_20251202_0_L2A,train,data\expanded_v2\tiles\ahmedabad\images\ahmedabad_00006_rgb.png,data\expanded_v2\tiles\ahmedabad\images\ahmedabad_00006_rgbn.npy,data\expanded_v2\tiles\ahmedabad\masks\ahmedabad_00006_mask.png,0,768,256,10,0.237762451171875,geographic_aoi_v2
ahmedabad_00007,ahmedabad,Sentinel-2,S2B_43QBF_20251202_0_L2A,train,data\expanded_v2\tiles\ahmedabad\images\ahmedabad_00007_rgb.png,data\expanded_v2\tiles\ahmedabad\images\ahmedabad_00007_rgbn.npy,data\expanded_v2\tiles\ahmedabad\masks\ahmedabad_00007_mask.png,0,896,256,10,0.298370361328125,geographic_aoi_v2
ahmedabad_00008,ahmedabad,Sentinel-2,S2B_43QBF_20251202_0_L2A,train,data\expanded_v2\tiles\ahmedabad\images\ahmedabad_00008_rgb.png,data\expanded_v2\tiles\ahmedabad\images\ahmedabad_00008_rgbn.npy,data\expanded_v2\tiles\ahmedabad\masks\ahmedabad_00008_mask.png,0,1024,256,10,0.3019256591796875,geographic_aoi_v2
ahmedabad_00009,ahmedabad,Sentinel-2,S2B_43QBF_20251202_0_L2A,train,data\expanded_v2\tiles\ahmedabad\images\ahmedabad_00009_rgb.png,data\expanded_v2\tiles\ahmedabad\images\ahmedabad_00009_rgbn.npy,data\expanded_v2\tiles\ahmedabad\masks\ahmedabad_00009_mask.png,0,1152,256,10,0.163604736328125,geographic_aoi_v2
ahmedabad_00010,ahmedabad,Sentinel-2,S2B_43QBF_20251202_0_L2A,train,data\expanded_v2\tiles\ahmedabad\images\ahmedabad_00010_rgb.png,data\expanded_v2\tiles\ahmedabad\images\ahmedabad_00010_rgbn.npy,data\expanded_v2\tiles\ahmedabad\masks\ahmedabad_00010_mask.png,0,1280,256,10,0.192291259765625,geographic_aoi_v2
ahmedabad_00011,ahmedabad,Sentinel-2,S2B_43QBF_20251202_0_L2A,train,data\expanded_v2\tiles\ahmedabad\images\ahmedabad_00011_rgb.png,data\expanded_v2\tiles\ahmedabad\images\ahmedabad_00011_rgbn.npy,data\expanded_v2\tiles\ahmedabad\masks\ahmedabad_00011_mask.png,0,1408,256,10,0.2364044189453125,geographic_aoi_v2
ahmedabad_00012,ahmedabad,Sentinel-2,S2B_43QBF_20251202_0_L2A,train,data\expanded_v2\tiles\ahmedabad\images\ahmedabad_00012_rgb.png,data\expanded_v2\tiles\ahmedabad\images\ahmedabad_00012_rgbn.npy,data\expanded_v2\tiles\ahmedabad\masks\ahmedabad_00012_mask.png,0,1536,256,10,0.2541351318359375,geographic_aoi_v2
ahmedabad_00013,ahmedabad,Sentinel-2,S2B_43QBF_20251202_0_L2A,train,data\expanded_v2\tiles\ahmedabad\images\ahmedabad_00013_rgb.png,data\expanded_v2\tiles\ahmedabad\images\ahmedabad_00013_rgbn.npy,data\expanded_v2\tiles\ahmedabad\masks\ahmedabad_00013_mask.png,128,0,256,10,0.170257568359375,geographic_aoi_v2
ahmedabad_00014,ahmedabad,Sentinel-2,S2B_43QBF_20251202_0_L2A,train,data\expanded_v2\tiles\ahmedabad\images\ahmedabad_00014_rgb.png,data\expanded_v2\tiles\ahmedabad\images\ahmedabad_00014_rgbn.npy,data\expanded_v2\tiles\ahmedabad\masks\ahmedabad_00014_mask.png,128,128,256,10,0.205169677734375,geographic_aoi_v2
ahmedabad_00015,ahmedabad,Sentinel-2,S2B_43QBF_20251202_0_L2A,train,data\expanded_v2\tiles\ahmedabad\images\ahmedabad_00015_rgb.png,data\expanded_v2\tiles\ahmedabad\images\ahmedabad_00015_rgbn.npy,data\expanded_v2\tiles\ahmedabad\masks\ahmedabad_00015_mask.png,128,256,256,10,0.2523651123046875,geographic_aoi_v2
ahmedabad_00016,ahmedabad,Sentinel-2,S2B_43QBF_20251202_0_L2A,train,data\expanded_v2\tiles\ahmedabad\images\ahmedabad_00016_rgb.png,data\expanded_v2\tiles\ahmedabad\images\ahmedabad_00016_rgbn.npy,data\expanded_v2\tiles\ahmedabad\masks\ahmedabad_00016_mask.png,128,384,256,10,0.328826904296875,geographic_aoi_v2
ahmedabad_00017,ahmedabad,Sentinel-2,S2B_43QBF_20251202_0_L2A,train,data\expanded_v2\tiles\ahmedabad\images\ahmedabad_00017_rgb.png,data\expanded_v2\tiles\ahmedabad\images\ahmedabad_00017_rgbn.npy,data\expanded_v2\tiles\ahmedabad\masks\ahmedabad_00017_mask.png,128,512,256,10,0.3687591552734375,geographic_aoi_v2
ahmedabad_00018,ahmedabad,Sentinel-2,S2B_43QBF_20251202_0_L2A,train,data\expanded_v2\tiles\ahmedabad\images\ahmedabad_00018_rgb.png,data\expanded_v2\tiles\ahmedabad\images\ahmedabad_00018_rgbn.npy,data\expanded_v2\tiles\ahmedabad\masks\ahmedabad_00018_mask.png,128,640,256,10,0.3748626708984375,geographic_aoi_v2
ahmedabad_00019,ahmedabad,Sentinel-2,S2B_43QBF_20251202_0_L2A,train,data\expanded_v2\tiles\ahmedabad\images\ahmedabad_00019_rgb.png,data\expanded_v2\tiles\ahmedabad\images\ahmedabad_00019_rgbn.npy,data\expanded_v2\tiles\ahmedabad\masks\ahmedabad_00019_mask.png,128,768,256,10,0.3320465087890625,geographic_aoi_v2
ahmedabad_00020,ahmedabad,Sentinel-2,S2B_43QBF_20251202_0_L2A,train,data\expanded_v2\tiles\ahmedabad\images\ahmedabad_00020_rgb.png,data\expanded_v2\tiles\ahmedabad\images\ahmedabad_00020_rgbn.npy,data\expanded_v2\tiles\ahmedabad\masks\ahmedabad_00020_mask.png,128,896,256,10,0.2837982177734375,geographic_aoi_v2
ahmedabad_00021,ahmedabad,Sentinel-2,S2B_43QBF_20251202_0_L2A,train,data\expanded_v2\tiles\ahmedabad\images\ahmedabad_00021_rgb.png,data\expanded_v2\tiles\ahmedabad\images\ahmedabad_00021_rgbn.npy,data\expanded_v2\tiles\ahmedabad\masks\ahmedabad_00021_mask.png,128,1024,256,10,0.1971893310546875,geographic_aoi_v2
ahmedabad_00022,ahmedabad,Sentinel-2,S2B_43QBF_20251202_0_L2A,train,data\expanded_v2\tiles\ahmedabad\images\ahmedabad_00022_rgb.png,data\expanded_v2\tiles\ahmedabad\images\ahmedabad_00022_rgbn.npy,data\expanded_v2\tiles\ahmedabad\masks\ahmedabad_00022_mask.png,128,1152,256,10,0.131439208984375,geographic_aoi_v2
ahmedabad_00023,ahmedabad,Sentinel-2,S2B_43QBF_20251202_0_L2A,train,data\expanded_v2\tiles\ahmedabad\images\ahmedabad_00023_rgb.png,data\expanded_v2\tiles\ahmedabad\images\ahmedabad_00023_rgbn.npy,data\expanded_v2\tiles\ahmedabad\masks\ahmedabad_00023_mask.png,128,1280,256,10,0.201141357421875,geographic_aoi_v2
ahmedabad_00024,ahmedabad,Sentinel-2,S2B_43QBF_20251202_0_L2A,train,data\expanded_v2\tiles\ahmedabad\images\ahmedabad_00024_rgb.png,data\expanded_v2\tiles\ahmedabad\images\ahmedabad_00024_rgbn.npy,data\expanded_v2\tiles\ahmedabad\masks\ahmedabad_00024_mask.png,128,1408,256,10,0.2815704345703125,geographic_aoi_v2
ahmedabad_00025,ahmedabad,Sentinel-2,S2B_43QBF_20251202_0_L2A,train,data\expanded_v2\tiles\ahmedabad\images\ahmedabad_00025_rgb.png,data\expanded_v2\tiles\ahmedabad\images\ahmedabad_00025_rgbn.npy,data\expanded_v2\tiles\ahmedabad\masks\ahmedabad_00025_mask.png,128,1536,256,10,0.3699951171875,geographic_aoi_v2
ahmedabad_00026,ahmedabad,Sentinel-2,S2B_43QBF_20251202_0_L2A,train,data\expanded_v2\tiles\ahmedabad\images\ahmedabad_00026_rgb.png,data\expanded_v2\tiles\ahmedabad\images\ahmedabad_00026_rgbn.npy,data\expanded_v2\tiles\ahmedabad\masks\ahmedabad_00026_mask.png,256,0,256,10,0.13909912109375,geographic_aoi_v2
ahmedabad_00027,ahmedabad,Sentinel-2,S2B_43QBF_20251202_0_L2A,train,data\expanded_v2\tiles\ahmedabad\images\ahmedabad_00027_rgb.png,data\expanded_v2\tiles\ahmedabad\images\ahmedabad_00027_rgbn.npy,data\expanded_v2\tiles\ahmedabad\masks\ahmedabad_00027_mask.png,256,128,256,10,0.199920654296875,geographic_aoi_v2
ahmedabad_00028,ahmedabad,Sentinel-2,S2B_43QBF_20251202_0_L2A,train,data\expanded_v2\tiles\ahmedabad\images\ahmedabad_00028_rgb.png,data\expanded_v2\tiles\ahmedabad\images\ahmedabad_00028_rgbn.npy,data\expanded_v2\tiles\ahmedabad\masks\ahmedabad_00028_mask.png,256,256,256,10,0.298187255859375,geographic_aoi_v2
ahmedabad_00029,ahmedabad,Sentinel-2,S2B_43QBF_20251202_0_L2A,train,data\expanded_v2\tiles\ahmedabad\images\ahmedabad_00029_rgb.png,data\expanded_v2\tiles\ahmedabad\images\ahmedabad_00029_rgbn.npy,data\expanded_v2\tiles\ahmedabad\masks\ahmedabad_00029_mask.png,256,384,256,10,0.376739501953125,geographic_aoi_v2
ahmedabad_00030,ahmedabad,Sentinel-2,S2B_43QBF_20251202_0_L2A,train,data\expanded_v2\tiles\ahmedabad\images\ahmedabad_00030_rgb.png,data\expanded_v2\tiles\ahmedabad\images\ahmedabad_00030_rgbn.npy,data\expanded_v2\tiles\ahmedabad\masks\ahmedabad_00030_mask.png,256,512,256,10,0.3984222412109375,geographic_aoi_v2
ahmedabad_00031,ahmedabad,Sentinel-2,S2B_43QBF_20251202_0_L2A,train,data\expanded_v2\tiles\ahmedabad\images\ahmedabad_00031_rgb.png,data\expanded_v2\tiles\ahmedabad\images\ahmedabad_00031_rgbn.npy,data\expanded_v2\tiles\ahmedabad\masks\ahmedabad_00031_mask.png,256,640,256,10,0.3890838623046875,geographic_aoi_v2
ahmedabad_00032,ahmedabad,Sentinel-2,S2B_43QBF_20251202_0_L2A,train,data\expanded_v2\tiles\ahmedabad\images\ahmedabad_00032_rgb.png,data\expanded_v2\tiles\ahmedabad\images\ahmedabad_00032_rgbn.npy,data\expanded_v2\tiles\ahmedabad\masks\ahmedabad_00032_mask.png,256,768,256,10,0.318817138671875,geographic_aoi_v2
ahmedabad_00033,ahmedabad,Sentinel-2,S2B_43QBF_20251202_0_L2A,train,data\expanded_v2\tiles\ahmedabad\images\ahmedabad_00033_rgb.png,data\expanded_v2\tiles\ahmedabad\images\ahmedabad_00033_rgbn.npy,data\expanded_v2\tiles\ahmedabad\masks\ahmedabad_00033_mask.png,256,896,256,10,0.23907470703125,geographic_aoi_v2
ahmedabad_00034,ahmedabad,Sentinel-2,S2B_43QBF_20251202_0_L2A,train,data\expanded_v2\tiles\ahmedabad\images\ahmedabad_00034_rgb.png,data\expanded_v2\tiles\ahmedabad\images\ahmedabad_00034_rgbn.npy,data\expanded_v2\tiles\ahmedabad\masks\ahmedabad_00034_mask.png,256,1024,256,10,0.1886749267578125,geographic_aoi_v2
ahmedabad_00035,ahmedabad,Sentinel-2,S2B_43QBF_20251202_0_L2A,train,data\expanded_v2\tiles\ahmedabad\images\ahmedabad_00035_rgb.png,data\expanded_v2\tiles\ahmedabad\images\ahmedabad_00035_rgbn.npy,data\expanded_v2\tiles\ahmedabad\masks\ahmedabad_00035_mask.png,256,1152,256,10,0.1636962890625,geographic_aoi_v2
ahmedabad_00036,ahmedabad,Sentinel-2,S2B_43QBF_20251202_0_L2A,train,data\expanded_v2\tiles\ahmedabad\images\ahmedabad_00036_rgb.png,data\expanded_v2\tiles\ahmedabad\images\ahmedabad_00036_rgbn.npy,data\expanded_v2\tiles\ahmedabad\masks\ahmedabad_00036_mask.png,256,1280,256,10,0.1705169677734375,geographic_aoi_v2
ahmedabad_00037,ahmedabad,Sentinel-2,S2B_43QBF_20251202_0_L2A,train,data\expanded_v2\tiles\ahmedabad\images\ahmedabad_00037_rgb.png,data\expanded_v2\tiles\ahmedabad\images\ahmedabad_00037_rgbn.npy,data\expanded_v2\tiles\ahmedabad\masks\ahmedabad_00037_mask.png,256,1408,256,10,0.2588348388671875,geographic_aoi_v2
ahmedabad_00038,ahmedabad,Sentinel-2,S2B_43QBF_20251202_0_L2A,train,data\expanded_v2\tiles\ahmedabad\images\ahmedabad_00038_rgb.png,data\expanded_v2\tiles\ahmedabad\images\ahmedabad_00038_rgbn.npy,data\expanded_v2\tiles\ahmedabad\masks\ahmedabad_00038_mask.png,256,1536,256,10,0.39056396484375,geographic_aoi_v2
ahmedabad_00039,ahmedabad,Sentinel-2,S2B_43QBF_20251202_0_L2A,train,data\expanded_v2\tiles\ahmedabad\images\ahmedabad_00039_rgb.png,data\expanded_v2\tiles\ahmedabad\images\ahmedabad_00039_rgbn.npy,data\expanded_v2\tiles\ahmedabad\masks\ahmedabad_00039_mask.png,384,0,256,10,0.173248291015625,geographic_aoi_v2
ahmedabad_00040,ahmedabad,Sentinel-2,S2B_43QBF_20251202_0_L2A,train,data\expanded_v2\tiles\ahmedabad\images\ahmedabad_00040_rgb.png,data\expanded_v2\tiles\ahmedabad\images\ahmedabad_00040_rgbn.npy,data\expanded_v2\tiles\ahmedabad\masks\ahmedabad_00040_mask.png,384,128,256,10,0.238189697265625,geographic_aoi_v2
ahmedabad_00041,ahmedabad,Sentinel-2,S2B_43QBF_20251202_0_L2A,train,data\expanded_v2\tiles\ahmedabad\images\ahmedabad_00041_rgb.png,data\expanded_v2\tiles\ahmedabad\images\ahmedabad_00041_rgbn.npy,data\expanded_v2\tiles\ahmedabad\masks\ahmedabad_00041_mask.png,384,256,256,10,0.3085479736328125,geographic_aoi_v2
ahmedabad_00042,ahmedabad,Sentinel-2,S2B_43QBF_20251202_0_L2A,train,data\expanded_v2\tiles\ahmedabad\images\ahmedabad_00042_rgb.png,data\expanded_v2\tiles\ahmedabad\images\ahmedabad_00042_rgbn.npy,data\expanded_v2\tiles\ahmedabad\masks\ahmedabad_00042_mask.png,384,384,256,10,0.3416290283203125,geographic_aoi_v2
ahmedabad_00043,ahmedabad,Sentinel-2,S2B_43QBF_20251202_0_L2A,train,data\expanded_v2\tiles\ahmedabad\images\ahmedabad_00043_rgb.png,data\expanded_v2\tiles\ahmedabad\images\ahmedabad_00043_rgbn.npy,data\expanded_v2\tiles\ahmedabad\masks\ahmedabad_00043_mask.png,384,512,256,10,0.36077880859375,geographic_aoi_v2
ahmedabad_00044,ahmedabad,Sentinel-2,S2B_43QBF_20251202_0_L2A,train,data\expanded_v2\tiles\ahmedabad\images\ahmedabad_00044_rgb.png,data\expanded_v2\tiles\ahmedabad\images\ahmedabad_00044_rgbn.npy,data\expanded_v2\tiles\ahmedabad\masks\ahmedabad_00044_mask.png,384,640,256,10,0.3790435791015625,geographic_aoi_v2
ahmedabad_00045,ahmedabad,Sentinel-2,S2B_43QBF_20251202_0_L2A,train,data\expanded_v2\tiles\ahmedabad\images\ahmedabad_00045_rgb.png,data\expanded_v2\tiles\ahmedabad\images\ahmedabad_00045_rgbn.npy,data\expanded_v2\tiles\ahmedabad\masks\ahmedabad_00045_mask.png,384,768,256,10,0.303619384765625,geographic_aoi_v2
ahmedabad_00046,ahmedabad,Sentinel-2,S2B_43QBF_20251202_0_L2A,train,data\expanded_v2\tiles\ahmedabad\images\ahmedabad_00046_rgb.png,data\expanded_v2\tiles\ahmedabad\images\ahmedabad_00046_rgbn.npy,data\expanded_v2\tiles\ahmedabad\masks\ahmedabad_00046_mask.png,384,896,256,10,0.241455078125,geographic_aoi_v2
ahmedabad_00047,ahmedabad,Sentinel-2,S2B_43QBF_20251202_0_L2A,train,data\expanded_v2\tiles\ahmedabad\images\ahmedabad_00047_rgb.png,data\expanded_v2\tiles\ahmedabad\images\ahmedabad_00047_rgbn.npy,data\expanded_v2\tiles\ahmedabad\masks\ahmedabad_00047_mask.png,384,1024,256,10,0.2479248046875,geographic_aoi_v2
ahmedabad_00048,ahmedabad,Sentinel-2,S2B_43QBF_20251202_0_L2A,train,data\expanded_v2\tiles\ahmedabad\images\ahmedabad_00048_rgb.png,data\expanded_v2\tiles\ahmedabad\images\ahmedabad_00048_rgbn.npy,data\expanded_v2\tiles\ahmedabad\masks\ahmedabad_00048_mask.png,384,1152,256,10,0.22991943359375,geographic_aoi_v2
ahmedabad_00049,ahmedabad,Sentinel-2,S2B_43QBF_20251202_0_L2A,train,data\expanded_v2\tiles\ahmedabad\images\ahmedabad_00049_rgb.png,data\expanded_v2\tiles\ahmedabad\images\ahmedabad_00049_rgbn.npy,data\expanded_v2\tiles\ahmedabad\masks\ahmedabad_00049_mask.png,384,1280,256,10,0.223388671875,geographic_aoi_v2
ahmedabad_00050,ahmedabad,Sentinel-2,S2B_43QBF_20251202_0_L2A,train,data\expanded_v2\tiles\ahmedabad\images\ahmedabad_00050_rgb.png,data\expanded_v2\tiles\ahmedabad\images\ahmedabad_00050_rgbn.npy,data\expanded_v2\tiles\ahmedabad\masks\ahmedabad_00050_mask.png,384,1408,256,10,0.3126220703125,geographic_aoi_v2
ahmedabad_00051,ahmedabad,Sentinel-2,S2B_43QBF_20251202_0_L2A,train,data\expanded_v2\tiles\ahmedabad\images\ahmedabad_00051_rgb.png,data\expanded_v2\tiles\ahmedabad\images\ahmedabad_00051_rgbn.npy,data\expanded_v2\tiles\ahmedabad\masks\ahmedabad_00051_mask.png,384,1536,256,10,0.4196929931640625,geographic_aoi_v2
ahmedabad_00052,ahmedabad,Sentinel-2,S2B_43QBF_20251202_0_L2A,train,data\expanded_v2\tiles\ahmedabad\images\ahmedabad_00052_rgb.png,data\expanded_v2\tiles\ahmedabad\images\ahmedabad_00052_rgbn.npy,data\expanded_v2\tiles\ahmedabad\masks\ahmedabad_00052_mask.png,512,0,256,10,0.1930389404296875,geographic_aoi_v2
ahmedabad_00053,ahmedabad,Sentinel-2,S2B_43QBF_20251202_0_L2A,train,data\expanded_v2\tiles\ahmedabad\images\ahmedabad_00053_rgb.png,data\expanded_v2\tiles\ahmedabad\images\ahmedabad_00053_rgbn.npy,data\expanded_v2\tiles\ahmedabad\masks\ahmedabad_00053_mask.png,512,128,256,10,0.268524169921875,geographic_aoi_v2
ahmedabad_00054,ahmedabad,Sentinel-2,S2B_43QBF_20251202_0_L2A,train,data\expanded_v2\tiles\ahmedabad\images\ahmedabad_00054_rgb.png,data\expanded_v2\tiles\ahmedabad\images\ahmedabad_00054_rgbn.npy,data\expanded_v2\tiles\ahmedabad\masks\ahmedabad_00054_mask.png,512,256,256,10,0.3212432861328125,geographic_aoi_v2
ahmedabad_00055,ahmedabad,Sentinel-2,S2B_43QBF_20251202_0_L2A,train,data\expanded_v2\tiles\ahmedabad\images\ahmedabad_00055_rgb.png,data\expanded_v2\tiles\ahmedabad\images\ahmedabad_00055_rgbn.npy,data\expanded_v2\tiles\ahmedabad\masks\ahmedabad_00055_mask.png,512,384,256,10,0.2818145751953125,geographic_aoi_v2
ahmedabad_00056,ahmedabad,Sentinel-2,S2B_43QBF_20251202_0_L2A,train,data\expanded_v2\tiles\ahmedabad\images\ahmedabad_00056_rgb.png,data\expanded_v2\tiles\ahmedabad\images\ahmedabad_00056_rgbn.npy,data\expanded_v2\tiles\ahmedabad\masks\ahmedabad_00056_mask.png,512,512,256,10,0.27593994140625,geographic_aoi_v2
ahmedabad_00057,ahmedabad,Sentinel-2,S2B_43QBF_20251202_0_L2A,train,data\expanded_v2\tiles\ahmedabad\images\ahmedabad_00057_rgb.png,data\expanded_v2\tiles\ahmedabad\images\ahmedabad_00057_rgbn.npy,data\expanded_v2\tiles\ahmedabad\masks\ahmedabad_00057_mask.png,512,640,256,10,0.3376922607421875,geographic_aoi_v2
ahmedabad_00058,ahmedabad,Sentinel-2,S2B_43QBF_20251202_0_L2A,train,data\expanded_v2\tiles\ahmedabad\images\ahmedabad_00058_rgb.png,data\expanded_v2\tiles\ahmedabad\images\ahmedabad_00058_rgbn.npy,data\expanded_v2\tiles\ahmedabad\masks\ahmedabad_00058_mask.png,512,768,256,10,0.326171875,geographic_aoi_v2
ahmedabad_00059,ahmedabad,Sentinel-2,S2B_43QBF_20251202_0_L2A,train,data\expanded_v2\tiles\ahmedabad\images\ahmedabad_00059_rgb.png,data\expanded_v2\tiles\ahmedabad\images\ahmedabad_00059_rgbn.npy,data\expanded_v2\tiles\ahmedabad\masks\ahmedabad_00059_mask.png,512,896,256,10,0.282928466796875,geographic_aoi_v2
ahmedabad_00060,ahmedabad,Sentinel-2,S2B_43QBF_20251202_0_L2A,train,data\expanded_v2\tiles\ahmedabad\images\ahmedabad_00060_rgb.png,data\expanded_v2\tiles\ahmedabad\images\ahmedabad_00060_rgbn.npy,data\expanded_v2\tiles\ahmedabad\masks\ahmedabad_00060_mask.png,512,1024,256,10,0.2666168212890625,geographic_aoi_v2
ahmedabad_00061,ahmedabad,Sentinel-2,S2B_43QBF_20251202_0_L2A,train,data\expanded_v2\tiles\ahmedabad\images\ahmedabad_00061_rgb.png,data\expanded_v2\tiles\ahmedabad\images\ahmedabad_00061_rgbn.npy,data\expanded_v2\tiles\ahmedabad\masks\ahmedabad_00061_mask.png,512,1152,256,10,0.2440338134765625,geographic_aoi_v2
ahmedabad_00062,ahmedabad,Sentinel-2,S2B_43QBF_20251202_0_L2A,train,data\expanded_v2\tiles\ahmedabad\images\ahmedabad_00062_rgb.png,data\expanded_v2\tiles\ahmedabad\images\ahmedabad_00062_rgbn.npy,data\expanded_v2\tiles\ahmedabad\masks\ahmedabad_00062_mask.png,512,1280,256,10,0.2705078125,geographic_aoi_v2
ahmedabad_00063,ahmedabad,Sentinel-2,S2B_43QBF_20251202_0_L2A,train,data\expanded_v2\tiles\ahmedabad\images\ahmedabad_00063_rgb.png,data\expanded_v2\tiles\ahmedabad\images\ahmedabad_00063_rgbn.npy,data\expanded_v2\tiles\ahmedabad\masks\ahmedabad_00063_mask.png,512,1408,256,10,0.3805389404296875,geographic_aoi_v2
ahmedabad_00064,ahmedabad,Sentinel-2,S2B_43QBF_20251202_0_L2A,train,data\expanded_v2\tiles\ahmedabad\images\ahmedabad_00064_rgb.png,data\expanded_v2\tiles\ahmedabad\images\ahmedabad_00064_rgbn.npy,data\expanded_v2\tiles\ahmedabad\masks\ahmedabad_00064_mask.png,512,1536,256,10,0.46136474609375,geographic_aoi_v2
ahmedabad_00065,ahmedabad,Sentinel-2,S2B_43QBF_20251202_0_L2A,train,data\expanded_v2\tiles\ahmedabad\images\ahmedabad_00065_rgb.png,data\expanded_v2\tiles\ahmedabad\images\ahmedabad_00065_rgbn.npy,data\expanded_v2\tiles\ahmedabad\masks\ahmedabad_00065_mask.png,640,0,256,10,0.1750640869140625,geographic_aoi_v2
ahmedabad_00066,ahmedabad,Sentinel-2,S2B_43QBF_20251202_0_L2A,train,data\expanded_v2\tiles\ahmedabad\images\ahmedabad_00066_rgb.png,data\expanded_v2\tiles\ahmedabad\images\ahmedabad_00066_rgbn.npy,data\expanded_v2\tiles\ahmedabad\masks\ahmedabad_00066_mask.png,640,128,256,10,0.250396728515625,geographic_aoi_v2
ahmedabad_00067,ahmedabad,Sentinel-2,S2B_43QBF_20251202_0_L2A,train,data\expanded_v2\tiles\ahmedabad\images\ahmedabad_00067_rgb.png,data\expanded_v2\tiles\ahmedabad\images\ahmedabad_00067_rgbn.npy,data\expanded_v2\tiles\ahmedabad\masks\ahmedabad_00067_mask.png,640,256,256,10,0.34088134765625,geographic_aoi_v2
ahmedabad_00068,ahmedabad,Sentinel-2,S2B_43QBF_20251202_0_L2A,train,data\expanded_v2\tiles\ahmedabad\images\ahmedabad_00068_rgb.png,data\expanded_v2\tiles\ahmedabad\images\ahmedabad_00068_rgbn.npy,data\expanded_v2\tiles\ahmedabad\masks\ahmedabad_00068_mask.png,640,384,256,10,0.31488037109375,geographic_aoi_v2
ahmedabad_00069,ahmedabad,Sentinel-2,S2B_43QBF_20251202_0_L2A,train,data\expanded_v2\tiles\ahmedabad\images\ahmedabad_00069_rgb.png,data\expanded_v2\tiles\ahmedabad\images\ahmedabad_00069_rgbn.npy,data\expanded_v2\tiles\ahmedabad\masks\ahmedabad_00069_mask.png,640,512,256,10,0.2826690673828125,geographic_aoi_v2
ahmedabad_00070,ahmedabad,Sentinel-2,S2B_43QBF_20251202_0_L2A,train,data\expanded_v2\tiles\ahmedabad\images\ahmedabad_00070_rgb.png,data\expanded_v2\tiles\ahmedabad\images\ahmedabad_00070_rgbn.npy,data\expanded_v2\tiles\ahmedabad\masks\ahmedabad_00070_mask.png,640,640,256,10,0.3147430419921875,geographic_aoi_v2
ahmedabad_00071,ahmedabad,Sentinel-2,S2B_43QBF_20251202_0_L2A,train,data\expanded_v2\tiles\ahmedabad\images\ahmedabad_00071_rgb.png,data\expanded_v2\tiles\ahmedabad\images\ahmedabad_00071_rgbn.npy,data\expanded_v2\tiles\ahmedabad\masks\ahmedabad_00071_mask.png,640,768,256,10,0.3194580078125,geographic_aoi_v2
ahmedabad_00072,ahmedabad,Sentinel-2,S2B_43QBF_20251202_0_L2A,train,data\expanded_v2\tiles\ahmedabad\images\ahmedabad_00072_rgb.png,data\expanded_v2\tiles\ahmedabad\images\ahmedabad_00072_rgbn.npy,data\expanded_v2\tiles\ahmedabad\masks\ahmedabad_00072_mask.png,640,896,256,10,0.3281097412109375,geographic_aoi_v2
ahmedabad_00073,ahmedabad,Sentinel-2,S2B_43QBF_20251202_0_L2A,train,data\expanded_v2\tiles\ahmedabad\images\ahmedabad_00073_rgb.png,data\expanded_v2\tiles\ahmedabad\images\ahmedabad_00073_rgbn.npy,data\expanded_v2\tiles\ahmedabad\masks\ahmedabad_00073_mask.png,640,1024,256,10,0.3032684326171875,geographic_aoi_v2
ahmedabad_00074,ahmedabad,Sentinel-2,S2B_43QBF_20251202_0_L2A,train,data\expanded_v2\tiles\ahmedabad\images\ahmedabad_00074_rgb.png,data\expanded_v2\tiles\ahmedabad\images\ahmedabad_00074_rgbn.npy,data\expanded_v2\tiles\ahmedabad\masks\ahmedabad_00074_mask.png,640,1152,256,10,0.2562255859375,geographic_aoi_v2
ahmedabad_00075,ahmedabad,Sentinel-2,S2B_43QBF_20251202_0_L2A,train,data\expanded_v2\tiles\ahmedabad\images\ahmedabad_00075_rgb.png,data\expanded_v2\tiles\ahmedabad\images\ahmedabad_00075_rgbn.npy,data\expanded_v2\tiles\ahmedabad\masks\ahmedabad_00075_mask.png,640,1280,256,10,0.2944488525390625,geographic_aoi_v2
ahmedabad_00076,ahmedabad,Sentinel-2,S2B_43QBF_20251202_0_L2A,train,data\expanded_v2\tiles\ahmedabad\images\ahmedabad_00076_rgb.png,data\expanded_v2\tiles\ahmedabad\images\ahmedabad_00076_rgbn.npy,data\expanded_v2\tiles\ahmedabad\masks\ahmedabad_00076_mask.png,640,1408,256,10,0.3712158203125,geographic_aoi_v2
ahmedabad_00077,ahmedabad,Sentinel-2,S2B_43QBF_20251202_0_L2A,train,data\expanded_v2\tiles\ahmedabad\images\ahmedabad_00077_rgb.png,data\expanded_v2\tiles\ahmedabad\images\ahmedabad_00077_rgbn.npy,data\expanded_v2\tiles\ahmedabad\masks\ahmedabad_00077_mask.png,640,1536,256,10,0.4100341796875,geographic_aoi_v2
ahmedabad_00078,ahmedabad,Sentinel-2,S2B_43QBF_20251202_0_L2A,train,data\expanded_v2\tiles\ahmedabad\images\ahmedabad_00078_rgb.png,data\expanded_v2\tiles\ahmedabad\images\ahmedabad_00078_rgbn.npy,data\expanded_v2\tiles\ahmedabad\masks\ahmedabad_00078_mask.png,768,0,256,10,0.1889495849609375,geographic_aoi_v2
ahmedabad_00079,ahmedabad,Sentinel-2,S2B_43QBF_20251202_0_L2A,train,data\expanded_v2\tiles\ahmedabad\images\ahmedabad_00079_rgb.png,data\expanded_v2\tiles\ahmedabad\images\ahmedabad_00079_rgbn.npy,data\expanded_v2\tiles\ahmedabad\masks\ahmedabad_00079_mask.png,768,128,256,10,0.28326416015625,geographic_aoi_v2
ahmedabad_00080,ahmedabad,Sentinel-2,S2B_43QBF_20251202_0_L2A,train,data\expanded_v2\tiles\ahmedabad\images\ahmedabad_00080_rgb.png,data\expanded_v2\tiles\ahmedabad\images\ahmedabad_00080_rgbn.npy,data\expanded_v2\tiles\ahmedabad\masks\ahmedabad_00080_mask.png,768,256,256,10,0.3802337646484375,geographic_aoi_v2
ahmedabad_00081,ahmedabad,Sentinel-2,S2B_43QBF_20251202_0_L2A,train,data\expanded_v2\tiles\ahmedabad\images\ahmedabad_00081_rgb.png,data\expanded_v2\tiles\ahmedabad\images\ahmedabad_00081_rgbn.npy,data\expanded_v2\tiles\ahmedabad\masks\ahmedabad_00081_mask.png,768,384,256,10,0.3759307861328125,geographic_aoi_v2
ahmedabad_00082,ahmedabad,Sentinel-2,S2B_43QBF_20251202_0_L2A,train,data\expanded_v2\tiles\ahmedabad\images\ahmedabad_00082_rgb.png,data\expanded_v2\tiles\ahmedabad\images\ahmedabad_00082_rgbn.npy,data\expanded_v2\tiles\ahmedabad\masks\ahmedabad_00082_mask.png,768,512,256,10,0.3289794921875,geographic_aoi_v2
ahmedabad_00083,ahmedabad,Sentinel-2,S2B_43QBF_20251202_0_L2A,train,data\expanded_v2\tiles\ahmedabad\images\ahmedabad_00083_rgb.png,data\expanded_v2\tiles\ahmedabad\images\ahmedabad_00083_rgbn.npy,data\expanded_v2\tiles\ahmedabad\masks\ahmedabad_00083_mask.png,768,640,256,10,0.3356781005859375,geographic_aoi_v2
ahmedabad_00084,ahmedabad,Sentinel-2,S2B_43QBF_20251202_0_L2A,train,data\expanded_v2\tiles\ahmedabad\images\ahmedabad_00084_rgb.png,data\expanded_v2\tiles\ahmedabad\images\ahmedabad_00084_rgbn.npy,data\expanded_v2\tiles\ahmedabad\masks\ahmedabad_00084_mask.png,768,768,256,10,0.3084259033203125,geographic_aoi_v2
ahmedabad_00085,ahmedabad,Sentinel-2,S2B_43QBF_20251202_0_L2A,train,data\expanded_v2\tiles\ahmedabad\images\ahmedabad_00085_rgb.png,data\expanded_v2\tiles\ahmedabad\images\ahmedabad_00085_rgbn.npy,data\expanded_v2\tiles\ahmedabad\masks\ahmedabad_00085_mask.png,768,896,256,10,0.3177032470703125,geographic_aoi_v2
ahmedabad_00086,ahmedabad,Sentinel-2,S2B_43QBF_20251202_0_L2A,train,data\expanded_v2\tiles\ahmedabad\images\ahmedabad_00086_rgb.png,data\expanded_v2\tiles\ahmedabad\images\ahmedabad_00086_rgbn.npy,data\expanded_v2\tiles\ahmedabad\masks\ahmedabad_00086_mask.png,768,1024,256,10,0.313232421875,geographic_aoi_v2
ahmedabad_00087,ahmedabad,Sentinel-2,S2B_43QBF_20251202_0_L2A,train,data\expanded_v2\tiles\ahmedabad\images\ahmedabad_00087_rgb.png,data\expanded_v2\tiles\ahmedabad\images\ahmedabad_00087_rgbn.npy,data\expanded_v2\tiles\ahmedabad\masks\ahmedabad_00087_mask.png,768,1152,256,10,0.2603759765625,geographic_aoi_v2
ahmedabad_00088,ahmedabad,Sentinel-2,S2B_43QBF_20251202_0_L2A,train,data\expanded_v2\tiles\ahmedabad\images\ahmedabad_00088_rgb.png,data\expanded_v2\tiles\ahmedabad\images\ahmedabad_00088_rgbn.npy,data\expanded_v2\tiles\ahmedabad\masks\ahmedabad_00088_mask.png,768,1280,256,10,0.262298583984375,geographic_aoi_v2
ahmedabad_00089,ahmedabad,Sentinel-2,S2B_43QBF_20251202_0_L2A,train,data\expanded_v2\tiles\ahmedabad\images\ahmedabad_00089_rgb.png,data\expanded_v2\tiles\ahmedabad\images\ahmedabad_00089_rgbn.npy,data\expanded_v2\tiles\ahmedabad\masks\ahmedabad_00089_mask.png,768,1408,256,10,0.3206634521484375,geographic_aoi_v2
ahmedabad_00090,ahmedabad,Sentinel-2,S2B_43QBF_20251202_0_L2A,train,data\expanded_v2\tiles\ahmedabad\images\ahmedabad_00090_rgb.png,data\expanded_v2\tiles\ahmedabad\images\ahmedabad_00090_rgbn.npy,data\expanded_v2\tiles\ahmedabad\masks\ahmedabad_00090_mask.png,768,1536,256,10,0.35601806640625,geographic_aoi_v2
ahmedabad_00091,ahmedabad,Sentinel-2,S2B_43QBF_20251202_0_L2A,train,data\expanded_v2\tiles\ahmedabad\images\ahmedabad_00091_rgb.png,data\expanded_v2\tiles\ahmedabad\images\ahmedabad_00091_rgbn.npy,data\expanded_v2\tiles\ahmedabad\masks\ahmedabad_00091_mask.png,896,0,256,10,0.1936492919921875,geographic_aoi_v2
ahmedabad_00092,ahmedabad,Sentinel-2,S2B_43QBF_20251202_0_L2A,train,data\expanded_v2\tiles\ahmedabad\images\ahmedabad_00092_rgb.png,data\expanded_v2\tiles\ahmedabad\images\ahmedabad_00092_rgbn.npy,data\expanded_v2\tiles\ahmedabad\masks\ahmedabad_00092_mask.png,896,128,256,10,0.341522216796875,geographic_aoi_v2
ahmedabad_00093,ahmedabad,Sentinel-2,S2B_43QBF_20251202_0_L2A,train,data\expanded_v2\tiles\ahmedabad\images\ahmedabad_00093_rgb.png,data\expanded_v2\tiles\ahmedabad\images\ahmedabad_00093_rgbn.npy,data\expanded_v2\tiles\ahmedabad\masks\ahmedabad_00093_mask.png,896,256,256,10,0.453826904296875,geographic_aoi_v2
ahmedabad_00094,ahmedabad,Sentinel-2,S2B_43QBF_20251202_0_L2A,train,data\expanded_v2\tiles\ahmedabad\images\ahmedabad_00094_rgb.png,data\expanded_v2\tiles\ahmedabad\images\ahmedabad_00094_rgbn.npy,data\expanded_v2\tiles\ahmedabad\masks\ahmedabad_00094_mask.png,896,384,256,10,0.4156646728515625,geographic_aoi_v2
ahmedabad_00095,ahmedabad,Sentinel-2,S2B_43QBF_20251202_0_L2A,train,data\expanded_v2\tiles\ahmedabad\images\ahmedabad_00095_rgb.png,data\expanded_v2\tiles\ahmedabad\images\ahmedabad_00095_rgbn.npy,data\expanded_v2\tiles\ahmedabad\masks\ahmedabad_00095_mask.png,896,512,256,10,0.3518218994140625,geographic_aoi_v2
ahmedabad_00096,ahmedabad,Sentinel-2,S2B_43QBF_20251202_0_L2A,train,data\expanded_v2\tiles\ahmedabad\images\ahmedabad_00096_rgb.png,data\expanded_v2\tiles\ahmedabad\images\ahmedabad_00096_rgbn.npy,data\expanded_v2\tiles\ahmedabad\masks\ahmedabad_00096_mask.png,896,640,256,10,0.355804443359375,geographic_aoi_v2
ahmedabad_00097,ahmedabad,Sentinel-2,S2B_43QBF_20251202_0_L2A,train,data\expanded_v2\tiles\ahmedabad\images\ahmedabad_00097_rgb.png,data\expanded_v2\tiles\ahmedabad\images\ahmedabad_00097_rgbn.npy,data\expanded_v2\tiles\ahmedabad\masks\ahmedabad_00097_mask.png,896,768,256,10,0.2873382568359375,geographic_aoi_v2
ahmedabad_00098,ahmedabad,Sentinel-2,S2B_43QBF_20251202_0_L2A,train,data\expanded_v2\tiles\ahmedabad\images\ahmedabad_00098_rgb.png,data\expanded_v2\tiles\ahmedabad\images\ahmedabad_00098_rgbn.npy,data\expanded_v2\tiles\ahmedabad\masks\ahmedabad_00098_mask.png,896,896,256,10,0.2916412353515625,geographic_aoi_v2
ahmedabad_00099,ahmedabad,Sentinel-2,S2B_43QBF_20251202_0_L2A,train,data\expanded_v2\tiles\ahmedabad\images\ahmedabad_00099_rgb.png,data\expanded_v2\tiles\ahmedabad\images\ahmedabad_00099_rgbn.npy,data\expanded_v2\tiles\ahmedabad\masks\ahmedabad_00099_mask.png,896,1024,256,10,0.31207275390625,geographic_aoi_v2
ahmedabad_00100,ahmedabad,Sentinel-2,S2B_43QBF_20251202_0_L2A,train,data\expanded_v2\tiles\ahmedabad\images\ahmedabad_00100_rgb.png,data\expanded_v2\tiles\ahmedabad\images\ahmedabad_00100_rgbn.npy,data\expanded_v2\tiles\ahmedabad\masks\ahmedabad_00100_mask.png,896,1152,256,10,0.255126953125,geographic_aoi_v2
ahmedabad_00101,ahmedabad,Sentinel-2,S2B_43QBF_20251202_0_L2A,train,data\expanded_v2\tiles\ahmedabad\images\ahmedabad_00101_rgb.png,data\expanded_v2\tiles\ahmedabad\images\ahmedabad_00101_rgbn.npy,data\expanded_v2\tiles\ahmedabad\masks\ahmedabad_00101_mask.png,896,1280,256,10,0.277069091796875,geographic_aoi_v2
ahmedabad_00102,ahmedabad,Sentinel-2,S2B_43QBF_20251202_0_L2A,train,data\expanded_v2\tiles\ahmedabad\images\ahmedabad_00102_rgb.png,data\expanded_v2\tiles\ahmedabad\images\ahmedabad_00102_rgbn.npy,data\expanded_v2\tiles\ahmedabad\masks\ahmedabad_00102_mask.png,896,1408,256,10,0.3714447021484375,geographic_aoi_v2
ahmedabad_00103,ahmedabad,Sentinel-2,S2B_43QBF_20251202_0_L2A,train,data\expanded_v2\tiles\ahmedabad\images\ahmedabad_00103_rgb.png,data\expanded_v2\tiles\ahmedabad\images\ahmedabad_00103_rgbn.npy,data\expanded_v2\tiles\ahmedabad\masks\ahmedabad_00103_mask.png,896,1536,256,10,0.412933349609375,geographic_aoi_v2
ahmedabad_00104,ahmedabad,Sentinel-2,S2B_43QBF_20251202_0_L2A,train,data\expanded_v2\tiles\ahmedabad\images\ahmedabad_00104_rgb.png,data\expanded_v2\tiles\ahmedabad\images\ahmedabad_00104_rgbn.npy,data\expanded_v2\tiles\ahmedabad\masks\ahmedabad_00104_mask.png,1024,0,256,10,0.192840576171875,geographic_aoi_v2
ahmedabad_00105,ahmedabad,Sentinel-2,S2B_43QBF_20251202_0_L2A,train,data\expanded_v2\tiles\ahmedabad\images\ahmedabad_00105_rgb.png,data\expanded_v2\tiles\ahmedabad\images\ahmedabad_00105_rgbn.npy,data\expanded_v2\tiles\ahmedabad\masks\ahmedabad_00105_mask.png,1024,128,256,10,0.34271240234375,geographic_aoi_v2
ahmedabad_00106,ahmedabad,Sentinel-2,S2B_43QBF_20251202_0_L2A,train,data\expanded_v2\tiles\ahmedabad\images\ahmedabad_00106_rgb.png,data\expanded_v2\tiles\ahmedabad\images\ahmedabad_00106_rgbn.npy,data\expanded_v2\tiles\ahmedabad\masks\ahmedabad_00106_mask.png,1024,256,256,10,0.4534912109375,geographic_aoi_v2
ahmedabad_00107,ahmedabad,Sentinel-2,S2B_43QBF_20251202_0_L2A,train,data\expanded_v2\tiles\ahmedabad\images\ahmedabad_00107_rgb.png,data\expanded_v2\tiles\ahmedabad\images\ahmedabad_00107_rgbn.npy,data\expanded_v2\tiles\ahmedabad\masks\ahmedabad_00107_mask.png,1024,384,256,10,0.3819580078125,geographic_aoi_v2
ahmedabad_00108,ahmedabad,Sentinel-2,S2B_43QBF_20251202_0_L2A,train,data\expanded_v2\tiles\ahmedabad\images\ahmedabad_00108_rgb.png,data\expanded_v2\tiles\ahmedabad\images\ahmedabad_00108_rgbn.npy,data\expanded_v2\tiles\ahmedabad\masks\ahmedabad_00108_mask.png,1024,512,256,10,0.276092529296875,geographic_aoi_v2
ahmedabad_00109,ahmedabad,Sentinel-2,S2B_43QBF_20251202_0_L2A,train,data\expanded_v2\tiles\ahmedabad\images\ahmedabad_00109_rgb.png,data\expanded_v2\tiles\ahmedabad\images\ahmedabad_00109_rgbn.npy,data\expanded_v2\tiles\ahmedabad\masks\ahmedabad_00109_mask.png,1024,640,256,10,0.2397613525390625,geographic_aoi_v2
ahmedabad_00110,ahmedabad,Sentinel-2,S2B_43QBF_20251202_0_L2A,train,data\expanded_v2\tiles\ahmedabad\images\ahmedabad_00110_rgb.png,data\expanded_v2\tiles\ahmedabad\images\ahmedabad_00110_rgbn.npy,data\expanded_v2\tiles\ahmedabad\masks\ahmedabad_00110_mask.png,1024,768,256,10,0.2235260009765625,geographic_aoi_v2
ahmedabad_00111,ahmedabad,Sentinel-2,S2B_43QBF_20251202_0_L2A,train,data\expanded_v2\tiles\ahmedabad\images\ahmedabad_00111_rgb.png,data\expanded_v2\tiles\ahmedabad\images\ahmedabad_00111_rgbn.npy,data\expanded_v2\tiles\ahmedabad\masks\ahmedabad_00111_mask.png,1024,896,256,10,0.2520294189453125,geographic_aoi_v2
ahmedabad_00112,ahmedabad,Sentinel-2,S2B_43QBF_20251202_0_L2A,train,data\expanded_v2\tiles\ahmedabad\images\ahmedabad_00112_rgb.png,data\expanded_v2\tiles\ahmedabad\images\ahmedabad_00112_rgbn.npy,data\expanded_v2\tiles\ahmedabad\masks\ahmedabad_00112_mask.png,1024,1024,256,10,0.3233184814453125,geographic_aoi_v2
ahmedabad_00113,ahmedabad,Sentinel-2,S2B_43QBF_20251202_0_L2A,train,data\expanded_v2\tiles\ahmedabad\images\ahmedabad_00113_rgb.png,data\expanded_v2\tiles\ahmedabad\images\ahmedabad_00113_rgbn.npy,data\expanded_v2\tiles\ahmedabad\masks\ahmedabad_00113_mask.png,1024,1152,256,10,0.346221923828125,geographic_aoi_v2
ahmedabad_00114,ahmedabad,Sentinel-2,S2B_43QBF_20251202_0_L2A,train,data\expanded_v2\tiles\ahmedabad\images\ahmedabad_00114_rgb.png,data\expanded_v2\tiles\ahmedabad\images\ahmedabad_00114_rgbn.npy,data\expanded_v2\tiles\ahmedabad\masks\ahmedabad_00114_mask.png,1024,1280,256,10,0.3673553466796875,geographic_aoi_v2
ahmedabad_00115,ahmedabad,Sentinel-2,S2B_43QBF_20251202_0_L2A,train,data\expanded_v2\tiles\ahmedabad\images\ahmedabad_00115_rgb.png,data\expanded_v2\tiles\ahmedabad\images\ahmedabad_00115_rgbn.npy,data\expanded_v2\tiles\ahmedabad\masks\ahmedabad_00115_mask.png,1024,1408,256,10,0.3972930908203125,geographic_aoi_v2
ahmedabad_00116,ahmedabad,Sentinel-2,S2B_43QBF_20251202_0_L2A,train,data\expanded_v2\tiles\ahmedabad\images\ahmedabad_00116_rgb.png,data\expanded_v2\tiles\ahmedabad\images\ahmedabad_00116_rgbn.npy,data\expanded_v2\tiles\ahmedabad\masks\ahmedabad_00116_mask.png,1024,1536,256,10,0.3719329833984375,geographic_aoi_v2
ahmedabad_00117,ahmedabad,Sentinel-2,S2B_43QBF_20251202_0_L2A,train,data\expanded_v2\tiles\ahmedabad\images\ahmedabad_00117_rgb.png,data\expanded_v2\tiles\ahmedabad\images\ahmedabad_00117_rgbn.npy,data\expanded_v2\tiles\ahmedabad\masks\ahmedabad_00117_mask.png,1152,0,256,10,0.211669921875,geographic_aoi_v2
ahmedabad_00118,ahmedabad,Sentinel-2,S2B_43QBF_20251202_0_L2A,train,data\expanded_v2\tiles\ahmedabad\images\ahmedabad_00118_rgb.png,data\expanded_v2\tiles\ahmedabad\images\ahmedabad_00118_rgbn.npy,data\expanded_v2\tiles\ahmedabad\masks\ahmedabad_00118_mask.png,1152,128,256,10,0.2899627685546875,geographic_aoi_v2
ahmedabad_00119,ahmedabad,Sentinel-2,S2B_43QBF_20251202_0_L2A,train,data\expanded_v2\tiles\ahmedabad\images\ahmedabad_00119_rgb.png,data\expanded_v2\tiles\ahmedabad\images\ahmedabad_00119_rgbn.npy,data\expanded_v2\tiles\ahmedabad\masks\ahmedabad_00119_mask.png,1152,256,256,10,0.2931060791015625,geographic_aoi_v2
ahmedabad_00120,ahmedabad,Sentinel-2,S2B_43QBF_20251202_0_L2A,train,data\expanded_v2\tiles\ahmedabad\images\ahmedabad_00120_rgb.png,data\expanded_v2\tiles\ahmedabad\images\ahmedabad_00120_rgbn.npy,data\expanded_v2\tiles\ahmedabad\masks\ahmedabad_00120_mask.png,1152,384,256,10,0.1910858154296875,geographic_aoi_v2
ahmedabad_00121,ahmedabad,Sentinel-2,S2B_43QBF_20251202_0_L2A,train,data\expanded_v2\tiles\ahmedabad\images\ahmedabad_00121_rgb.png,data\expanded_v2\tiles\ahmedabad\images\ahmedabad_00121_rgbn.npy,data\expanded_v2\tiles\ahmedabad\masks\ahmedabad_00121_mask.png,1152,512,256,10,0.121490478515625,geographic_aoi_v2
ahmedabad_00122,ahmedabad,Sentinel-2,S2B_43QBF_20251202_0_L2A,train,data\expanded_v2\tiles\ahmedabad\images\ahmedabad_00122_rgb.png,data\expanded_v2\tiles\ahmedabad\images\ahmedabad_00122_rgbn.npy,data\expanded_v2\tiles\ahmedabad\masks\ahmedabad_00122_mask.png,1152,640,256,10,0.11639404296875,geographic_aoi_v2
ahmedabad_00123,ahmedabad,Sentinel-2,S2B_43QBF_20251202_0_L2A,train,data\expanded_v2\tiles\ahmedabad\images\ahmedabad_00123_rgb.png,data\expanded_v2\tiles\ahmedabad\images\ahmedabad_00123_rgbn.npy,data\expanded_v2\tiles\ahmedabad\masks\ahmedabad_00123_mask.png,1152,768,256,10,0.1991729736328125,geographic_aoi_v2
ahmedabad_00124,ahmedabad,Sentinel-2,S2B_43QBF_20251202_0_L2A,train,data\expanded_v2\tiles\ahmedabad\images\ahmedabad_00124_rgb.png,data\expanded_v2\tiles\ahmedabad\images\ahmedabad_00124_rgbn.npy,data\expanded_v2\tiles\ahmedabad\masks\ahmedabad_00124_mask.png,1152,896,256,10,0.2816314697265625,geographic_aoi_v2
ahmedabad_00125,ahmedabad,Sentinel-2,S2B_43QBF_20251202_0_L2A,train,data\expanded_v2\tiles\ahmedabad\images\ahmedabad_00125_rgb.png,data\expanded_v2\tiles\ahmedabad\images\ahmedabad_00125_rgbn.npy,data\expanded_v2\tiles\ahmedabad\masks\ahmedabad_00125_mask.png,1152,1024,256,10,0.3787841796875,geographic_aoi_v2
ahmedabad_00126,ahmedabad,Sentinel-2,S2B_43QBF_20251202_0_L2A,train,data\expanded_v2\tiles\ahmedabad\images\ahmedabad_00126_rgb.png,data\expanded_v2\tiles\ahmedabad\images\ahmedabad_00126_rgbn.npy,data\expanded_v2\tiles\ahmedabad\masks\ahmedabad_00126_mask.png,1152,1152,256,10,0.455841064453125,geographic_aoi_v2
ahmedabad_00127,ahmedabad,Sentinel-2,S2B_43QBF_20251202_0_L2A,train,data\expanded_v2\tiles\ahmedabad\images\ahmedabad_00127_rgb.png,data\expanded_v2\tiles\ahmedabad\images\ahmedabad_00127_rgbn.npy,data\expanded_v2\tiles\ahmedabad\masks\ahmedabad_00127_mask.png,1152,1280,256,10,0.4241790771484375,geographic_aoi_v2
ahmedabad_00128,ahmedabad,Sentinel-2,S2B_43QBF_20251202_0_L2A,train,data\expanded_v2\tiles\ahmedabad\images\ahmedabad_00128_rgb.png,data\expanded_v2\tiles\ahmedabad\images\ahmedabad_00128_rgbn.npy,data\expanded_v2\tiles\ahmedabad\masks\ahmedabad_00128_mask.png,1152,1408,256,10,0.3603057861328125,geographic_aoi_v2
ahmedabad_00129,ahmedabad,Sentinel-2,S2B_43QBF_20251202_0_L2A,train,data\expanded_v2\tiles\ahmedabad\images\ahmedabad_00129_rgb.png,data\expanded_v2\tiles\ahmedabad\images\ahmedabad_00129_rgbn.npy,data\expanded_v2\tiles\ahmedabad\masks\ahmedabad_00129_mask.png,1152,1536,256,10,0.2736358642578125,geographic_aoi_v2
ahmedabad_00130,ahmedabad,Sentinel-2,S2B_43QBF_20251202_0_L2A,train,data\expanded_v2\tiles\ahmedabad\images\ahmedabad_00130_rgb.png,data\expanded_v2\tiles\ahmedabad\images\ahmedabad_00130_rgbn.npy,data\expanded_v2\tiles\ahmedabad\masks\ahmedabad_00130_mask.png,1280,0,256,10,0.1512298583984375,geographic_aoi_v2
ahmedabad_00131,ahmedabad,Sentinel-2,S2B_43QBF_20251202_0_L2A,train,data\expanded_v2\tiles\ahmedabad\images\ahmedabad_00131_rgb.png,data\expanded_v2\tiles\ahmedabad\images\ahmedabad_00131_rgbn.npy,data\expanded_v2\tiles\ahmedabad\masks\ahmedabad_00131_mask.png,1280,128,256,10,0.1816253662109375,geographic_aoi_v2
ahmedabad_00132,ahmedabad,Sentinel-2,S2B_43QBF_20251202_0_L2A,train,data\expanded_v2\tiles\ahmedabad\images\ahmedabad_00132_rgb.png,data\expanded_v2\tiles\ahmedabad\images\ahmedabad_00132_rgbn.npy,data\expanded_v2\tiles\ahmedabad\masks\ahmedabad_00132_mask.png,1280,256,256,10,0.1124114990234375,geographic_aoi_v2
ahmedabad_00133,ahmedabad,Sentinel-2,S2B_43QBF_20251202_0_L2A,train,data\expanded_v2\tiles\ahmedabad\images\ahmedabad_00133_rgb.png,data\expanded_v2\tiles\ahmedabad\images\ahmedabad_00133_rgbn.npy,data\expanded_v2\tiles\ahmedabad\masks\ahmedabad_00133_mask.png,1280,384,256,10,0.0613250732421875,geographic_aoi_v2
ahmedabad_00134,ahmedabad,Sentinel-2,S2B_43QBF_20251202_0_L2A,train,data\expanded_v2\tiles\ahmedabad\images\ahmedabad_00134_rgb.png,data\expanded_v2\tiles\ahmedabad\images\ahmedabad_00134_rgbn.npy,data\expanded_v2\tiles\ahmedabad\masks\ahmedabad_00134_mask.png,1280,512,256,10,0.0850067138671875,geographic_aoi_v2
ahmedabad_00135,ahmedabad,Sentinel-2,S2B_43QBF_20251202_0_L2A,train,data\expanded_v2\tiles\ahmedabad\images\ahmedabad_00135_rgb.png,data\expanded_v2\tiles\ahmedabad\images\ahmedabad_00135_rgbn.npy,data\expanded_v2\tiles\ahmedabad\masks\ahmedabad_00135_mask.png,1280,640,256,10,0.096435546875,geographic_aoi_v2
ahmedabad_00136,ahmedabad,Sentinel-2,S2B_43QBF_20251202_0_L2A,train,data\expanded_v2\tiles\ahmedabad\images\ahmedabad_00136_rgb.png,data\expanded_v2\tiles\ahmedabad\images\ahmedabad_00136_rgbn.npy,data\expanded_v2\tiles\ahmedabad\masks\ahmedabad_00136_mask.png,1280,768,256,10,0.16876220703125,geographic_aoi_v2
ahmedabad_00137,ahmedabad,Sentinel-2,S2B_43QBF_20251202_0_L2A,train,data\expanded_v2\tiles\ahmedabad\images\ahmedabad_00137_rgb.png,data\expanded_v2\tiles\ahmedabad\images\ahmedabad_00137_rgbn.npy,data\expanded_v2\tiles\ahmedabad\masks\ahmedabad_00137_mask.png,1280,896,256,10,0.275848388671875,geographic_aoi_v2
ahmedabad_00138,ahmedabad,Sentinel-2,S2B_43QBF_20251202_0_L2A,train,data\expanded_v2\tiles\ahmedabad\images\ahmedabad_00138_rgb.png,data\expanded_v2\tiles\ahmedabad\images\ahmedabad_00138_rgbn.npy,data\expanded_v2\tiles\ahmedabad\masks\ahmedabad_00138_mask.png,1280,1024,256,10,0.3805084228515625,geographic_aoi_v2
ahmedabad_00139,ahmedabad,Sentinel-2,S2B_43QBF_20251202_0_L2A,train,data\expanded_v2\tiles\ahmedabad\images\ahmedabad_00139_rgb.png,data\expanded_v2\tiles\ahmedabad\images\ahmedabad_00139_rgbn.npy,data\expanded_v2\tiles\ahmedabad\masks\ahmedabad_00139_mask.png,1280,1152,256,10,0.461669921875,geographic_aoi_v2
ahmedabad_00140,ahmedabad,Sentinel-2,S2B_43QBF_20251202_0_L2A,train,data\expanded_v2\tiles\ahmedabad\images\ahmedabad_00140_rgb.png,data\expanded_v2\tiles\ahmedabad\images\ahmedabad_00140_rgbn.npy,data\expanded_v2\tiles\ahmedabad\masks\ahmedabad_00140_mask.png,1280,1280,256,10,0.39068603515625,geographic_aoi_v2
ahmedabad_00141,ahmedabad,Sentinel-2,S2B_43QBF_20251202_0_L2A,train,data\expanded_v2\tiles\ahmedabad\images\ahmedabad_00141_rgb.png,data\expanded_v2\tiles\ahmedabad\images\ahmedabad_00141_rgbn.npy,data\expanded_v2\tiles\ahmedabad\masks\ahmedabad_00141_mask.png,1280,1408,256,10,0.2804412841796875,geographic_aoi_v2
ahmedabad_00142,ahmedabad,Sentinel-2,S2B_43QBF_20251202_0_L2A,train,data\expanded_v2\tiles\ahmedabad\images\ahmedabad_00142_rgb.png,data\expanded_v2\tiles\ahmedabad\images\ahmedabad_00142_rgbn.npy,data\expanded_v2\tiles\ahmedabad\masks\ahmedabad_00142_mask.png,1280,1536,256,10,0.2238922119140625,geographic_aoi_v2
ahmedabad_00143,ahmedabad,Sentinel-2,S2B_43QBF_20251202_0_L2A,train,data\expanded_v2\tiles\ahmedabad\images\ahmedabad_00143_rgb.png,data\expanded_v2\tiles\ahmedabad\images\ahmedabad_00143_rgbn.npy,data\expanded_v2\tiles\ahmedabad\masks\ahmedabad_00143_mask.png,1408,0,256,10,0.073577880859375,geographic_aoi_v2
ahmedabad_00144,ahmedabad,Sentinel-2,S2B_43QBF_20251202_0_L2A,train,data\expanded_v2\tiles\ahmedabad\images\ahmedabad_00144_rgb.png,data\expanded_v2\tiles\ahmedabad\images\ahmedabad_00144_rgbn.npy,data\expanded_v2\tiles\ahmedabad\masks\ahmedabad_00144_mask.png,1408,128,256,10,0.073883056640625,geographic_aoi_v2
ahmedabad_00145,ahmedabad,Sentinel-2,S2B_43QBF_20251202_0_L2A,train,data\expanded_v2\tiles\ahmedabad\images\ahmedabad_00145_rgb.png,data\expanded_v2\tiles\ahmedabad\images\ahmedabad_00145_rgbn.npy,data\expanded_v2\tiles\ahmedabad\masks\ahmedabad_00145_mask.png,1408,256,256,10,0.0242156982421875,geographic_aoi_v2
ahmedabad_00146,ahmedabad,Sentinel-2,S2B_43QBF_20251202_0_L2A,train,data\expanded_v2\tiles\ahmedabad\images\ahmedabad_00146_rgb.png,data\expanded_v2\tiles\ahmedabad\images\ahmedabad_00146_rgbn.npy,data\expanded_v2\tiles\ahmedabad\masks\ahmedabad_00146_mask.png,1408,384,256,10,0.0339508056640625,geographic_aoi_v2
ahmedabad_00147,ahmedabad,Sentinel-2,S2B_43QBF_20251202_0_L2A,train,data\expanded_v2\tiles\ahmedabad\images\ahmedabad_00147_rgb.png,data\expanded_v2\tiles\ahmedabad\images\ahmedabad_00147_rgbn.npy,data\expanded_v2\tiles\ahmedabad\masks\ahmedabad_00147_mask.png,1408,512,256,10,0.077056884765625,geographic_aoi_v2
ahmedabad_00148,ahmedabad,Sentinel-2,S2B_43QBF_20251202_0_L2A,train,data\expanded_v2\tiles\ahmedabad\images\ahmedabad_00148_rgb.png,data\expanded_v2\tiles\ahmedabad\images\ahmedabad_00148_rgbn.npy,data\expanded_v2\tiles\ahmedabad\masks\ahmedabad_00148_mask.png,1408,640,256,10,0.08306884765625,geographic_aoi_v2
ahmedabad_00149,ahmedabad,Sentinel-2,S2B_43QBF_20251202_0_L2A,train,data\expanded_v2\tiles\ahmedabad\images\ahmedabad_00149_rgb.png,data\expanded_v2\tiles\ahmedabad\images\ahmedabad_00149_rgbn.npy,data\expanded_v2\tiles\ahmedabad\masks\ahmedabad_00149_mask.png,1408,768,256,10,0.1098785400390625,geographic_aoi_v2
ahmedabad_00150,ahmedabad,Sentinel-2,S2B_43QBF_20251202_0_L2A,train,data\expanded_v2\tiles\ahmedabad\images\ahmedabad_00150_rgb.png,data\expanded_v2\tiles\ahmedabad\images\ahmedabad_00150_rgbn.npy,data\expanded_v2\tiles\ahmedabad\masks\ahmedabad_00150_mask.png,1408,896,256,10,0.1886138916015625,geographic_aoi_v2
ahmedabad_00151,ahmedabad,Sentinel-2,S2B_43QBF_20251202_0_L2A,train,data\expanded_v2\tiles\ahmedabad\images\ahmedabad_00151_rgb.png,data\expanded_v2\tiles\ahmedabad\images\ahmedabad_00151_rgbn.npy,data\expanded_v2\tiles\ahmedabad\masks\ahmedabad_00151_mask.png,1408,1024,256,10,0.273345947265625,geographic_aoi_v2
ahmedabad_00152,ahmedabad,Sentinel-2,S2B_43QBF_20251202_0_L2A,train,data\expanded_v2\tiles\ahmedabad\images\ahmedabad_00152_rgb.png,data\expanded_v2\tiles\ahmedabad\images\ahmedabad_00152_rgbn.npy,data\expanded_v2\tiles\ahmedabad\masks\ahmedabad_00152_mask.png,1408,1152,256,10,0.340789794921875,geographic_aoi_v2
ahmedabad_00153,ahmedabad,Sentinel-2,S2B_43QBF_20251202_0_L2A,train,data\expanded_v2\tiles\ahmedabad\images\ahmedabad_00153_rgb.png,data\expanded_v2\tiles\ahmedabad\images\ahmedabad_00153_rgbn.npy,data\expanded_v2\tiles\ahmedabad\masks\ahmedabad_00153_mask.png,1408,1280,256,10,0.3301239013671875,geographic_aoi_v2
ahmedabad_00154,ahmedabad,Sentinel-2,S2B_43QBF_20251202_0_L2A,train,data\expanded_v2\tiles\ahmedabad\images\ahmedabad_00154_rgb.png,data\expanded_v2\tiles\ahmedabad\images\ahmedabad_00154_rgbn.npy,data\expanded_v2\tiles\ahmedabad\masks\ahmedabad_00154_mask.png,1408,1408,256,10,0.236328125,geographic_aoi_v2
ahmedabad_00155,ahmedabad,Sentinel-2,S2B_43QBF_20251202_0_L2A,train,data\expanded_v2\tiles\ahmedabad\images\ahmedabad_00155_rgb.png,data\expanded_v2\tiles\ahmedabad\images\ahmedabad_00155_rgbn.npy,data\expanded_v2\tiles\ahmedabad\masks\ahmedabad_00155_mask.png,1408,1536,256,10,0.19012451171875,geographic_aoi_v2
jaipur_00000,jaipur,Sentinel-2,S2C_43REK_20251025_0_L2A,train,data\expanded_v2\tiles\jaipur\images\jaipur_00000_rgb.png,data\expanded_v2\tiles\jaipur\images\jaipur_00000_rgbn.npy,data\expanded_v2\tiles\jaipur\masks\jaipur_00000_mask.png,0,0,256,10,0.172332763671875,geographic_aoi_v2
jaipur_00001,jaipur,Sentinel-2,S2C_43REK_20251025_0_L2A,train,data\expanded_v2\tiles\jaipur\images\jaipur_00001_rgb.png,data\expanded_v2\tiles\jaipur\images\jaipur_00001_rgbn.npy,data\expanded_v2\tiles\jaipur\masks\jaipur_00001_mask.png,0,128,256,10,0.232421875,geographic_aoi_v2
jaipur_00002,jaipur,Sentinel-2,S2C_43REK_20251025_0_L2A,train,data\expanded_v2\tiles\jaipur\images\jaipur_00002_rgb.png,data\expanded_v2\tiles\jaipur\images\jaipur_00002_rgbn.npy,data\expanded_v2\tiles\jaipur\masks\jaipur_00002_mask.png,0,256,256,10,0.3406982421875,geographic_aoi_v2
jaipur_00003,jaipur,Sentinel-2,S2C_43REK_20251025_0_L2A,train,data\expanded_v2\tiles\jaipur\images\jaipur_00003_rgb.png,data\expanded_v2\tiles\jaipur\images\jaipur_00003_rgbn.npy,data\expanded_v2\tiles\jaipur\masks\jaipur_00003_mask.png,0,384,256,10,0.444427490234375,geographic_aoi_v2
jaipur_00004,jaipur,Sentinel-2,S2C_43REK_20251025_0_L2A,train,data\expanded_v2\tiles\jaipur\images\jaipur_00004_rgb.png,data\expanded_v2\tiles\jaipur\images\jaipur_00004_rgbn.npy,data\expanded_v2\tiles\jaipur\masks\jaipur_00004_mask.png,0,512,256,10,0.4454803466796875,geographic_aoi_v2
jaipur_00005,jaipur,Sentinel-2,S2C_43REK_20251025_0_L2A,train,data\expanded_v2\tiles\jaipur\images\jaipur_00005_rgb.png,data\expanded_v2\tiles\jaipur\images\jaipur_00005_rgbn.npy,data\expanded_v2\tiles\jaipur\masks\jaipur_00005_mask.png,0,640,256,10,0.2925872802734375,geographic_aoi_v2
jaipur_00006,jaipur,Sentinel-2,S2C_43REK_20251025_0_L2A,train,data\expanded_v2\tiles\jaipur\images\jaipur_00006_rgb.png,data\expanded_v2\tiles\jaipur\images\jaipur_00006_rgbn.npy,data\expanded_v2\tiles\jaipur\masks\jaipur_00006_mask.png,0,768,256,10,0.0940093994140625,geographic_aoi_v2
jaipur_00007,jaipur,Sentinel-2,S2C_43REK_20251025_0_L2A,train,data\expanded_v2\tiles\jaipur\images\jaipur_00007_rgb.png,data\expanded_v2\tiles\jaipur\images\jaipur_00007_rgbn.npy,data\expanded_v2\tiles\jaipur\masks\jaipur_00007_mask.png,0,896,256,10,0.013824462890625,geographic_aoi_v2
jaipur_00008,jaipur,Sentinel-2,S2C_43REK_20251025_0_L2A,train,data\expanded_v2\tiles\jaipur\images\jaipur_00008_rgb.png,data\expanded_v2\tiles\jaipur\images\jaipur_00008_rgbn.npy,data\expanded_v2\tiles\jaipur\masks\jaipur_00008_mask.png,0,1024,256,10,0.001190185546875,geographic_aoi_v2
jaipur_00009,jaipur,Sentinel-2,S2C_43REK_20251025_0_L2A,train,data\expanded_v2\tiles\jaipur\images\jaipur_00009_rgb.png,data\expanded_v2\tiles\jaipur\images\jaipur_00009_rgbn.npy,data\expanded_v2\tiles\jaipur\masks\jaipur_00009_mask.png,0,1152,256,10,0.0188751220703125,geographic_aoi_v2
jaipur_00010,jaipur,Sentinel-2,S2C_43REK_20251025_0_L2A,train,data\expanded_v2\tiles\jaipur\images\jaipur_00010_rgb.png,data\expanded_v2\tiles\jaipur\images\jaipur_00010_rgbn.npy,data\expanded_v2\tiles\jaipur\masks\jaipur_00010_mask.png,0,1280,256,10,0.051300048828125,geographic_aoi_v2
jaipur_00011,jaipur,Sentinel-2,S2C_43REK_20251025_0_L2A,train,data\expanded_v2\tiles\jaipur\images\jaipur_00011_rgb.png,data\expanded_v2\tiles\jaipur\images\jaipur_00011_rgbn.npy,data\expanded_v2\tiles\jaipur\masks\jaipur_00011_mask.png,0,1408,256,10,0.0932769775390625,geographic_aoi_v2
jaipur_00012,jaipur,Sentinel-2,S2C_43REK_20251025_0_L2A,train,data\expanded_v2\tiles\jaipur\images\jaipur_00012_rgb.png,data\expanded_v2\tiles\jaipur\images\jaipur_00012_rgbn.npy,data\expanded_v2\tiles\jaipur\masks\jaipur_00012_mask.png,128,0,256,10,0.2879638671875,geographic_aoi_v2
jaipur_00013,jaipur,Sentinel-2,S2C_43REK_20251025_0_L2A,train,data\expanded_v2\tiles\jaipur\images\jaipur_00013_rgb.png,data\expanded_v2\tiles\jaipur\images\jaipur_00013_rgbn.npy,data\expanded_v2\tiles\jaipur\masks\jaipur_00013_mask.png,128,128,256,10,0.3437652587890625,geographic_aoi_v2
jaipur_00014,jaipur,Sentinel-2,S2C_43REK_20251025_0_L2A,train,data\expanded_v2\tiles\jaipur\images\jaipur_00014_rgb.png,data\expanded_v2\tiles\jaipur\images\jaipur_00014_rgbn.npy,data\expanded_v2\tiles\jaipur\masks\jaipur_00014_mask.png,128,256,256,10,0.3909759521484375,geographic_aoi_v2
jaipur_00015,jaipur,Sentinel-2,S2C_43REK_20251025_0_L2A,train,data\expanded_v2\tiles\jaipur\images\jaipur_00015_rgb.png,data\expanded_v2\tiles\jaipur\images\jaipur_00015_rgbn.npy,data\expanded_v2\tiles\jaipur\masks\jaipur_00015_mask.png,128,384,256,10,0.4222412109375,geographic_aoi_v2
jaipur_00016,jaipur,Sentinel-2,S2C_43REK_20251025_0_L2A,train,data\expanded_v2\tiles\jaipur\images\jaipur_00016_rgb.png,data\expanded_v2\tiles\jaipur\images\jaipur_00016_rgbn.npy,data\expanded_v2\tiles\jaipur\masks\jaipur_00016_mask.png,128,512,256,10,0.4322662353515625,geographic_aoi_v2
jaipur_00017,jaipur,Sentinel-2,S2C_43REK_20251025_0_L2A,train,data\expanded_v2\tiles\jaipur\images\jaipur_00017_rgb.png,data\expanded_v2\tiles\jaipur\images\jaipur_00017_rgbn.npy,data\expanded_v2\tiles\jaipur\masks\jaipur_00017_mask.png,128,640,256,10,0.3776092529296875,geographic_aoi_v2
jaipur_00018,jaipur,Sentinel-2,S2C_43REK_20251025_0_L2A,train,data\expanded_v2\tiles\jaipur\images\jaipur_00018_rgb.png,data\expanded_v2\tiles\jaipur\images\jaipur_00018_rgbn.npy,data\expanded_v2\tiles\jaipur\masks\jaipur_00018_mask.png,128,768,256,10,0.18499755859375,geographic_aoi_v2
jaipur_00019,jaipur,Sentinel-2,S2C_43REK_20251025_0_L2A,train,data\expanded_v2\tiles\jaipur\images\jaipur_00019_rgb.png,data\expanded_v2\tiles\jaipur\images\jaipur_00019_rgbn.npy,data\expanded_v2\tiles\jaipur\masks\jaipur_00019_mask.png,128,896,256,10,0.04541015625,geographic_aoi_v2
jaipur_00020,jaipur,Sentinel-2,S2C_43REK_20251025_0_L2A,train,data\expanded_v2\tiles\jaipur\images\jaipur_00020_rgb.png,data\expanded_v2\tiles\jaipur\images\jaipur_00020_rgbn.npy,data\expanded_v2\tiles\jaipur\masks\jaipur_00020_mask.png,128,1024,256,10,0.008392333984375,geographic_aoi_v2
jaipur_00021,jaipur,Sentinel-2,S2C_43REK_20251025_0_L2A,train,data\expanded_v2\tiles\jaipur\images\jaipur_00021_rgb.png,data\expanded_v2\tiles\jaipur\images\jaipur_00021_rgbn.npy,data\expanded_v2\tiles\jaipur\masks\jaipur_00021_mask.png,128,1152,256,10,0.018280029296875,geographic_aoi_v2
jaipur_00022,jaipur,Sentinel-2,S2C_43REK_20251025_0_L2A,train,data\expanded_v2\tiles\jaipur\images\jaipur_00022_rgb.png,data\expanded_v2\tiles\jaipur\images\jaipur_00022_rgbn.npy,data\expanded_v2\tiles\jaipur\masks\jaipur_00022_mask.png,128,1280,256,10,0.0641021728515625,geographic_aoi_v2
jaipur_00023,jaipur,Sentinel-2,S2C_43REK_20251025_0_L2A,train,data\expanded_v2\tiles\jaipur\images\jaipur_00023_rgb.png,data\expanded_v2\tiles\jaipur\images\jaipur_00023_rgbn.npy,data\expanded_v2\tiles\jaipur\masks\jaipur_00023_mask.png,128,1408,256,10,0.05487060546875,geographic_aoi_v2
jaipur_00024,jaipur,Sentinel-2,S2C_43REK_20251025_0_L2A,train,data\expanded_v2\tiles\jaipur\images\jaipur_00024_rgb.png,data\expanded_v2\tiles\jaipur\images\jaipur_00024_rgbn.npy,data\expanded_v2\tiles\jaipur\masks\jaipur_00024_mask.png,256,0,256,10,0.3482513427734375,geographic_aoi_v2
jaipur_00025,jaipur,Sentinel-2,S2C_43REK_20251025_0_L2A,train,data\expanded_v2\tiles\jaipur\images\jaipur_00025_rgb.png,data\expanded_v2\tiles\jaipur\images\jaipur_00025_rgbn.npy,data\expanded_v2\tiles\jaipur\masks\jaipur_00025_mask.png,256,128,256,10,0.382598876953125,geographic_aoi_v2
jaipur_00026,jaipur,Sentinel-2,S2C_43REK_20251025_0_L2A,train,data\expanded_v2\tiles\jaipur\images\jaipur_00026_rgb.png,data\expanded_v2\tiles\jaipur\images\jaipur_00026_rgbn.npy,data\expanded_v2\tiles\jaipur\masks\jaipur_00026_mask.png,256,256,256,10,0.408599853515625,geographic_aoi_v2
jaipur_00027,jaipur,Sentinel-2,S2C_43REK_20251025_0_L2A,train,data\expanded_v2\tiles\jaipur\images\jaipur_00027_rgb.png,data\expanded_v2\tiles\jaipur\images\jaipur_00027_rgbn.npy,data\expanded_v2\tiles\jaipur\masks\jaipur_00027_mask.png,256,384,256,10,0.3375091552734375,geographic_aoi_v2
jaipur_00028,jaipur,Sentinel-2,S2C_43REK_20251025_0_L2A,train,data\expanded_v2\tiles\jaipur\images\jaipur_00028_rgb.png,data\expanded_v2\tiles\jaipur\images\jaipur_00028_rgbn.npy,data\expanded_v2\tiles\jaipur\masks\jaipur_00028_mask.png,256,512,256,10,0.310028076171875,geographic_aoi_v2
jaipur_00029,jaipur,Sentinel-2,S2C_43REK_20251025_0_L2A,train,data\expanded_v2\tiles\jaipur\images\jaipur_00029_rgb.png,data\expanded_v2\tiles\jaipur\images\jaipur_00029_rgbn.npy,data\expanded_v2\tiles\jaipur\masks\jaipur_00029_mask.png,256,640,256,10,0.4012908935546875,geographic_aoi_v2
jaipur_00030,jaipur,Sentinel-2,S2C_43REK_20251025_0_L2A,train,data\expanded_v2\tiles\jaipur\images\jaipur_00030_rgb.png,data\expanded_v2\tiles\jaipur\images\jaipur_00030_rgbn.npy,data\expanded_v2\tiles\jaipur\masks\jaipur_00030_mask.png,256,768,256,10,0.3325958251953125,geographic_aoi_v2
jaipur_00031,jaipur,Sentinel-2,S2C_43REK_20251025_0_L2A,train,data\expanded_v2\tiles\jaipur\images\jaipur_00031_rgb.png,data\expanded_v2\tiles\jaipur\images\jaipur_00031_rgbn.npy,data\expanded_v2\tiles\jaipur\masks\jaipur_00031_mask.png,256,896,256,10,0.185333251953125,geographic_aoi_v2
jaipur_00032,jaipur,Sentinel-2,S2C_43REK_20251025_0_L2A,train,data\expanded_v2\tiles\jaipur\images\jaipur_00032_rgb.png,data\expanded_v2\tiles\jaipur\images\jaipur_00032_rgbn.npy,data\expanded_v2\tiles\jaipur\masks\jaipur_00032_mask.png,256,1024,256,10,0.0690765380859375,geographic_aoi_v2
jaipur_00033,jaipur,Sentinel-2,S2C_43REK_20251025_0_L2A,train,data\expanded_v2\tiles\jaipur\images\jaipur_00033_rgb.png,data\expanded_v2\tiles\jaipur\images\jaipur_00033_rgbn.npy,data\expanded_v2\tiles\jaipur\masks\jaipur_00033_mask.png,256,1152,256,10,0.039703369140625,geographic_aoi_v2
jaipur_00034,jaipur,Sentinel-2,S2C_43REK_20251025_0_L2A,train,data\expanded_v2\tiles\jaipur\images\jaipur_00034_rgb.png,data\expanded_v2\tiles\jaipur\images\jaipur_00034_rgbn.npy,data\expanded_v2\tiles\jaipur\masks\jaipur_00034_mask.png,256,1280,256,10,0.0923614501953125,geographic_aoi_v2
jaipur_00035,jaipur,Sentinel-2,S2C_43REK_20251025_0_L2A,train,data\expanded_v2\tiles\jaipur\images\jaipur_00035_rgb.png,data\expanded_v2\tiles\jaipur\images\jaipur_00035_rgbn.npy,data\expanded_v2\tiles\jaipur\masks\jaipur_00035_mask.png,256,1408,256,10,0.0914306640625,geographic_aoi_v2
jaipur_00036,jaipur,Sentinel-2,S2C_43REK_20251025_0_L2A,train,data\expanded_v2\tiles\jaipur\images\jaipur_00036_rgb.png,data\expanded_v2\tiles\jaipur\images\jaipur_00036_rgbn.npy,data\expanded_v2\tiles\jaipur\masks\jaipur_00036_mask.png,384,0,256,10,0.3992156982421875,geographic_aoi_v2
jaipur_00037,jaipur,Sentinel-2,S2C_43REK_20251025_0_L2A,train,data\expanded_v2\tiles\jaipur\images\jaipur_00037_rgb.png,data\expanded_v2\tiles\jaipur\images\jaipur_00037_rgbn.npy,data\expanded_v2\tiles\jaipur\masks\jaipur_00037_mask.png,384,128,256,10,0.4140472412109375,geographic_aoi_v2
jaipur_00038,jaipur,Sentinel-2,S2C_43REK_20251025_0_L2A,train,data\expanded_v2\tiles\jaipur\images\jaipur_00038_rgb.png,data\expanded_v2\tiles\jaipur\images\jaipur_00038_rgbn.npy,data\expanded_v2\tiles\jaipur\masks\jaipur_00038_mask.png,384,256,256,10,0.42413330078125,geographic_aoi_v2
jaipur_00039,jaipur,Sentinel-2,S2C_43REK_20251025_0_L2A,train,data\expanded_v2\tiles\jaipur\images\jaipur_00039_rgb.png,data\expanded_v2\tiles\jaipur\images\jaipur_00039_rgbn.npy,data\expanded_v2\tiles\jaipur\masks\jaipur_00039_mask.png,384,384,256,10,0.385284423828125,geographic_aoi_v2
jaipur_00040,jaipur,Sentinel-2,S2C_43REK_20251025_0_L2A,train,data\expanded_v2\tiles\jaipur\images\jaipur_00040_rgb.png,data\expanded_v2\tiles\jaipur\images\jaipur_00040_rgbn.npy,data\expanded_v2\tiles\jaipur\masks\jaipur_00040_mask.png,384,512,256,10,0.31396484375,geographic_aoi_v2
jaipur_00041,jaipur,Sentinel-2,S2C_43REK_20251025_0_L2A,train,data\expanded_v2\tiles\jaipur\images\jaipur_00041_rgb.png,data\expanded_v2\tiles\jaipur\images\jaipur_00041_rgbn.npy,data\expanded_v2\tiles\jaipur\masks\jaipur_00041_mask.png,384,640,256,10,0.326080322265625,geographic_aoi_v2
jaipur_00042,jaipur,Sentinel-2,S2C_43REK_20251025_0_L2A,train,data\expanded_v2\tiles\jaipur\images\jaipur_00042_rgb.png,data\expanded_v2\tiles\jaipur\images\jaipur_00042_rgbn.npy,data\expanded_v2\tiles\jaipur\masks\jaipur_00042_mask.png,384,768,256,10,0.3458709716796875,geographic_aoi_v2
jaipur_00043,jaipur,Sentinel-2,S2C_43REK_20251025_0_L2A,train,data\expanded_v2\tiles\jaipur\images\jaipur_00043_rgb.png,data\expanded_v2\tiles\jaipur\images\jaipur_00043_rgbn.npy,data\expanded_v2\tiles\jaipur\masks\jaipur_00043_mask.png,384,896,256,10,0.3106536865234375,geographic_aoi_v2
jaipur_00044,jaipur,Sentinel-2,S2C_43REK_20251025_0_L2A,train,data\expanded_v2\tiles\jaipur\images\jaipur_00044_rgb.png,data\expanded_v2\tiles\jaipur\images\jaipur_00044_rgbn.npy,data\expanded_v2\tiles\jaipur\masks\jaipur_00044_mask.png,384,1024,256,10,0.1883392333984375,geographic_aoi_v2
jaipur_00045,jaipur,Sentinel-2,S2C_43REK_20251025_0_L2A,train,data\expanded_v2\tiles\jaipur\images\jaipur_00045_rgb.png,data\expanded_v2\tiles\jaipur\images\jaipur_00045_rgbn.npy,data\expanded_v2\tiles\jaipur\masks\jaipur_00045_mask.png,384,1152,256,10,0.170806884765625,geographic_aoi_v2
jaipur_00046,jaipur,Sentinel-2,S2C_43REK_20251025_0_L2A,train,data\expanded_v2\tiles\jaipur\images\jaipur_00046_rgb.png,data\expanded_v2\tiles\jaipur\images\jaipur_00046_rgbn.npy,data\expanded_v2\tiles\jaipur\masks\jaipur_00046_mask.png,384,1280,256,10,0.2524566650390625,geographic_aoi_v2
jaipur_00047,jaipur,Sentinel-2,S2C_43REK_20251025_0_L2A,train,data\expanded_v2\tiles\jaipur\images\jaipur_00047_rgb.png,data\expanded_v2\tiles\jaipur\images\jaipur_00047_rgbn.npy,data\expanded_v2\tiles\jaipur\masks\jaipur_00047_mask.png,384,1408,256,10,0.1629638671875,geographic_aoi_v2
jaipur_00048,jaipur,Sentinel-2,S2C_43REK_20251025_0_L2A,train,data\expanded_v2\tiles\jaipur\images\jaipur_00048_rgb.png,data\expanded_v2\tiles\jaipur\images\jaipur_00048_rgbn.npy,data\expanded_v2\tiles\jaipur\masks\jaipur_00048_mask.png,512,0,256,10,0.4000091552734375,geographic_aoi_v2
jaipur_00049,jaipur,Sentinel-2,S2C_43REK_20251025_0_L2A,train,data\expanded_v2\tiles\jaipur\images\jaipur_00049_rgb.png,data\expanded_v2\tiles\jaipur\images\jaipur_00049_rgbn.npy,data\expanded_v2\tiles\jaipur\masks\jaipur_00049_mask.png,512,128,256,10,0.430877685546875,geographic_aoi_v2
jaipur_00050,jaipur,Sentinel-2,S2C_43REK_20251025_0_L2A,train,data\expanded_v2\tiles\jaipur\images\jaipur_00050_rgb.png,data\expanded_v2\tiles\jaipur\images\jaipur_00050_rgbn.npy,data\expanded_v2\tiles\jaipur\masks\jaipur_00050_mask.png,512,256,256,10,0.4495697021484375,geographic_aoi_v2
jaipur_00051,jaipur,Sentinel-2,S2C_43REK_20251025_0_L2A,train,data\expanded_v2\tiles\jaipur\images\jaipur_00051_rgb.png,data\expanded_v2\tiles\jaipur\images\jaipur_00051_rgbn.npy,data\expanded_v2\tiles\jaipur\masks\jaipur_00051_mask.png,512,384,256,10,0.4103851318359375,geographic_aoi_v2
jaipur_00052,jaipur,Sentinel-2,S2C_43REK_20251025_0_L2A,train,data\expanded_v2\tiles\jaipur\images\jaipur_00052_rgb.png,data\expanded_v2\tiles\jaipur\images\jaipur_00052_rgbn.npy,data\expanded_v2\tiles\jaipur\masks\jaipur_00052_mask.png,512,512,256,10,0.2938232421875,geographic_aoi_v2
jaipur_00053,jaipur,Sentinel-2,S2C_43REK_20251025_0_L2A,train,data\expanded_v2\tiles\jaipur\images\jaipur_00053_rgb.png,data\expanded_v2\tiles\jaipur\images\jaipur_00053_rgbn.npy,data\expanded_v2\tiles\jaipur\masks\jaipur_00053_mask.png,512,640,256,10,0.235137939453125,geographic_aoi_v2
jaipur_00054,jaipur,Sentinel-2,S2C_43REK_20251025_0_L2A,train,data\expanded_v2\tiles\jaipur\images\jaipur_00054_rgb.png,data\expanded_v2\tiles\jaipur\images\jaipur_00054_rgbn.npy,data\expanded_v2\tiles\jaipur\masks\jaipur_00054_mask.png,512,768,256,10,0.290740966796875,geographic_aoi_v2
jaipur_00055,jaipur,Sentinel-2,S2C_43REK_20251025_0_L2A,train,data\expanded_v2\tiles\jaipur\images\jaipur_00055_rgb.png,data\expanded_v2\tiles\jaipur\images\jaipur_00055_rgbn.npy,data\expanded_v2\tiles\jaipur\masks\jaipur_00055_mask.png,512,896,256,10,0.3578338623046875,geographic_aoi_v2
jaipur_00056,jaipur,Sentinel-2,S2C_43REK_20251025_0_L2A,train,data\expanded_v2\tiles\jaipur\images\jaipur_00056_rgb.png,data\expanded_v2\tiles\jaipur\images\jaipur_00056_rgbn.npy,data\expanded_v2\tiles\jaipur\masks\jaipur_00056_mask.png,512,1024,256,10,0.314788818359375,geographic_aoi_v2
jaipur_00057,jaipur,Sentinel-2,S2C_43REK_20251025_0_L2A,train,data\expanded_v2\tiles\jaipur\images\jaipur_00057_rgb.png,data\expanded_v2\tiles\jaipur\images\jaipur_00057_rgbn.npy,data\expanded_v2\tiles\jaipur\masks\jaipur_00057_mask.png,512,1152,256,10,0.3202972412109375,geographic_aoi_v2
jaipur_00058,jaipur,Sentinel-2,S2C_43REK_20251025_0_L2A,train,data\expanded_v2\tiles\jaipur\images\jaipur_00058_rgb.png,data\expanded_v2\tiles\jaipur\images\jaipur_00058_rgbn.npy,data\expanded_v2\tiles\jaipur\masks\jaipur_00058_mask.png,512,1280,256,10,0.3774261474609375,geographic_aoi_v2
jaipur_00059,jaipur,Sentinel-2,S2C_43REK_20251025_0_L2A,train,data\expanded_v2\tiles\jaipur\images\jaipur_00059_rgb.png,data\expanded_v2\tiles\jaipur\images\jaipur_00059_rgbn.npy,data\expanded_v2\tiles\jaipur\masks\jaipur_00059_mask.png,512,1408,256,10,0.1820831298828125,geographic_aoi_v2
jaipur_00060,jaipur,Sentinel-2,S2C_43REK_20251025_0_L2A,train,data\expanded_v2\tiles\jaipur\images\jaipur_00060_rgb.png,data\expanded_v2\tiles\jaipur\images\jaipur_00060_rgbn.npy,data\expanded_v2\tiles\jaipur\masks\jaipur_00060_mask.png,640,0,256,10,0.3787078857421875,geographic_aoi_v2
jaipur_00061,jaipur,Sentinel-2,S2C_43REK_20251025_0_L2A,train,data\expanded_v2\tiles\jaipur\images\jaipur_00061_rgb.png,data\expanded_v2\tiles\jaipur\images\jaipur_00061_rgbn.npy,data\expanded_v2\tiles\jaipur\masks\jaipur_00061_mask.png,640,128,256,10,0.434783935546875,geographic_aoi_v2
jaipur_00062,jaipur,Sentinel-2,S2C_43REK_20251025_0_L2A,train,data\expanded_v2\tiles\jaipur\images\jaipur_00062_rgb.png,data\expanded_v2\tiles\jaipur\images\jaipur_00062_rgbn.npy,data\expanded_v2\tiles\jaipur\masks\jaipur_00062_mask.png,640,256,256,10,0.4395599365234375,geographic_aoi_v2
jaipur_00063,jaipur,Sentinel-2,S2C_43REK_20251025_0_L2A,train,data\expanded_v2\tiles\jaipur\images\jaipur_00063_rgb.png,data\expanded_v2\tiles\jaipur\images\jaipur_00063_rgbn.npy,data\expanded_v2\tiles\jaipur\masks\jaipur_00063_mask.png,640,384,256,10,0.3280487060546875,geographic_aoi_v2
jaipur_00064,jaipur,Sentinel-2,S2C_43REK_20251025_0_L2A,train,data\expanded_v2\tiles\jaipur\images\jaipur_00064_rgb.png,data\expanded_v2\tiles\jaipur\images\jaipur_00064_rgbn.npy,data\expanded_v2\tiles\jaipur\masks\jaipur_00064_mask.png,640,512,256,10,0.2089080810546875,geographic_aoi_v2
jaipur_00065,jaipur,Sentinel-2,S2C_43REK_20251025_0_L2A,train,data\expanded_v2\tiles\jaipur\images\jaipur_00065_rgb.png,data\expanded_v2\tiles\jaipur\images\jaipur_00065_rgbn.npy,data\expanded_v2\tiles\jaipur\masks\jaipur_00065_mask.png,640,640,256,10,0.2275390625,geographic_aoi_v2
jaipur_00066,jaipur,Sentinel-2,S2C_43REK_20251025_0_L2A,train,data\expanded_v2\tiles\jaipur\images\jaipur_00066_rgb.png,data\expanded_v2\tiles\jaipur\images\jaipur_00066_rgbn.npy,data\expanded_v2\tiles\jaipur\masks\jaipur_00066_mask.png,640,768,256,10,0.3147430419921875,geographic_aoi_v2
jaipur_00067,jaipur,Sentinel-2,S2C_43REK_20251025_0_L2A,train,data\expanded_v2\tiles\jaipur\images\jaipur_00067_rgb.png,data\expanded_v2\tiles\jaipur\images\jaipur_00067_rgbn.npy,data\expanded_v2\tiles\jaipur\masks\jaipur_00067_mask.png,640,896,256,10,0.3717498779296875,geographic_aoi_v2
jaipur_00068,jaipur,Sentinel-2,S2C_43REK_20251025_0_L2A,train,data\expanded_v2\tiles\jaipur\images\jaipur_00068_rgb.png,data\expanded_v2\tiles\jaipur\images\jaipur_00068_rgbn.npy,data\expanded_v2\tiles\jaipur\masks\jaipur_00068_mask.png,640,1024,256,10,0.3527069091796875,geographic_aoi_v2
jaipur_00069,jaipur,Sentinel-2,S2C_43REK_20251025_0_L2A,train,data\expanded_v2\tiles\jaipur\images\jaipur_00069_rgb.png,data\expanded_v2\tiles\jaipur\images\jaipur_00069_rgbn.npy,data\expanded_v2\tiles\jaipur\masks\jaipur_00069_mask.png,640,1152,256,10,0.35498046875,geographic_aoi_v2
jaipur_00070,jaipur,Sentinel-2,S2C_43REK_20251025_0_L2A,train,data\expanded_v2\tiles\jaipur\images\jaipur_00070_rgb.png,data\expanded_v2\tiles\jaipur\images\jaipur_00070_rgbn.npy,data\expanded_v2\tiles\jaipur\masks\jaipur_00070_mask.png,640,1280,256,10,0.372955322265625,geographic_aoi_v2
jaipur_00071,jaipur,Sentinel-2,S2C_43REK_20251025_0_L2A,train,data\expanded_v2\tiles\jaipur\images\jaipur_00071_rgb.png,data\expanded_v2\tiles\jaipur\images\jaipur_00071_rgbn.npy,data\expanded_v2\tiles\jaipur\masks\jaipur_00071_mask.png,640,1408,256,10,0.1821136474609375,geographic_aoi_v2
jaipur_00072,jaipur,Sentinel-2,S2C_43REK_20251025_0_L2A,train,data\expanded_v2\tiles\jaipur\images\jaipur_00072_rgb.png,data\expanded_v2\tiles\jaipur\images\jaipur_00072_rgbn.npy,data\expanded_v2\tiles\jaipur\masks\jaipur_00072_mask.png,768,0,256,10,0.3485870361328125,geographic_aoi_v2
jaipur_00073,jaipur,Sentinel-2,S2C_43REK_20251025_0_L2A,train,data\expanded_v2\tiles\jaipur\images\jaipur_00073_rgb.png,data\expanded_v2\tiles\jaipur\images\jaipur_00073_rgbn.npy,data\expanded_v2\tiles\jaipur\masks\jaipur_00073_mask.png,768,128,256,10,0.4514007568359375,geographic_aoi_v2
jaipur_00074,jaipur,Sentinel-2,S2C_43REK_20251025_0_L2A,train,data\expanded_v2\tiles\jaipur\images\jaipur_00074_rgb.png,data\expanded_v2\tiles\jaipur\images\jaipur_00074_rgbn.npy,data\expanded_v2\tiles\jaipur\masks\jaipur_00074_mask.png,768,256,256,10,0.4277191162109375,geographic_aoi_v2
jaipur_00075,jaipur,Sentinel-2,S2C_43REK_20251025_0_L2A,train,data\expanded_v2\tiles\jaipur\images\jaipur_00075_rgb.png,data\expanded_v2\tiles\jaipur\images\jaipur_00075_rgbn.npy,data\expanded_v2\tiles\jaipur\masks\jaipur_00075_mask.png,768,384,256,10,0.3118896484375,geographic_aoi_v2
jaipur_00076,jaipur,Sentinel-2,S2C_43REK_20251025_0_L2A,train,data\expanded_v2\tiles\jaipur\images\jaipur_00076_rgb.png,data\expanded_v2\tiles\jaipur\images\jaipur_00076_rgbn.npy,data\expanded_v2\tiles\jaipur\masks\jaipur_00076_mask.png,768,512,256,10,0.256317138671875,geographic_aoi_v2
jaipur_00077,jaipur,Sentinel-2,S2C_43REK_20251025_0_L2A,train,data\expanded_v2\tiles\jaipur\images\jaipur_00077_rgb.png,data\expanded_v2\tiles\jaipur\images\jaipur_00077_rgbn.npy,data\expanded_v2\tiles\jaipur\masks\jaipur_00077_mask.png,768,640,256,10,0.3296356201171875,geographic_aoi_v2
jaipur_00078,jaipur,Sentinel-2,S2C_43REK_20251025_0_L2A,train,data\expanded_v2\tiles\jaipur\images\jaipur_00078_rgb.png,data\expanded_v2\tiles\jaipur\images\jaipur_00078_rgbn.npy,data\expanded_v2\tiles\jaipur\masks\jaipur_00078_mask.png,768,768,256,10,0.3629608154296875,geographic_aoi_v2
jaipur_00079,jaipur,Sentinel-2,S2C_43REK_20251025_0_L2A,train,data\expanded_v2\tiles\jaipur\images\jaipur_00079_rgb.png,data\expanded_v2\tiles\jaipur\images\jaipur_00079_rgbn.npy,data\expanded_v2\tiles\jaipur\masks\jaipur_00079_mask.png,768,896,256,10,0.30657958984375,geographic_aoi_v2
jaipur_00080,jaipur,Sentinel-2,S2C_43REK_20251025_0_L2A,train,data\expanded_v2\tiles\jaipur\images\jaipur_00080_rgb.png,data\expanded_v2\tiles\jaipur\images\jaipur_00080_rgbn.npy,data\expanded_v2\tiles\jaipur\masks\jaipur_00080_mask.png,768,1024,256,10,0.277618408203125,geographic_aoi_v2
jaipur_00081,jaipur,Sentinel-2,S2C_43REK_20251025_0_L2A,train,data\expanded_v2\tiles\jaipur\images\jaipur_00081_rgb.png,data\expanded_v2\tiles\jaipur\images\jaipur_00081_rgbn.npy,data\expanded_v2\tiles\jaipur\masks\jaipur_00081_mask.png,768,1152,256,10,0.3265228271484375,geographic_aoi_v2
jaipur_00082,jaipur,Sentinel-2,S2C_43REK_20251025_0_L2A,train,data\expanded_v2\tiles\jaipur\images\jaipur_00082_rgb.png,data\expanded_v2\tiles\jaipur\images\jaipur_00082_rgbn.npy,data\expanded_v2\tiles\jaipur\masks\jaipur_00082_mask.png,768,1280,256,10,0.3466033935546875,geographic_aoi_v2
jaipur_00083,jaipur,Sentinel-2,S2C_43REK_20251025_0_L2A,train,data\expanded_v2\tiles\jaipur\images\jaipur_00083_rgb.png,data\expanded_v2\tiles\jaipur\images\jaipur_00083_rgbn.npy,data\expanded_v2\tiles\jaipur\masks\jaipur_00083_mask.png,768,1408,256,10,0.1789398193359375,geographic_aoi_v2
jaipur_00084,jaipur,Sentinel-2,S2C_43REK_20251025_0_L2A,train,data\expanded_v2\tiles\jaipur\images\jaipur_00084_rgb.png,data\expanded_v2\tiles\jaipur\images\jaipur_00084_rgbn.npy,data\expanded_v2\tiles\jaipur\masks\jaipur_00084_mask.png,896,0,256,10,0.3561859130859375,geographic_aoi_v2
jaipur_00085,jaipur,Sentinel-2,S2C_43REK_20251025_0_L2A,train,data\expanded_v2\tiles\jaipur\images\jaipur_00085_rgb.png,data\expanded_v2\tiles\jaipur\images\jaipur_00085_rgbn.npy,data\expanded_v2\tiles\jaipur\masks\jaipur_00085_mask.png,896,128,256,10,0.45599365234375,geographic_aoi_v2
jaipur_00086,jaipur,Sentinel-2,S2C_43REK_20251025_0_L2A,train,data\expanded_v2\tiles\jaipur\images\jaipur_00086_rgb.png,data\expanded_v2\tiles\jaipur\images\jaipur_00086_rgbn.npy,data\expanded_v2\tiles\jaipur\masks\jaipur_00086_mask.png,896,256,256,10,0.436126708984375,geographic_aoi_v2
jaipur_00087,jaipur,Sentinel-2,S2C_43REK_20251025_0_L2A,train,data\expanded_v2\tiles\jaipur\images\jaipur_00087_rgb.png,data\expanded_v2\tiles\jaipur\images\jaipur_00087_rgbn.npy,data\expanded_v2\tiles\jaipur\masks\jaipur_00087_mask.png,896,384,256,10,0.3489227294921875,geographic_aoi_v2
jaipur_00088,jaipur,Sentinel-2,S2C_43REK_20251025_0_L2A,train,data\expanded_v2\tiles\jaipur\images\jaipur_00088_rgb.png,data\expanded_v2\tiles\jaipur\images\jaipur_00088_rgbn.npy,data\expanded_v2\tiles\jaipur\masks\jaipur_00088_mask.png,896,512,256,10,0.33935546875,geographic_aoi_v2
jaipur_00089,jaipur,Sentinel-2,S2C_43REK_20251025_0_L2A,train,data\expanded_v2\tiles\jaipur\images\jaipur_00089_rgb.png,data\expanded_v2\tiles\jaipur\images\jaipur_00089_rgbn.npy,data\expanded_v2\tiles\jaipur\masks\jaipur_00089_mask.png,896,640,256,10,0.4217376708984375,geographic_aoi_v2
jaipur_00090,jaipur,Sentinel-2,S2C_43REK_20251025_0_L2A,train,data\expanded_v2\tiles\jaipur\images\jaipur_00090_rgb.png,data\expanded_v2\tiles\jaipur\images\jaipur_00090_rgbn.npy,data\expanded_v2\tiles\jaipur\masks\jaipur_00090_mask.png,896,768,256,10,0.393463134765625,geographic_aoi_v2
jaipur_00091,jaipur,Sentinel-2,S2C_43REK_20251025_0_L2A,train,data\expanded_v2\tiles\jaipur\images\jaipur_00091_rgb.png,data\expanded_v2\tiles\jaipur\images\jaipur_00091_rgbn.npy,data\expanded_v2\tiles\jaipur\masks\jaipur_00091_mask.png,896,896,256,10,0.275115966796875,geographic_aoi_v2
jaipur_00092,jaipur,Sentinel-2,S2C_43REK_20251025_0_L2A,train,data\expanded_v2\tiles\jaipur\images\jaipur_00092_rgb.png,data\expanded_v2\tiles\jaipur\images\jaipur_00092_rgbn.npy,data\expanded_v2\tiles\jaipur\masks\jaipur_00092_mask.png,896,1024,256,10,0.24853515625,geographic_aoi_v2
jaipur_00093,jaipur,Sentinel-2,S2C_43REK_20251025_0_L2A,train,data\expanded_v2\tiles\jaipur\images\jaipur_00093_rgb.png,data\expanded_v2\tiles\jaipur\images\jaipur_00093_rgbn.npy,data\expanded_v2\tiles\jaipur\masks\jaipur_00093_mask.png,896,1152,256,10,0.3330078125,geographic_aoi_v2
jaipur_00094,jaipur,Sentinel-2,S2C_43REK_20251025_0_L2A,train,data\expanded_v2\tiles\jaipur\images\jaipur_00094_rgb.png,data\expanded_v2\tiles\jaipur\images\jaipur_00094_rgbn.npy,data\expanded_v2\tiles\jaipur\masks\jaipur_00094_mask.png,896,1280,256,10,0.3100128173828125,geographic_aoi_v2
jaipur_00095,jaipur,Sentinel-2,S2C_43REK_20251025_0_L2A,train,data\expanded_v2\tiles\jaipur\images\jaipur_00095_rgb.png,data\expanded_v2\tiles\jaipur\images\jaipur_00095_rgbn.npy,data\expanded_v2\tiles\jaipur\masks\jaipur_00095_mask.png,896,1408,256,10,0.160888671875,geographic_aoi_v2
jaipur_00096,jaipur,Sentinel-2,S2C_43REK_20251025_0_L2A,train,data\expanded_v2\tiles\jaipur\images\jaipur_00096_rgb.png,data\expanded_v2\tiles\jaipur\images\jaipur_00096_rgbn.npy,data\expanded_v2\tiles\jaipur\masks\jaipur_00096_mask.png,1024,0,256,10,0.3358612060546875,geographic_aoi_v2
jaipur_00097,jaipur,Sentinel-2,S2C_43REK_20251025_0_L2A,train,data\expanded_v2\tiles\jaipur\images\jaipur_00097_rgb.png,data\expanded_v2\tiles\jaipur\images\jaipur_00097_rgbn.npy,data\expanded_v2\tiles\jaipur\masks\jaipur_00097_mask.png,1024,128,256,10,0.4056854248046875,geographic_aoi_v2
jaipur_00098,jaipur,Sentinel-2,S2C_43REK_20251025_0_L2A,train,data\expanded_v2\tiles\jaipur\images\jaipur_00098_rgb.png,data\expanded_v2\tiles\jaipur\images\jaipur_00098_rgbn.npy,data\expanded_v2\tiles\jaipur\masks\jaipur_00098_mask.png,1024,256,256,10,0.4273834228515625,geographic_aoi_v2
jaipur_00099,jaipur,Sentinel-2,S2C_43REK_20251025_0_L2A,train,data\expanded_v2\tiles\jaipur\images\jaipur_00099_rgb.png,data\expanded_v2\tiles\jaipur\images\jaipur_00099_rgbn.npy,data\expanded_v2\tiles\jaipur\masks\jaipur_00099_mask.png,1024,384,256,10,0.401519775390625,geographic_aoi_v2
jaipur_00100,jaipur,Sentinel-2,S2C_43REK_20251025_0_L2A,train,data\expanded_v2\tiles\jaipur\images\jaipur_00100_rgb.png,data\expanded_v2\tiles\jaipur\images\jaipur_00100_rgbn.npy,data\expanded_v2\tiles\jaipur\masks\jaipur_00100_mask.png,1024,512,256,10,0.3956298828125,geographic_aoi_v2
jaipur_00101,jaipur,Sentinel-2,S2C_43REK_20251025_0_L2A,train,data\expanded_v2\tiles\jaipur\images\jaipur_00101_rgb.png,data\expanded_v2\tiles\jaipur\images\jaipur_00101_rgbn.npy,data\expanded_v2\tiles\jaipur\masks\jaipur_00101_mask.png,1024,640,256,10,0.429718017578125,geographic_aoi_v2
jaipur_00102,jaipur,Sentinel-2,S2C_43REK_20251025_0_L2A,train,data\expanded_v2\tiles\jaipur\images\jaipur_00102_rgb.png,data\expanded_v2\tiles\jaipur\images\jaipur_00102_rgbn.npy,data\expanded_v2\tiles\jaipur\masks\jaipur_00102_mask.png,1024,768,256,10,0.4239501953125,geographic_aoi_v2
jaipur_00103,jaipur,Sentinel-2,S2C_43REK_20251025_0_L2A,train,data\expanded_v2\tiles\jaipur\images\jaipur_00103_rgb.png,data\expanded_v2\tiles\jaipur\images\jaipur_00103_rgbn.npy,data\expanded_v2\tiles\jaipur\masks\jaipur_00103_mask.png,1024,896,256,10,0.344940185546875,geographic_aoi_v2
jaipur_00104,jaipur,Sentinel-2,S2C_43REK_20251025_0_L2A,train,data\expanded_v2\tiles\jaipur\images\jaipur_00104_rgb.png,data\expanded_v2\tiles\jaipur\images\jaipur_00104_rgbn.npy,data\expanded_v2\tiles\jaipur\masks\jaipur_00104_mask.png,1024,1024,256,10,0.2466278076171875,geographic_aoi_v2
jaipur_00105,jaipur,Sentinel-2,S2C_43REK_20251025_0_L2A,train,data\expanded_v2\tiles\jaipur\images\jaipur_00105_rgb.png,data\expanded_v2\tiles\jaipur\images\jaipur_00105_rgbn.npy,data\expanded_v2\tiles\jaipur\masks\jaipur_00105_mask.png,1024,1152,256,10,0.2583465576171875,geographic_aoi_v2
jaipur_00106,jaipur,Sentinel-2,S2C_43REK_20251025_0_L2A,train,data\expanded_v2\tiles\jaipur\images\jaipur_00106_rgb.png,data\expanded_v2\tiles\jaipur\images\jaipur_00106_rgbn.npy,data\expanded_v2\tiles\jaipur\masks\jaipur_00106_mask.png,1024,1280,256,10,0.1978607177734375,geographic_aoi_v2
jaipur_00107,jaipur,Sentinel-2,S2C_43REK_20251025_0_L2A,train,data\expanded_v2\tiles\jaipur\images\jaipur_00107_rgb.png,data\expanded_v2\tiles\jaipur\images\jaipur_00107_rgbn.npy,data\expanded_v2\tiles\jaipur\masks\jaipur_00107_mask.png,1024,1408,256,10,0.0850982666015625,geographic_aoi_v2
jaipur_00108,jaipur,Sentinel-2,S2C_43REK_20251025_0_L2A,train,data\expanded_v2\tiles\jaipur\images\jaipur_00108_rgb.png,data\expanded_v2\tiles\jaipur\images\jaipur_00108_rgbn.npy,data\expanded_v2\tiles\jaipur\masks\jaipur_00108_mask.png,1152,0,256,10,0.2785186767578125,geographic_aoi_v2
jaipur_00109,jaipur,Sentinel-2,S2C_43REK_20251025_0_L2A,train,data\expanded_v2\tiles\jaipur\images\jaipur_00109_rgb.png,data\expanded_v2\tiles\jaipur\images\jaipur_00109_rgbn.npy,data\expanded_v2\tiles\jaipur\masks\jaipur_00109_mask.png,1152,128,256,10,0.3690185546875,geographic_aoi_v2
jaipur_00110,jaipur,Sentinel-2,S2C_43REK_20251025_0_L2A,train,data\expanded_v2\tiles\jaipur\images\jaipur_00110_rgb.png,data\expanded_v2\tiles\jaipur\images\jaipur_00110_rgbn.npy,data\expanded_v2\tiles\jaipur\masks\jaipur_00110_mask.png,1152,256,256,10,0.42803955078125,geographic_aoi_v2
jaipur_00111,jaipur,Sentinel-2,S2C_43REK_20251025_0_L2A,train,data\expanded_v2\tiles\jaipur\images\jaipur_00111_rgb.png,data\expanded_v2\tiles\jaipur\images\jaipur_00111_rgbn.npy,data\expanded_v2\tiles\jaipur\masks\jaipur_00111_mask.png,1152,384,256,10,0.4280242919921875,geographic_aoi_v2
jaipur_00112,jaipur,Sentinel-2,S2C_43REK_20251025_0_L2A,train,data\expanded_v2\tiles\jaipur\images\jaipur_00112_rgb.png,data\expanded_v2\tiles\jaipur\images\jaipur_00112_rgbn.npy,data\expanded_v2\tiles\jaipur\masks\jaipur_00112_mask.png,1152,512,256,10,0.403472900390625,geographic_aoi_v2
jaipur_00113,jaipur,Sentinel-2,S2C_43REK_20251025_0_L2A,train,data\expanded_v2\tiles\jaipur\images\jaipur_00113_rgb.png,data\expanded_v2\tiles\jaipur\images\jaipur_00113_rgbn.npy,data\expanded_v2\tiles\jaipur\masks\jaipur_00113_mask.png,1152,640,256,10,0.4103546142578125,geographic_aoi_v2
jaipur_00114,jaipur,Sentinel-2,S2C_43REK_20251025_0_L2A,train,data\expanded_v2\tiles\jaipur\images\jaipur_00114_rgb.png,data\expanded_v2\tiles\jaipur\images\jaipur_00114_rgbn.npy,data\expanded_v2\tiles\jaipur\masks\jaipur_00114_mask.png,1152,768,256,10,0.435333251953125,geographic_aoi_v2
jaipur_00115,jaipur,Sentinel-2,S2C_43REK_20251025_0_L2A,train,data\expanded_v2\tiles\jaipur\images\jaipur_00115_rgb.png,data\expanded_v2\tiles\jaipur\images\jaipur_00115_rgbn.npy,data\expanded_v2\tiles\jaipur\masks\jaipur_00115_mask.png,1152,896,256,10,0.373992919921875,geographic_aoi_v2
jaipur_00116,jaipur,Sentinel-2,S2C_43REK_20251025_0_L2A,train,data\expanded_v2\tiles\jaipur\images\jaipur_00116_rgb.png,data\expanded_v2\tiles\jaipur\images\jaipur_00116_rgbn.npy,data\expanded_v2\tiles\jaipur\masks\jaipur_00116_mask.png,1152,1024,256,10,0.2529754638671875,geographic_aoi_v2
jaipur_00117,jaipur,Sentinel-2,S2C_43REK_20251025_0_L2A,train,data\expanded_v2\tiles\jaipur\images\jaipur_00117_rgb.png,data\expanded_v2\tiles\jaipur\images\jaipur_00117_rgbn.npy,data\expanded_v2\tiles\jaipur\masks\jaipur_00117_mask.png,1152,1152,256,10,0.1492767333984375,geographic_aoi_v2
jaipur_00118,jaipur,Sentinel-2,S2C_43REK_20251025_0_L2A,train,data\expanded_v2\tiles\jaipur\images\jaipur_00118_rgb.png,data\expanded_v2\tiles\jaipur\images\jaipur_00118_rgbn.npy,data\expanded_v2\tiles\jaipur\masks\jaipur_00118_mask.png,1152,1280,256,10,0.0472564697265625,geographic_aoi_v2
jaipur_00119,jaipur,Sentinel-2,S2C_43REK_20251025_0_L2A,train,data\expanded_v2\tiles\jaipur\images\jaipur_00119_rgb.png,data\expanded_v2\tiles\jaipur\images\jaipur_00119_rgbn.npy,data\expanded_v2\tiles\jaipur\masks\jaipur_00119_mask.png,1152,1408,256,10,0.030426025390625,geographic_aoi_v2
jaipur_00120,jaipur,Sentinel-2,S2C_43REK_20251025_0_L2A,train,data\expanded_v2\tiles\jaipur\images\jaipur_00120_rgb.png,data\expanded_v2\tiles\jaipur\images\jaipur_00120_rgbn.npy,data\expanded_v2\tiles\jaipur\masks\jaipur_00120_mask.png,1280,0,256,10,0.2645263671875,geographic_aoi_v2
jaipur_00121,jaipur,Sentinel-2,S2C_43REK_20251025_0_L2A,train,data\expanded_v2\tiles\jaipur\images\jaipur_00121_rgb.png,data\expanded_v2\tiles\jaipur\images\jaipur_00121_rgbn.npy,data\expanded_v2\tiles\jaipur\masks\jaipur_00121_mask.png,1280,128,256,10,0.395599365234375,geographic_aoi_v2
jaipur_00122,jaipur,Sentinel-2,S2C_43REK_20251025_0_L2A,train,data\expanded_v2\tiles\jaipur\images\jaipur_00122_rgb.png,data\expanded_v2\tiles\jaipur\images\jaipur_00122_rgbn.npy,data\expanded_v2\tiles\jaipur\masks\jaipur_00122_mask.png,1280,256,256,10,0.443389892578125,geographic_aoi_v2
jaipur_00123,jaipur,Sentinel-2,S2C_43REK_20251025_0_L2A,train,data\expanded_v2\tiles\jaipur\images\jaipur_00123_rgb.png,data\expanded_v2\tiles\jaipur\images\jaipur_00123_rgbn.npy,data\expanded_v2\tiles\jaipur\masks\jaipur_00123_mask.png,1280,384,256,10,0.45013427734375,geographic_aoi_v2
jaipur_00124,jaipur,Sentinel-2,S2C_43REK_20251025_0_L2A,train,data\expanded_v2\tiles\jaipur\images\jaipur_00124_rgb.png,data\expanded_v2\tiles\jaipur\images\jaipur_00124_rgbn.npy,data\expanded_v2\tiles\jaipur\masks\jaipur_00124_mask.png,1280,512,256,10,0.4220123291015625,geographic_aoi_v2
jaipur_00125,jaipur,Sentinel-2,S2C_43REK_20251025_0_L2A,train,data\expanded_v2\tiles\jaipur\images\jaipur_00125_rgb.png,data\expanded_v2\tiles\jaipur\images\jaipur_00125_rgbn.npy,data\expanded_v2\tiles\jaipur\masks\jaipur_00125_mask.png,1280,640,256,10,0.3913421630859375,geographic_aoi_v2
jaipur_00126,jaipur,Sentinel-2,S2C_43REK_20251025_0_L2A,train,data\expanded_v2\tiles\jaipur\images\jaipur_00126_rgb.png,data\expanded_v2\tiles\jaipur\images\jaipur_00126_rgbn.npy,data\expanded_v2\tiles\jaipur\masks\jaipur_00126_mask.png,1280,768,256,10,0.4047698974609375,geographic_aoi_v2
jaipur_00127,jaipur,Sentinel-2,S2C_43REK_20251025_0_L2A,train,data\expanded_v2\tiles\jaipur\images\jaipur_00127_rgb.png,data\expanded_v2\tiles\jaipur\images\jaipur_00127_rgbn.npy,data\expanded_v2\tiles\jaipur\masks\jaipur_00127_mask.png,1280,896,256,10,0.3450775146484375,geographic_aoi_v2
jaipur_00128,jaipur,Sentinel-2,S2C_43REK_20251025_0_L2A,train,data\expanded_v2\tiles\jaipur\images\jaipur_00128_rgb.png,data\expanded_v2\tiles\jaipur\images\jaipur_00128_rgbn.npy,data\expanded_v2\tiles\jaipur\masks\jaipur_00128_mask.png,1280,1024,256,10,0.2723388671875,geographic_aoi_v2
jaipur_00129,jaipur,Sentinel-2,S2C_43REK_20251025_0_L2A,train,data\expanded_v2\tiles\jaipur\images\jaipur_00129_rgb.png,data\expanded_v2\tiles\jaipur\images\jaipur_00129_rgbn.npy,data\expanded_v2\tiles\jaipur\masks\jaipur_00129_mask.png,1280,1152,256,10,0.152099609375,geographic_aoi_v2
jaipur_00130,jaipur,Sentinel-2,S2C_43REK_20251025_0_L2A,train,data\expanded_v2\tiles\jaipur\images\jaipur_00130_rgb.png,data\expanded_v2\tiles\jaipur\images\jaipur_00130_rgbn.npy,data\expanded_v2\tiles\jaipur\masks\jaipur_00130_mask.png,1280,1280,256,10,0.01812744140625,geographic_aoi_v2
jaipur_00131,jaipur,Sentinel-2,S2C_43REK_20251025_0_L2A,train,data\expanded_v2\tiles\jaipur\images\jaipur_00131_rgb.png,data\expanded_v2\tiles\jaipur\images\jaipur_00131_rgbn.npy,data\expanded_v2\tiles\jaipur\masks\jaipur_00131_mask.png,1280,1408,256,10,0.0776824951171875,geographic_aoi_v2
jaipur_00132,jaipur,Sentinel-2,S2C_43REK_20251025_0_L2A,train,data\expanded_v2\tiles\jaipur\images\jaipur_00132_rgb.png,data\expanded_v2\tiles\jaipur\images\jaipur_00132_rgbn.npy,data\expanded_v2\tiles\jaipur\masks\jaipur_00132_mask.png,1408,0,256,10,0.2342681884765625,geographic_aoi_v2
jaipur_00133,jaipur,Sentinel-2,S2C_43REK_20251025_0_L2A,train,data\expanded_v2\tiles\jaipur\images\jaipur_00133_rgb.png,data\expanded_v2\tiles\jaipur\images\jaipur_00133_rgbn.npy,data\expanded_v2\tiles\jaipur\masks\jaipur_00133_mask.png,1408,128,256,10,0.3394927978515625,geographic_aoi_v2
jaipur_00134,jaipur,Sentinel-2,S2C_43REK_20251025_0_L2A,train,data\expanded_v2\tiles\jaipur\images\jaipur_00134_rgb.png,data\expanded_v2\tiles\jaipur\images\jaipur_00134_rgbn.npy,data\expanded_v2\tiles\jaipur\masks\jaipur_00134_mask.png,1408,256,256,10,0.386474609375,geographic_aoi_v2
jaipur_00135,jaipur,Sentinel-2,S2C_43REK_20251025_0_L2A,train,data\expanded_v2\tiles\jaipur\images\jaipur_00135_rgb.png,data\expanded_v2\tiles\jaipur\images\jaipur_00135_rgbn.npy,data\expanded_v2\tiles\jaipur\masks\jaipur_00135_mask.png,1408,384,256,10,0.4339599609375,geographic_aoi_v2
jaipur_00136,jaipur,Sentinel-2,S2C_43REK_20251025_0_L2A,train,data\expanded_v2\tiles\jaipur\images\jaipur_00136_rgb.png,data\expanded_v2\tiles\jaipur\images\jaipur_00136_rgbn.npy,data\expanded_v2\tiles\jaipur\masks\jaipur_00136_mask.png,1408,512,256,10,0.4390106201171875,geographic_aoi_v2
jaipur_00137,jaipur,Sentinel-2,S2C_43REK_20251025_0_L2A,train,data\expanded_v2\tiles\jaipur\images\jaipur_00137_rgb.png,data\expanded_v2\tiles\jaipur\images\jaipur_00137_rgbn.npy,data\expanded_v2\tiles\jaipur\masks\jaipur_00137_mask.png,1408,640,256,10,0.3758544921875,geographic_aoi_v2
jaipur_00138,jaipur,Sentinel-2,S2C_43REK_20251025_0_L2A,train,data\expanded_v2\tiles\jaipur\images\jaipur_00138_rgb.png,data\expanded_v2\tiles\jaipur\images\jaipur_00138_rgbn.npy,data\expanded_v2\tiles\jaipur\masks\jaipur_00138_mask.png,1408,768,256,10,0.346343994140625,geographic_aoi_v2
jaipur_00139,jaipur,Sentinel-2,S2C_43REK_20251025_0_L2A,train,data\expanded_v2\tiles\jaipur\images\jaipur_00139_rgb.png,data\expanded_v2\tiles\jaipur\images\jaipur_00139_rgbn.npy,data\expanded_v2\tiles\jaipur\masks\jaipur_00139_mask.png,1408,896,256,10,0.360107421875,geographic_aoi_v2
jaipur_00140,jaipur,Sentinel-2,S2C_43REK_20251025_0_L2A,train,data\expanded_v2\tiles\jaipur\images\jaipur_00140_rgb.png,data\expanded_v2\tiles\jaipur\images\jaipur_00140_rgbn.npy,data\expanded_v2\tiles\jaipur\masks\jaipur_00140_mask.png,1408,1024,256,10,0.3718414306640625,geographic_aoi_v2
jaipur_00141,jaipur,Sentinel-2,S2C_43REK_20251025_0_L2A,train,data\expanded_v2\tiles\jaipur\images\jaipur_00141_rgb.png,data\expanded_v2\tiles\jaipur\images\jaipur_00141_rgbn.npy,data\expanded_v2\tiles\jaipur\masks\jaipur_00141_mask.png,1408,1152,256,10,0.2401885986328125,geographic_aoi_v2
jaipur_00142,jaipur,Sentinel-2,S2C_43REK_20251025_0_L2A,train,data\expanded_v2\tiles\jaipur\images\jaipur_00142_rgb.png,data\expanded_v2\tiles\jaipur\images\jaipur_00142_rgbn.npy,data\expanded_v2\tiles\jaipur\masks\jaipur_00142_mask.png,1408,1280,256,10,0.0480194091796875,geographic_aoi_v2
jaipur_00143,jaipur,Sentinel-2,S2C_43REK_20251025_0_L2A,train,data\expanded_v2\tiles\jaipur\images\jaipur_00143_rgb.png,data\expanded_v2\tiles\jaipur\images\jaipur_00143_rgbn.npy,data\expanded_v2\tiles\jaipur\masks\jaipur_00143_mask.png,1408,1408,256,10,0.1063995361328125,geographic_aoi_v2
lucknow_00000,lucknow,Sentinel-2,S2C_44RNQ_20251128_0_L2A,train,data\expanded_v2\tiles\lucknow\images\lucknow_00000_rgb.png,data\expanded_v2\tiles\lucknow\images\lucknow_00000_rgbn.npy,data\expanded_v2\tiles\lucknow\masks\lucknow_00000_mask.png,0,0,256,10,0.0677490234375,geographic_aoi_v2
lucknow_00001,lucknow,Sentinel-2,S2C_44RNQ_20251128_0_L2A,train,data\expanded_v2\tiles\lucknow\images\lucknow_00001_rgb.png,data\expanded_v2\tiles\lucknow\images\lucknow_00001_rgbn.npy,data\expanded_v2\tiles\lucknow\masks\lucknow_00001_mask.png,0,128,256,10,0.09161376953125,geographic_aoi_v2
lucknow_00002,lucknow,Sentinel-2,S2C_44RNQ_20251128_0_L2A,train,data\expanded_v2\tiles\lucknow\images\lucknow_00002_rgb.png,data\expanded_v2\tiles\lucknow\images\lucknow_00002_rgbn.npy,data\expanded_v2\tiles\lucknow\masks\lucknow_00002_mask.png,0,256,256,10,0.1273040771484375,geographic_aoi_v2
lucknow_00003,lucknow,Sentinel-2,S2C_44RNQ_20251128_0_L2A,train,data\expanded_v2\tiles\lucknow\images\lucknow_00003_rgb.png,data\expanded_v2\tiles\lucknow\images\lucknow_00003_rgbn.npy,data\expanded_v2\tiles\lucknow\masks\lucknow_00003_mask.png,0,384,256,10,0.1708526611328125,geographic_aoi_v2
lucknow_00004,lucknow,Sentinel-2,S2C_44RNQ_20251128_0_L2A,train,data\expanded_v2\tiles\lucknow\images\lucknow_00004_rgb.png,data\expanded_v2\tiles\lucknow\images\lucknow_00004_rgbn.npy,data\expanded_v2\tiles\lucknow\masks\lucknow_00004_mask.png,0,512,256,10,0.3450927734375,geographic_aoi_v2
lucknow_00005,lucknow,Sentinel-2,S2C_44RNQ_20251128_0_L2A,train,data\expanded_v2\tiles\lucknow\images\lucknow_00005_rgb.png,data\expanded_v2\tiles\lucknow\images\lucknow_00005_rgbn.npy,data\expanded_v2\tiles\lucknow\masks\lucknow_00005_mask.png,0,640,256,10,0.424957275390625,geographic_aoi_v2
lucknow_00006,lucknow,Sentinel-2,S2C_44RNQ_20251128_0_L2A,train,data\expanded_v2\tiles\lucknow\images\lucknow_00006_rgb.png,data\expanded_v2\tiles\lucknow\images\lucknow_00006_rgbn.npy,data\expanded_v2\tiles\lucknow\masks\lucknow_00006_mask.png,0,768,256,10,0.3892822265625,geographic_aoi_v2
lucknow_00007,lucknow,Sentinel-2,S2C_44RNQ_20251128_0_L2A,train,data\expanded_v2\tiles\lucknow\images\lucknow_00007_rgb.png,data\expanded_v2\tiles\lucknow\images\lucknow_00007_rgbn.npy,data\expanded_v2\tiles\lucknow\masks\lucknow_00007_mask.png,0,896,256,10,0.43804931640625,geographic_aoi_v2
lucknow_00008,lucknow,Sentinel-2,S2C_44RNQ_20251128_0_L2A,train,data\expanded_v2\tiles\lucknow\images\lucknow_00008_rgb.png,data\expanded_v2\tiles\lucknow\images\lucknow_00008_rgbn.npy,data\expanded_v2\tiles\lucknow\masks\lucknow_00008_mask.png,0,1024,256,10,0.3574371337890625,geographic_aoi_v2
lucknow_00009,lucknow,Sentinel-2,S2C_44RNQ_20251128_0_L2A,train,data\expanded_v2\tiles\lucknow\images\lucknow_00009_rgb.png,data\expanded_v2\tiles\lucknow\images\lucknow_00009_rgbn.npy,data\expanded_v2\tiles\lucknow\masks\lucknow_00009_mask.png,0,1152,256,10,0.1365966796875,geographic_aoi_v2
lucknow_00010,lucknow,Sentinel-2,S2C_44RNQ_20251128_0_L2A,train,data\expanded_v2\tiles\lucknow\images\lucknow_00010_rgb.png,data\expanded_v2\tiles\lucknow\images\lucknow_00010_rgbn.npy,data\expanded_v2\tiles\lucknow\masks\lucknow_00010_mask.png,0,1280,256,10,0.095550537109375,geographic_aoi_v2
lucknow_00011,lucknow,Sentinel-2,S2C_44RNQ_20251128_0_L2A,train,data\expanded_v2\tiles\lucknow\images\lucknow_00011_rgb.png,data\expanded_v2\tiles\lucknow\images\lucknow_00011_rgbn.npy,data\expanded_v2\tiles\lucknow\masks\lucknow_00011_mask.png,0,1408,256,10,0.192291259765625,geographic_aoi_v2
lucknow_00012,lucknow,Sentinel-2,S2C_44RNQ_20251128_0_L2A,train,data\expanded_v2\tiles\lucknow\images\lucknow_00012_rgb.png,data\expanded_v2\tiles\lucknow\images\lucknow_00012_rgbn.npy,data\expanded_v2\tiles\lucknow\masks\lucknow_00012_mask.png,128,0,256,10,0.1645965576171875,geographic_aoi_v2
lucknow_00013,lucknow,Sentinel-2,S2C_44RNQ_20251128_0_L2A,train,data\expanded_v2\tiles\lucknow\images\lucknow_00013_rgb.png,data\expanded_v2\tiles\lucknow\images\lucknow_00013_rgbn.npy,data\expanded_v2\tiles\lucknow\masks\lucknow_00013_mask.png,128,128,256,10,0.090087890625,geographic_aoi_v2
lucknow_00014,lucknow,Sentinel-2,S2C_44RNQ_20251128_0_L2A,train,data\expanded_v2\tiles\lucknow\images\lucknow_00014_rgb.png,data\expanded_v2\tiles\lucknow\images\lucknow_00014_rgbn.npy,data\expanded_v2\tiles\lucknow\masks\lucknow_00014_mask.png,128,256,256,10,0.1072845458984375,geographic_aoi_v2
lucknow_00015,lucknow,Sentinel-2,S2C_44RNQ_20251128_0_L2A,train,data\expanded_v2\tiles\lucknow\images\lucknow_00015_rgb.png,data\expanded_v2\tiles\lucknow\images\lucknow_00015_rgbn.npy,data\expanded_v2\tiles\lucknow\masks\lucknow_00015_mask.png,128,384,256,10,0.239990234375,geographic_aoi_v2
lucknow_00016,lucknow,Sentinel-2,S2C_44RNQ_20251128_0_L2A,train,data\expanded_v2\tiles\lucknow\images\lucknow_00016_rgb.png,data\expanded_v2\tiles\lucknow\images\lucknow_00016_rgbn.npy,data\expanded_v2\tiles\lucknow\masks\lucknow_00016_mask.png,128,512,256,10,0.3777618408203125,geographic_aoi_v2
lucknow_00017,lucknow,Sentinel-2,S2C_44RNQ_20251128_0_L2A,train,data\expanded_v2\tiles\lucknow\images\lucknow_00017_rgb.png,data\expanded_v2\tiles\lucknow\images\lucknow_00017_rgbn.npy,data\expanded_v2\tiles\lucknow\masks\lucknow_00017_mask.png,128,640,256,10,0.416839599609375,geographic_aoi_v2
lucknow_00018,lucknow,Sentinel-2,S2C_44RNQ_20251128_0_L2A,train,data\expanded_v2\tiles\lucknow\images\lucknow_00018_rgb.png,data\expanded_v2\tiles\lucknow\images\lucknow_00018_rgbn.npy,data\expanded_v2\tiles\lucknow\masks\lucknow_00018_mask.png,128,768,256,10,0.4015045166015625,geographic_aoi_v2
lucknow_00019,lucknow,Sentinel-2,S2C_44RNQ_20251128_0_L2A,train,data\expanded_v2\tiles\lucknow\images\lucknow_00019_rgb.png,data\expanded_v2\tiles\lucknow\images\lucknow_00019_rgbn.npy,data\expanded_v2\tiles\lucknow\masks\lucknow_00019_mask.png,128,896,256,10,0.46099853515625,geographic_aoi_v2
lucknow_00020,lucknow,Sentinel-2,S2C_44RNQ_20251128_0_L2A,train,data\expanded_v2\tiles\lucknow\images\lucknow_00020_rgb.png,data\expanded_v2\tiles\lucknow\images\lucknow_00020_rgbn.npy,data\expanded_v2\tiles\lucknow\masks\lucknow_00020_mask.png,128,1024,256,10,0.3856201171875,geographic_aoi_v2
lucknow_00021,lucknow,Sentinel-2,S2C_44RNQ_20251128_0_L2A,train,data\expanded_v2\tiles\lucknow\images\lucknow_00021_rgb.png,data\expanded_v2\tiles\lucknow\images\lucknow_00021_rgbn.npy,data\expanded_v2\tiles\lucknow\masks\lucknow_00021_mask.png,128,1152,256,10,0.2407684326171875,geographic_aoi_v2
lucknow_00022,lucknow,Sentinel-2,S2C_44RNQ_20251128_0_L2A,train,data\expanded_v2\tiles\lucknow\images\lucknow_00022_rgb.png,data\expanded_v2\tiles\lucknow\images\lucknow_00022_rgbn.npy,data\expanded_v2\tiles\lucknow\masks\lucknow_00022_mask.png,128,1280,256,10,0.2849578857421875,geographic_aoi_v2
lucknow_00023,lucknow,Sentinel-2,S2C_44RNQ_20251128_0_L2A,train,data\expanded_v2\tiles\lucknow\images\lucknow_00023_rgb.png,data\expanded_v2\tiles\lucknow\images\lucknow_00023_rgbn.npy,data\expanded_v2\tiles\lucknow\masks\lucknow_00023_mask.png,128,1408,256,10,0.3040618896484375,geographic_aoi_v2
lucknow_00024,lucknow,Sentinel-2,S2C_44RNQ_20251128_0_L2A,train,data\expanded_v2\tiles\lucknow\images\lucknow_00024_rgb.png,data\expanded_v2\tiles\lucknow\images\lucknow_00024_rgbn.npy,data\expanded_v2\tiles\lucknow\masks\lucknow_00024_mask.png,256,0,256,10,0.266754150390625,geographic_aoi_v2
lucknow_00025,lucknow,Sentinel-2,S2C_44RNQ_20251128_0_L2A,train,data\expanded_v2\tiles\lucknow\images\lucknow_00025_rgb.png,data\expanded_v2\tiles\lucknow\images\lucknow_00025_rgbn.npy,data\expanded_v2\tiles\lucknow\masks\lucknow_00025_mask.png,256,128,256,10,0.161407470703125,geographic_aoi_v2
lucknow_00026,lucknow,Sentinel-2,S2C_44RNQ_20251128_0_L2A,train,data\expanded_v2\tiles\lucknow\images\lucknow_00026_rgb.png,data\expanded_v2\tiles\lucknow\images\lucknow_00026_rgbn.npy,data\expanded_v2\tiles\lucknow\masks\lucknow_00026_mask.png,256,256,256,10,0.1618804931640625,geographic_aoi_v2
lucknow_00027,lucknow,Sentinel-2,S2C_44RNQ_20251128_0_L2A,train,data\expanded_v2\tiles\lucknow\images\lucknow_00027_rgb.png,data\expanded_v2\tiles\lucknow\images\lucknow_00027_rgbn.npy,data\expanded_v2\tiles\lucknow\masks\lucknow_00027_mask.png,256,384,256,10,0.236663818359375,geographic_aoi_v2
lucknow_00028,lucknow,Sentinel-2,S2C_44RNQ_20251128_0_L2A,train,data\expanded_v2\tiles\lucknow\images\lucknow_00028_rgb.png,data\expanded_v2\tiles\lucknow\images\lucknow_00028_rgbn.npy,data\expanded_v2\tiles\lucknow\masks\lucknow_00028_mask.png,256,512,256,10,0.3619537353515625,geographic_aoi_v2
lucknow_00029,lucknow,Sentinel-2,S2C_44RNQ_20251128_0_L2A,train,data\expanded_v2\tiles\lucknow\images\lucknow_00029_rgb.png,data\expanded_v2\tiles\lucknow\images\lucknow_00029_rgbn.npy,data\expanded_v2\tiles\lucknow\masks\lucknow_00029_mask.png,256,640,256,10,0.4215850830078125,geographic_aoi_v2
lucknow_00030,lucknow,Sentinel-2,S2C_44RNQ_20251128_0_L2A,train,data\expanded_v2\tiles\lucknow\images\lucknow_00030_rgb.png,data\expanded_v2\tiles\lucknow\images\lucknow_00030_rgbn.npy,data\expanded_v2\tiles\lucknow\masks\lucknow_00030_mask.png,256,768,256,10,0.3771209716796875,geographic_aoi_v2
lucknow_00031,lucknow,Sentinel-2,S2C_44RNQ_20251128_0_L2A,train,data\expanded_v2\tiles\lucknow\images\lucknow_00031_rgb.png,data\expanded_v2\tiles\lucknow\images\lucknow_00031_rgbn.npy,data\expanded_v2\tiles\lucknow\masks\lucknow_00031_mask.png,256,896,256,10,0.4145355224609375,geographic_aoi_v2
lucknow_00032,lucknow,Sentinel-2,S2C_44RNQ_20251128_0_L2A,train,data\expanded_v2\tiles\lucknow\images\lucknow_00032_rgb.png,data\expanded_v2\tiles\lucknow\images\lucknow_00032_rgbn.npy,data\expanded_v2\tiles\lucknow\masks\lucknow_00032_mask.png,256,1024,256,10,0.3884429931640625,geographic_aoi_v2
lucknow_00033,lucknow,Sentinel-2,S2C_44RNQ_20251128_0_L2A,train,data\expanded_v2\tiles\lucknow\images\lucknow_00033_rgb.png,data\expanded_v2\tiles\lucknow\images\lucknow_00033_rgbn.npy,data\expanded_v2\tiles\lucknow\masks\lucknow_00033_mask.png,256,1152,256,10,0.3623046875,geographic_aoi_v2
lucknow_00034,lucknow,Sentinel-2,S2C_44RNQ_20251128_0_L2A,train,data\expanded_v2\tiles\lucknow\images\lucknow_00034_rgb.png,data\expanded_v2\tiles\lucknow\images\lucknow_00034_rgbn.npy,data\expanded_v2\tiles\lucknow\masks\lucknow_00034_mask.png,256,1280,256,10,0.441009521484375,geographic_aoi_v2
lucknow_00035,lucknow,Sentinel-2,S2C_44RNQ_20251128_0_L2A,train,data\expanded_v2\tiles\lucknow\images\lucknow_00035_rgb.png,data\expanded_v2\tiles\lucknow\images\lucknow_00035_rgbn.npy,data\expanded_v2\tiles\lucknow\masks\lucknow_00035_mask.png,256,1408,256,10,0.40252685546875,geographic_aoi_v2
lucknow_00036,lucknow,Sentinel-2,S2C_44RNQ_20251128_0_L2A,train,data\expanded_v2\tiles\lucknow\images\lucknow_00036_rgb.png,data\expanded_v2\tiles\lucknow\images\lucknow_00036_rgbn.npy,data\expanded_v2\tiles\lucknow\masks\lucknow_00036_mask.png,384,0,256,10,0.2955474853515625,geographic_aoi_v2
lucknow_00037,lucknow,Sentinel-2,S2C_44RNQ_20251128_0_L2A,train,data\expanded_v2\tiles\lucknow\images\lucknow_00037_rgb.png,data\expanded_v2\tiles\lucknow\images\lucknow_00037_rgbn.npy,data\expanded_v2\tiles\lucknow\masks\lucknow_00037_mask.png,384,128,256,10,0.266693115234375,geographic_aoi_v2
lucknow_00038,lucknow,Sentinel-2,S2C_44RNQ_20251128_0_L2A,train,data\expanded_v2\tiles\lucknow\images\lucknow_00038_rgb.png,data\expanded_v2\tiles\lucknow\images\lucknow_00038_rgbn.npy,data\expanded_v2\tiles\lucknow\masks\lucknow_00038_mask.png,384,256,256,10,0.26788330078125,geographic_aoi_v2
lucknow_00039,lucknow,Sentinel-2,S2C_44RNQ_20251128_0_L2A,train,data\expanded_v2\tiles\lucknow\images\lucknow_00039_rgb.png,data\expanded_v2\tiles\lucknow\images\lucknow_00039_rgbn.npy,data\expanded_v2\tiles\lucknow\masks\lucknow_00039_mask.png,384,384,256,10,0.2595367431640625,geographic_aoi_v2
lucknow_00040,lucknow,Sentinel-2,S2C_44RNQ_20251128_0_L2A,train,data\expanded_v2\tiles\lucknow\images\lucknow_00040_rgb.png,data\expanded_v2\tiles\lucknow\images\lucknow_00040_rgbn.npy,data\expanded_v2\tiles\lucknow\masks\lucknow_00040_mask.png,384,512,256,10,0.3405609130859375,geographic_aoi_v2
lucknow_00041,lucknow,Sentinel-2,S2C_44RNQ_20251128_0_L2A,train,data\expanded_v2\tiles\lucknow\images\lucknow_00041_rgb.png,data\expanded_v2\tiles\lucknow\images\lucknow_00041_rgbn.npy,data\expanded_v2\tiles\lucknow\masks\lucknow_00041_mask.png,384,640,256,10,0.3876495361328125,geographic_aoi_v2
lucknow_00042,lucknow,Sentinel-2,S2C_44RNQ_20251128_0_L2A,train,data\expanded_v2\tiles\lucknow\images\lucknow_00042_rgb.png,data\expanded_v2\tiles\lucknow\images\lucknow_00042_rgbn.npy,data\expanded_v2\tiles\lucknow\masks\lucknow_00042_mask.png,384,768,256,10,0.3394012451171875,geographic_aoi_v2
lucknow_00043,lucknow,Sentinel-2,S2C_44RNQ_20251128_0_L2A,train,data\expanded_v2\tiles\lucknow\images\lucknow_00043_rgb.png,data\expanded_v2\tiles\lucknow\images\lucknow_00043_rgbn.npy,data\expanded_v2\tiles\lucknow\masks\lucknow_00043_mask.png,384,896,256,10,0.3628997802734375,geographic_aoi_v2
lucknow_00044,lucknow,Sentinel-2,S2C_44RNQ_20251128_0_L2A,train,data\expanded_v2\tiles\lucknow\images\lucknow_00044_rgb.png,data\expanded_v2\tiles\lucknow\images\lucknow_00044_rgbn.npy,data\expanded_v2\tiles\lucknow\masks\lucknow_00044_mask.png,384,1024,256,10,0.3852386474609375,geographic_aoi_v2
lucknow_00045,lucknow,Sentinel-2,S2C_44RNQ_20251128_0_L2A,train,data\expanded_v2\tiles\lucknow\images\lucknow_00045_rgb.png,data\expanded_v2\tiles\lucknow\images\lucknow_00045_rgbn.npy,data\expanded_v2\tiles\lucknow\masks\lucknow_00045_mask.png,384,1152,256,10,0.4031829833984375,geographic_aoi_v2
lucknow_00046,lucknow,Sentinel-2,S2C_44RNQ_20251128_0_L2A,train,data\expanded_v2\tiles\lucknow\images\lucknow_00046_rgb.png,data\expanded_v2\tiles\lucknow\images\lucknow_00046_rgbn.npy,data\expanded_v2\tiles\lucknow\masks\lucknow_00046_mask.png,384,1280,256,10,0.423187255859375,geographic_aoi_v2
lucknow_00047,lucknow,Sentinel-2,S2C_44RNQ_20251128_0_L2A,train,data\expanded_v2\tiles\lucknow\images\lucknow_00047_rgb.png,data\expanded_v2\tiles\lucknow\images\lucknow_00047_rgbn.npy,data\expanded_v2\tiles\lucknow\masks\lucknow_00047_mask.png,384,1408,256,10,0.411407470703125,geographic_aoi_v2
lucknow_00048,lucknow,Sentinel-2,S2C_44RNQ_20251128_0_L2A,train,data\expanded_v2\tiles\lucknow\images\lucknow_00048_rgb.png,data\expanded_v2\tiles\lucknow\images\lucknow_00048_rgbn.npy,data\expanded_v2\tiles\lucknow\masks\lucknow_00048_mask.png,512,0,256,10,0.324066162109375,geographic_aoi_v2
lucknow_00049,lucknow,Sentinel-2,S2C_44RNQ_20251128_0_L2A,train,data\expanded_v2\tiles\lucknow\images\lucknow_00049_rgb.png,data\expanded_v2\tiles\lucknow\images\lucknow_00049_rgbn.npy,data\expanded_v2\tiles\lucknow\masks\lucknow_00049_mask.png,512,128,256,10,0.34942626953125,geographic_aoi_v2
lucknow_00050,lucknow,Sentinel-2,S2C_44RNQ_20251128_0_L2A,train,data\expanded_v2\tiles\lucknow\images\lucknow_00050_rgb.png,data\expanded_v2\tiles\lucknow\images\lucknow_00050_rgbn.npy,data\expanded_v2\tiles\lucknow\masks\lucknow_00050_mask.png,512,256,256,10,0.3361663818359375,geographic_aoi_v2
lucknow_00051,lucknow,Sentinel-2,S2C_44RNQ_20251128_0_L2A,train,data\expanded_v2\tiles\lucknow\images\lucknow_00051_rgb.png,data\expanded_v2\tiles\lucknow\images\lucknow_00051_rgbn.npy,data\expanded_v2\tiles\lucknow\masks\lucknow_00051_mask.png,512,384,256,10,0.2893524169921875,geographic_aoi_v2
lucknow_00052,lucknow,Sentinel-2,S2C_44RNQ_20251128_0_L2A,train,data\expanded_v2\tiles\lucknow\images\lucknow_00052_rgb.png,data\expanded_v2\tiles\lucknow\images\lucknow_00052_rgbn.npy,data\expanded_v2\tiles\lucknow\masks\lucknow_00052_mask.png,512,512,256,10,0.2815399169921875,geographic_aoi_v2
lucknow_00053,lucknow,Sentinel-2,S2C_44RNQ_20251128_0_L2A,train,data\expanded_v2\tiles\lucknow\images\lucknow_00053_rgb.png,data\expanded_v2\tiles\lucknow\images\lucknow_00053_rgbn.npy,data\expanded_v2\tiles\lucknow\masks\lucknow_00053_mask.png,512,640,256,10,0.2626495361328125,geographic_aoi_v2
lucknow_00054,lucknow,Sentinel-2,S2C_44RNQ_20251128_0_L2A,train,data\expanded_v2\tiles\lucknow\images\lucknow_00054_rgb.png,data\expanded_v2\tiles\lucknow\images\lucknow_00054_rgbn.npy,data\expanded_v2\tiles\lucknow\masks\lucknow_00054_mask.png,512,768,256,10,0.2620391845703125,geographic_aoi_v2
lucknow_00055,lucknow,Sentinel-2,S2C_44RNQ_20251128_0_L2A,train,data\expanded_v2\tiles\lucknow\images\lucknow_00055_rgb.png,data\expanded_v2\tiles\lucknow\images\lucknow_00055_rgbn.npy,data\expanded_v2\tiles\lucknow\masks\lucknow_00055_mask.png,512,896,256,10,0.29278564453125,geographic_aoi_v2
lucknow_00056,lucknow,Sentinel-2,S2C_44RNQ_20251128_0_L2A,train,data\expanded_v2\tiles\lucknow\images\lucknow_00056_rgb.png,data\expanded_v2\tiles\lucknow\images\lucknow_00056_rgbn.npy,data\expanded_v2\tiles\lucknow\masks\lucknow_00056_mask.png,512,1024,256,10,0.327301025390625,geographic_aoi_v2
lucknow_00057,lucknow,Sentinel-2,S2C_44RNQ_20251128_0_L2A,train,data\expanded_v2\tiles\lucknow\images\lucknow_00057_rgb.png,data\expanded_v2\tiles\lucknow\images\lucknow_00057_rgbn.npy,data\expanded_v2\tiles\lucknow\masks\lucknow_00057_mask.png,512,1152,256,10,0.358428955078125,geographic_aoi_v2
lucknow_00058,lucknow,Sentinel-2,S2C_44RNQ_20251128_0_L2A,train,data\expanded_v2\tiles\lucknow\images\lucknow_00058_rgb.png,data\expanded_v2\tiles\lucknow\images\lucknow_00058_rgbn.npy,data\expanded_v2\tiles\lucknow\masks\lucknow_00058_mask.png,512,1280,256,10,0.345977783203125,geographic_aoi_v2
lucknow_00059,lucknow,Sentinel-2,S2C_44RNQ_20251128_0_L2A,train,data\expanded_v2\tiles\lucknow\images\lucknow_00059_rgb.png,data\expanded_v2\tiles\lucknow\images\lucknow_00059_rgbn.npy,data\expanded_v2\tiles\lucknow\masks\lucknow_00059_mask.png,512,1408,256,10,0.3712158203125,geographic_aoi_v2
lucknow_00060,lucknow,Sentinel-2,S2C_44RNQ_20251128_0_L2A,train,data\expanded_v2\tiles\lucknow\images\lucknow_00060_rgb.png,data\expanded_v2\tiles\lucknow\images\lucknow_00060_rgbn.npy,data\expanded_v2\tiles\lucknow\masks\lucknow_00060_mask.png,640,0,256,10,0.34613037109375,geographic_aoi_v2
lucknow_00061,lucknow,Sentinel-2,S2C_44RNQ_20251128_0_L2A,train,data\expanded_v2\tiles\lucknow\images\lucknow_00061_rgb.png,data\expanded_v2\tiles\lucknow\images\lucknow_00061_rgbn.npy,data\expanded_v2\tiles\lucknow\masks\lucknow_00061_mask.png,640,128,256,10,0.35650634765625,geographic_aoi_v2
lucknow_00062,lucknow,Sentinel-2,S2C_44RNQ_20251128_0_L2A,train,data\expanded_v2\tiles\lucknow\images\lucknow_00062_rgb.png,data\expanded_v2\tiles\lucknow\images\lucknow_00062_rgbn.npy,data\expanded_v2\tiles\lucknow\masks\lucknow_00062_mask.png,640,256,256,10,0.3437347412109375,geographic_aoi_v2
lucknow_00063,lucknow,Sentinel-2,S2C_44RNQ_20251128_0_L2A,train,data\expanded_v2\tiles\lucknow\images\lucknow_00063_rgb.png,data\expanded_v2\tiles\lucknow\images\lucknow_00063_rgbn.npy,data\expanded_v2\tiles\lucknow\masks\lucknow_00063_mask.png,640,384,256,10,0.292266845703125,geographic_aoi_v2
lucknow_00064,lucknow,Sentinel-2,S2C_44RNQ_20251128_0_L2A,train,data\expanded_v2\tiles\lucknow\images\lucknow_00064_rgb.png,data\expanded_v2\tiles\lucknow\images\lucknow_00064_rgbn.npy,data\expanded_v2\tiles\lucknow\masks\lucknow_00064_mask.png,640,512,256,10,0.2636566162109375,geographic_aoi_v2
lucknow_00065,lucknow,Sentinel-2,S2C_44RNQ_20251128_0_L2A,train,data\expanded_v2\tiles\lucknow\images\lucknow_00065_rgb.png,data\expanded_v2\tiles\lucknow\images\lucknow_00065_rgbn.npy,data\expanded_v2\tiles\lucknow\masks\lucknow_00065_mask.png,640,640,256,10,0.243438720703125,geographic_aoi_v2
lucknow_00066,lucknow,Sentinel-2,S2C_44RNQ_20251128_0_L2A,train,data\expanded_v2\tiles\lucknow\images\lucknow_00066_rgb.png,data\expanded_v2\tiles\lucknow\images\lucknow_00066_rgbn.npy,data\expanded_v2\tiles\lucknow\masks\lucknow_00066_mask.png,640,768,256,10,0.238311767578125,geographic_aoi_v2
lucknow_00067,lucknow,Sentinel-2,S2C_44RNQ_20251128_0_L2A,train,data\expanded_v2\tiles\lucknow\images\lucknow_00067_rgb.png,data\expanded_v2\tiles\lucknow\images\lucknow_00067_rgbn.npy,data\expanded_v2\tiles\lucknow\masks\lucknow_00067_mask.png,640,896,256,10,0.2475738525390625,geographic_aoi_v2
lucknow_00068,lucknow,Sentinel-2,S2C_44RNQ_20251128_0_L2A,train,data\expanded_v2\tiles\lucknow\images\lucknow_00068_rgb.png,data\expanded_v2\tiles\lucknow\images\lucknow_00068_rgbn.npy,data\expanded_v2\tiles\lucknow\masks\lucknow_00068_mask.png,640,1024,256,10,0.26385498046875,geographic_aoi_v2
lucknow_00069,lucknow,Sentinel-2,S2C_44RNQ_20251128_0_L2A,train,data\expanded_v2\tiles\lucknow\images\lucknow_00069_rgb.png,data\expanded_v2\tiles\lucknow\images\lucknow_00069_rgbn.npy,data\expanded_v2\tiles\lucknow\masks\lucknow_00069_mask.png,640,1152,256,10,0.3035888671875,geographic_aoi_v2
lucknow_00070,lucknow,Sentinel-2,S2C_44RNQ_20251128_0_L2A,train,data\expanded_v2\tiles\lucknow\images\lucknow_00070_rgb.png,data\expanded_v2\tiles\lucknow\images\lucknow_00070_rgbn.npy,data\expanded_v2\tiles\lucknow\masks\lucknow_00070_mask.png,640,1280,256,10,0.3566741943359375,geographic_aoi_v2
lucknow_00071,lucknow,Sentinel-2,S2C_44RNQ_20251128_0_L2A,train,data\expanded_v2\tiles\lucknow\images\lucknow_00071_rgb.png,data\expanded_v2\tiles\lucknow\images\lucknow_00071_rgbn.npy,data\expanded_v2\tiles\lucknow\masks\lucknow_00071_mask.png,640,1408,256,10,0.374908447265625,geographic_aoi_v2
lucknow_00072,lucknow,Sentinel-2,S2C_44RNQ_20251128_0_L2A,train,data\expanded_v2\tiles\lucknow\images\lucknow_00072_rgb.png,data\expanded_v2\tiles\lucknow\images\lucknow_00072_rgbn.npy,data\expanded_v2\tiles\lucknow\masks\lucknow_00072_mask.png,768,0,256,10,0.3460235595703125,geographic_aoi_v2
lucknow_00073,lucknow,Sentinel-2,S2C_44RNQ_20251128_0_L2A,train,data\expanded_v2\tiles\lucknow\images\lucknow_00073_rgb.png,data\expanded_v2\tiles\lucknow\images\lucknow_00073_rgbn.npy,data\expanded_v2\tiles\lucknow\masks\lucknow_00073_mask.png,768,128,256,10,0.348236083984375,geographic_aoi_v2
lucknow_00074,lucknow,Sentinel-2,S2C_44RNQ_20251128_0_L2A,train,data\expanded_v2\tiles\lucknow\images\lucknow_00074_rgb.png,data\expanded_v2\tiles\lucknow\images\lucknow_00074_rgbn.npy,data\expanded_v2\tiles\lucknow\masks\lucknow_00074_mask.png,768,256,256,10,0.2969512939453125,geographic_aoi_v2
lucknow_00075,lucknow,Sentinel-2,S2C_44RNQ_20251128_0_L2A,train,data\expanded_v2\tiles\lucknow\images\lucknow_00075_rgb.png,data\expanded_v2\tiles\lucknow\images\lucknow_00075_rgbn.npy,data\expanded_v2\tiles\lucknow\masks\lucknow_00075_mask.png,768,384,256,10,0.28265380859375,geographic_aoi_v2
lucknow_00076,lucknow,Sentinel-2,S2C_44RNQ_20251128_0_L2A,train,data\expanded_v2\tiles\lucknow\images\lucknow_00076_rgb.png,data\expanded_v2\tiles\lucknow\images\lucknow_00076_rgbn.npy,data\expanded_v2\tiles\lucknow\masks\lucknow_00076_mask.png,768,512,256,10,0.3110198974609375,geographic_aoi_v2
lucknow_00077,lucknow,Sentinel-2,S2C_44RNQ_20251128_0_L2A,train,data\expanded_v2\tiles\lucknow\images\lucknow_00077_rgb.png,data\expanded_v2\tiles\lucknow\images\lucknow_00077_rgbn.npy,data\expanded_v2\tiles\lucknow\masks\lucknow_00077_mask.png,768,640,256,10,0.3177642822265625,geographic_aoi_v2
lucknow_00078,lucknow,Sentinel-2,S2C_44RNQ_20251128_0_L2A,train,data\expanded_v2\tiles\lucknow\images\lucknow_00078_rgb.png,data\expanded_v2\tiles\lucknow\images\lucknow_00078_rgbn.npy,data\expanded_v2\tiles\lucknow\masks\lucknow_00078_mask.png,768,768,256,10,0.27386474609375,geographic_aoi_v2
lucknow_00079,lucknow,Sentinel-2,S2C_44RNQ_20251128_0_L2A,train,data\expanded_v2\tiles\lucknow\images\lucknow_00079_rgb.png,data\expanded_v2\tiles\lucknow\images\lucknow_00079_rgbn.npy,data\expanded_v2\tiles\lucknow\masks\lucknow_00079_mask.png,768,896,256,10,0.21771240234375,geographic_aoi_v2
lucknow_00080,lucknow,Sentinel-2,S2C_44RNQ_20251128_0_L2A,train,data\expanded_v2\tiles\lucknow\images\lucknow_00080_rgb.png,data\expanded_v2\tiles\lucknow\images\lucknow_00080_rgbn.npy,data\expanded_v2\tiles\lucknow\masks\lucknow_00080_mask.png,768,1024,256,10,0.2006988525390625,geographic_aoi_v2
lucknow_00081,lucknow,Sentinel-2,S2C_44RNQ_20251128_0_L2A,train,data\expanded_v2\tiles\lucknow\images\lucknow_00081_rgb.png,data\expanded_v2\tiles\lucknow\images\lucknow_00081_rgbn.npy,data\expanded_v2\tiles\lucknow\masks\lucknow_00081_mask.png,768,1152,256,10,0.2350921630859375,geographic_aoi_v2
lucknow_00082,lucknow,Sentinel-2,S2C_44RNQ_20251128_0_L2A,train,data\expanded_v2\tiles\lucknow\images\lucknow_00082_rgb.png,data\expanded_v2\tiles\lucknow\images\lucknow_00082_rgbn.npy,data\expanded_v2\tiles\lucknow\masks\lucknow_00082_mask.png,768,1280,256,10,0.34393310546875,geographic_aoi_v2
lucknow_00083,lucknow,Sentinel-2,S2C_44RNQ_20251128_0_L2A,train,data\expanded_v2\tiles\lucknow\images\lucknow_00083_rgb.png,data\expanded_v2\tiles\lucknow\images\lucknow_00083_rgbn.npy,data\expanded_v2\tiles\lucknow\masks\lucknow_00083_mask.png,768,1408,256,10,0.4069366455078125,geographic_aoi_v2
lucknow_00084,lucknow,Sentinel-2,S2C_44RNQ_20251128_0_L2A,train,data\expanded_v2\tiles\lucknow\images\lucknow_00084_rgb.png,data\expanded_v2\tiles\lucknow\images\lucknow_00084_rgbn.npy,data\expanded_v2\tiles\lucknow\masks\lucknow_00084_mask.png,896,0,256,10,0.353363037109375,geographic_aoi_v2
lucknow_00085,lucknow,Sentinel-2,S2C_44RNQ_20251128_0_L2A,train,data\expanded_v2\tiles\lucknow\images\lucknow_00085_rgb.png,data\expanded_v2\tiles\lucknow\images\lucknow_00085_rgbn.npy,data\expanded_v2\tiles\lucknow\masks\lucknow_00085_mask.png,896,128,256,10,0.346038818359375,geographic_aoi_v2
lucknow_00086,lucknow,Sentinel-2,S2C_44RNQ_20251128_0_L2A,train,data\expanded_v2\tiles\lucknow\images\lucknow_00086_rgb.png,data\expanded_v2\tiles\lucknow\images\lucknow_00086_rgbn.npy,data\expanded_v2\tiles\lucknow\masks\lucknow_00086_mask.png,896,256,256,10,0.2370147705078125,geographic_aoi_v2
lucknow_00087,lucknow,Sentinel-2,S2C_44RNQ_20251128_0_L2A,train,data\expanded_v2\tiles\lucknow\images\lucknow_00087_rgb.png,data\expanded_v2\tiles\lucknow\images\lucknow_00087_rgbn.npy,data\expanded_v2\tiles\lucknow\masks\lucknow_00087_mask.png,896,384,256,10,0.2281494140625,geographic_aoi_v2
lucknow_00088,lucknow,Sentinel-2,S2C_44RNQ_20251128_0_L2A,train,data\expanded_v2\tiles\lucknow\images\lucknow_00088_rgb.png,data\expanded_v2\tiles\lucknow\images\lucknow_00088_rgbn.npy,data\expanded_v2\tiles\lucknow\masks\lucknow_00088_mask.png,896,512,256,10,0.28167724609375,geographic_aoi_v2
lucknow_00089,lucknow,Sentinel-2,S2C_44RNQ_20251128_0_L2A,train,data\expanded_v2\tiles\lucknow\images\lucknow_00089_rgb.png,data\expanded_v2\tiles\lucknow\images\lucknow_00089_rgbn.npy,data\expanded_v2\tiles\lucknow\masks\lucknow_00089_mask.png,896,640,256,10,0.285980224609375,geographic_aoi_v2
lucknow_00090,lucknow,Sentinel-2,S2C_44RNQ_20251128_0_L2A,train,data\expanded_v2\tiles\lucknow\images\lucknow_00090_rgb.png,data\expanded_v2\tiles\lucknow\images\lucknow_00090_rgbn.npy,data\expanded_v2\tiles\lucknow\masks\lucknow_00090_mask.png,896,768,256,10,0.2471160888671875,geographic_aoi_v2
lucknow_00091,lucknow,Sentinel-2,S2C_44RNQ_20251128_0_L2A,train,data\expanded_v2\tiles\lucknow\images\lucknow_00091_rgb.png,data\expanded_v2\tiles\lucknow\images\lucknow_00091_rgbn.npy,data\expanded_v2\tiles\lucknow\masks\lucknow_00091_mask.png,896,896,256,10,0.174224853515625,geographic_aoi_v2
lucknow_00092,lucknow,Sentinel-2,S2C_44RNQ_20251128_0_L2A,train,data\expanded_v2\tiles\lucknow\images\lucknow_00092_rgb.png,data\expanded_v2\tiles\lucknow\images\lucknow_00092_rgbn.npy,data\expanded_v2\tiles\lucknow\masks\lucknow_00092_mask.png,896,1024,256,10,0.10986328125,geographic_aoi_v2
lucknow_00093,lucknow,Sentinel-2,S2C_44RNQ_20251128_0_L2A,train,data\expanded_v2\tiles\lucknow\images\lucknow_00093_rgb.png,data\expanded_v2\tiles\lucknow\images\lucknow_00093_rgbn.npy,data\expanded_v2\tiles\lucknow\masks\lucknow_00093_mask.png,896,1152,256,10,0.097381591796875,geographic_aoi_v2
lucknow_00094,lucknow,Sentinel-2,S2C_44RNQ_20251128_0_L2A,train,data\expanded_v2\tiles\lucknow\images\lucknow_00094_rgb.png,data\expanded_v2\tiles\lucknow\images\lucknow_00094_rgbn.npy,data\expanded_v2\tiles\lucknow\masks\lucknow_00094_mask.png,896,1280,256,10,0.20953369140625,geographic_aoi_v2
lucknow_00095,lucknow,Sentinel-2,S2C_44RNQ_20251128_0_L2A,train,data\expanded_v2\tiles\lucknow\images\lucknow_00095_rgb.png,data\expanded_v2\tiles\lucknow\images\lucknow_00095_rgbn.npy,data\expanded_v2\tiles\lucknow\masks\lucknow_00095_mask.png,896,1408,256,10,0.3564300537109375,geographic_aoi_v2
lucknow_00096,lucknow,Sentinel-2,S2C_44RNQ_20251128_0_L2A,train,data\expanded_v2\tiles\lucknow\images\lucknow_00096_rgb.png,data\expanded_v2\tiles\lucknow\images\lucknow_00096_rgbn.npy,data\expanded_v2\tiles\lucknow\masks\lucknow_00096_mask.png,1024,0,256,10,0.313751220703125,geographic_aoi_v2
lucknow_00097,lucknow,Sentinel-2,S2C_44RNQ_20251128_0_L2A,train,data\expanded_v2\tiles\lucknow\images\lucknow_00097_rgb.png,data\expanded_v2\tiles\lucknow\images\lucknow_00097_rgbn.npy,data\expanded_v2\tiles\lucknow\masks\lucknow_00097_mask.png,1024,128,256,10,0.3180389404296875,geographic_aoi_v2
lucknow_00098,lucknow,Sentinel-2,S2C_44RNQ_20251128_0_L2A,train,data\expanded_v2\tiles\lucknow\images\lucknow_00098_rgb.png,data\expanded_v2\tiles\lucknow\images\lucknow_00098_rgbn.npy,data\expanded_v2\tiles\lucknow\masks\lucknow_00098_mask.png,1024,256,256,10,0.2628631591796875,geographic_aoi_v2
lucknow_00099,lucknow,Sentinel-2,S2C_44RNQ_20251128_0_L2A,train,data\expanded_v2\tiles\lucknow\images\lucknow_00099_rgb.png,data\expanded_v2\tiles\lucknow\images\lucknow_00099_rgbn.npy,data\expanded_v2\tiles\lucknow\masks\lucknow_00099_mask.png,1024,384,256,10,0.2677459716796875,geographic_aoi_v2
lucknow_00100,lucknow,Sentinel-2,S2C_44RNQ_20251128_0_L2A,train,data\expanded_v2\tiles\lucknow\images\lucknow_00100_rgb.png,data\expanded_v2\tiles\lucknow\images\lucknow_00100_rgbn.npy,data\expanded_v2\tiles\lucknow\masks\lucknow_00100_mask.png,1024,512,256,10,0.26953125,geographic_aoi_v2
lucknow_00101,lucknow,Sentinel-2,S2C_44RNQ_20251128_0_L2A,train,data\expanded_v2\tiles\lucknow\images\lucknow_00101_rgb.png,data\expanded_v2\tiles\lucknow\images\lucknow_00101_rgbn.npy,data\expanded_v2\tiles\lucknow\masks\lucknow_00101_mask.png,1024,640,256,10,0.22357177734375,geographic_aoi_v2
lucknow_00102,lucknow,Sentinel-2,S2C_44RNQ_20251128_0_L2A,train,data\expanded_v2\tiles\lucknow\images\lucknow_00102_rgb.png,data\expanded_v2\tiles\lucknow\images\lucknow_00102_rgbn.npy,data\expanded_v2\tiles\lucknow\masks\lucknow_00102_mask.png,1024,768,256,10,0.2017364501953125,geographic_aoi_v2
lucknow_00103,lucknow,Sentinel-2,S2C_44RNQ_20251128_0_L2A,train,data\expanded_v2\tiles\lucknow\images\lucknow_00103_rgb.png,data\expanded_v2\tiles\lucknow\images\lucknow_00103_rgbn.npy,data\expanded_v2\tiles\lucknow\masks\lucknow_00103_mask.png,1024,896,256,10,0.1571044921875,geographic_aoi_v2
lucknow_00104,lucknow,Sentinel-2,S2C_44RNQ_20251128_0_L2A,train,data\expanded_v2\tiles\lucknow\images\lucknow_00104_rgb.png,data\expanded_v2\tiles\lucknow\images\lucknow_00104_rgbn.npy,data\expanded_v2\tiles\lucknow\masks\lucknow_00104_mask.png,1024,1024,256,10,0.073333740234375,geographic_aoi_v2
lucknow_00105,lucknow,Sentinel-2,S2C_44RNQ_20251128_0_L2A,train,data\expanded_v2\tiles\lucknow\images\lucknow_00105_rgb.png,data\expanded_v2\tiles\lucknow\images\lucknow_00105_rgbn.npy,data\expanded_v2\tiles\lucknow\masks\lucknow_00105_mask.png,1024,1152,256,10,0.044952392578125,geographic_aoi_v2
lucknow_00106,lucknow,Sentinel-2,S2C_44RNQ_20251128_0_L2A,train,data\expanded_v2\tiles\lucknow\images\lucknow_00106_rgb.png,data\expanded_v2\tiles\lucknow\images\lucknow_00106_rgbn.npy,data\expanded_v2\tiles\lucknow\masks\lucknow_00106_mask.png,1024,1280,256,10,0.13153076171875,geographic_aoi_v2
lucknow_00107,lucknow,Sentinel-2,S2C_44RNQ_20251128_0_L2A,train,data\expanded_v2\tiles\lucknow\images\lucknow_00107_rgb.png,data\expanded_v2\tiles\lucknow\images\lucknow_00107_rgbn.npy,data\expanded_v2\tiles\lucknow\masks\lucknow_00107_mask.png,1024,1408,256,10,0.2333984375,geographic_aoi_v2
lucknow_00108,lucknow,Sentinel-2,S2C_44RNQ_20251128_0_L2A,train,data\expanded_v2\tiles\lucknow\images\lucknow_00108_rgb.png,data\expanded_v2\tiles\lucknow\images\lucknow_00108_rgbn.npy,data\expanded_v2\tiles\lucknow\masks\lucknow_00108_mask.png,1152,0,256,10,0.234710693359375,geographic_aoi_v2
lucknow_00109,lucknow,Sentinel-2,S2C_44RNQ_20251128_0_L2A,train,data\expanded_v2\tiles\lucknow\images\lucknow_00109_rgb.png,data\expanded_v2\tiles\lucknow\images\lucknow_00109_rgbn.npy,data\expanded_v2\tiles\lucknow\masks\lucknow_00109_mask.png,1152,128,256,10,0.3085174560546875,geographic_aoi_v2
lucknow_00110,lucknow,Sentinel-2,S2C_44RNQ_20251128_0_L2A,train,data\expanded_v2\tiles\lucknow\images\lucknow_00110_rgb.png,data\expanded_v2\tiles\lucknow\images\lucknow_00110_rgbn.npy,data\expanded_v2\tiles\lucknow\masks\lucknow_00110_mask.png,1152,256,256,10,0.3642730712890625,geographic_aoi_v2
lucknow_00111,lucknow,Sentinel-2,S2C_44RNQ_20251128_0_L2A,train,data\expanded_v2\tiles\lucknow\images\lucknow_00111_rgb.png,data\expanded_v2\tiles\lucknow\images\lucknow_00111_rgbn.npy,data\expanded_v2\tiles\lucknow\masks\lucknow_00111_mask.png,1152,384,256,10,0.362152099609375,geographic_aoi_v2
lucknow_00112,lucknow,Sentinel-2,S2C_44RNQ_20251128_0_L2A,train,data\expanded_v2\tiles\lucknow\images\lucknow_00112_rgb.png,data\expanded_v2\tiles\lucknow\images\lucknow_00112_rgbn.npy,data\expanded_v2\tiles\lucknow\masks\lucknow_00112_mask.png,1152,512,256,10,0.2812957763671875,geographic_aoi_v2
lucknow_00113,lucknow,Sentinel-2,S2C_44RNQ_20251128_0_L2A,train,data\expanded_v2\tiles\lucknow\images\lucknow_00113_rgb.png,data\expanded_v2\tiles\lucknow\images\lucknow_00113_rgbn.npy,data\expanded_v2\tiles\lucknow\masks\lucknow_00113_mask.png,1152,640,256,10,0.1865386962890625,geographic_aoi_v2
lucknow_00114,lucknow,Sentinel-2,S2C_44RNQ_20251128_0_L2A,train,data\expanded_v2\tiles\lucknow\images\lucknow_00114_rgb.png,data\expanded_v2\tiles\lucknow\images\lucknow_00114_rgbn.npy,data\expanded_v2\tiles\lucknow\masks\lucknow_00114_mask.png,1152,768,256,10,0.1773834228515625,geographic_aoi_v2
lucknow_00115,lucknow,Sentinel-2,S2C_44RNQ_20251128_0_L2A,train,data\expanded_v2\tiles\lucknow\images\lucknow_00115_rgb.png,data\expanded_v2\tiles\lucknow\images\lucknow_00115_rgbn.npy,data\expanded_v2\tiles\lucknow\masks\lucknow_00115_mask.png,1152,896,256,10,0.147064208984375,geographic_aoi_v2
lucknow_00116,lucknow,Sentinel-2,S2C_44RNQ_20251128_0_L2A,train,data\expanded_v2\tiles\lucknow\images\lucknow_00116_rgb.png,data\expanded_v2\tiles\lucknow\images\lucknow_00116_rgbn.npy,data\expanded_v2\tiles\lucknow\masks\lucknow_00116_mask.png,1152,1024,256,10,0.085418701171875,geographic_aoi_v2
lucknow_00117,lucknow,Sentinel-2,S2C_44RNQ_20251128_0_L2A,train,data\expanded_v2\tiles\lucknow\images\lucknow_00117_rgb.png,data\expanded_v2\tiles\lucknow\images\lucknow_00117_rgbn.npy,data\expanded_v2\tiles\lucknow\masks\lucknow_00117_mask.png,1152,1152,256,10,0.1241455078125,geographic_aoi_v2
lucknow_00118,lucknow,Sentinel-2,S2C_44RNQ_20251128_0_L2A,train,data\expanded_v2\tiles\lucknow\images\lucknow_00118_rgb.png,data\expanded_v2\tiles\lucknow\images\lucknow_00118_rgbn.npy,data\expanded_v2\tiles\lucknow\masks\lucknow_00118_mask.png,1152,1280,256,10,0.221771240234375,geographic_aoi_v2
lucknow_00119,lucknow,Sentinel-2,S2C_44RNQ_20251128_0_L2A,train,data\expanded_v2\tiles\lucknow\images\lucknow_00119_rgb.png,data\expanded_v2\tiles\lucknow\images\lucknow_00119_rgbn.npy,data\expanded_v2\tiles\lucknow\masks\lucknow_00119_mask.png,1152,1408,256,10,0.21234130859375,geographic_aoi_v2
lucknow_00120,lucknow,Sentinel-2,S2C_44RNQ_20251128_0_L2A,train,data\expanded_v2\tiles\lucknow\images\lucknow_00120_rgb.png,data\expanded_v2\tiles\lucknow\images\lucknow_00120_rgbn.npy,data\expanded_v2\tiles\lucknow\masks\lucknow_00120_mask.png,1280,0,256,10,0.23046875,geographic_aoi_v2
lucknow_00121,lucknow,Sentinel-2,S2C_44RNQ_20251128_0_L2A,train,data\expanded_v2\tiles\lucknow\images\lucknow_00121_rgb.png,data\expanded_v2\tiles\lucknow\images\lucknow_00121_rgbn.npy,data\expanded_v2\tiles\lucknow\masks\lucknow_00121_mask.png,1280,128,256,10,0.319610595703125,geographic_aoi_v2
lucknow_00122,lucknow,Sentinel-2,S2C_44RNQ_20251128_0_L2A,train,data\expanded_v2\tiles\lucknow\images\lucknow_00122_rgb.png,data\expanded_v2\tiles\lucknow\images\lucknow_00122_rgbn.npy,data\expanded_v2\tiles\lucknow\masks\lucknow_00122_mask.png,1280,256,256,10,0.3841705322265625,geographic_aoi_v2
lucknow_00123,lucknow,Sentinel-2,S2C_44RNQ_20251128_0_L2A,train,data\expanded_v2\tiles\lucknow\images\lucknow_00123_rgb.png,data\expanded_v2\tiles\lucknow\images\lucknow_00123_rgbn.npy,data\expanded_v2\tiles\lucknow\masks\lucknow_00123_mask.png,1280,384,256,10,0.3870086669921875,geographic_aoi_v2
lucknow_00124,lucknow,Sentinel-2,S2C_44RNQ_20251128_0_L2A,train,data\expanded_v2\tiles\lucknow\images\lucknow_00124_rgb.png,data\expanded_v2\tiles\lucknow\images\lucknow_00124_rgbn.npy,data\expanded_v2\tiles\lucknow\masks\lucknow_00124_mask.png,1280,512,256,10,0.332183837890625,geographic_aoi_v2
lucknow_00125,lucknow,Sentinel-2,S2C_44RNQ_20251128_0_L2A,train,data\expanded_v2\tiles\lucknow\images\lucknow_00125_rgb.png,data\expanded_v2\tiles\lucknow\images\lucknow_00125_rgbn.npy,data\expanded_v2\tiles\lucknow\masks\lucknow_00125_mask.png,1280,640,256,10,0.224700927734375,geographic_aoi_v2
lucknow_00126,lucknow,Sentinel-2,S2C_44RNQ_20251128_0_L2A,train,data\expanded_v2\tiles\lucknow\images\lucknow_00126_rgb.png,data\expanded_v2\tiles\lucknow\images\lucknow_00126_rgbn.npy,data\expanded_v2\tiles\lucknow\masks\lucknow_00126_mask.png,1280,768,256,10,0.189788818359375,geographic_aoi_v2
lucknow_00127,lucknow,Sentinel-2,S2C_44RNQ_20251128_0_L2A,train,data\expanded_v2\tiles\lucknow\images\lucknow_00127_rgb.png,data\expanded_v2\tiles\lucknow\images\lucknow_00127_rgbn.npy,data\expanded_v2\tiles\lucknow\masks\lucknow_00127_mask.png,1280,896,256,10,0.194610595703125,geographic_aoi_v2
lucknow_00128,lucknow,Sentinel-2,S2C_44RNQ_20251128_0_L2A,train,data\expanded_v2\tiles\lucknow\images\lucknow_00128_rgb.png,data\expanded_v2\tiles\lucknow\images\lucknow_00128_rgbn.npy,data\expanded_v2\tiles\lucknow\masks\lucknow_00128_mask.png,1280,1024,256,10,0.1478729248046875,geographic_aoi_v2
lucknow_00129,lucknow,Sentinel-2,S2C_44RNQ_20251128_0_L2A,train,data\expanded_v2\tiles\lucknow\images\lucknow_00129_rgb.png,data\expanded_v2\tiles\lucknow\images\lucknow_00129_rgbn.npy,data\expanded_v2\tiles\lucknow\masks\lucknow_00129_mask.png,1280,1152,256,10,0.194122314453125,geographic_aoi_v2
lucknow_00130,lucknow,Sentinel-2,S2C_44RNQ_20251128_0_L2A,train,data\expanded_v2\tiles\lucknow\images\lucknow_00130_rgb.png,data\expanded_v2\tiles\lucknow\images\lucknow_00130_rgbn.npy,data\expanded_v2\tiles\lucknow\masks\lucknow_00130_mask.png,1280,1280,256,10,0.310943603515625,geographic_aoi_v2
lucknow_00131,lucknow,Sentinel-2,S2C_44RNQ_20251128_0_L2A,train,data\expanded_v2\tiles\lucknow\images\lucknow_00131_rgb.png,data\expanded_v2\tiles\lucknow\images\lucknow_00131_rgbn.npy,data\expanded_v2\tiles\lucknow\masks\lucknow_00131_mask.png,1280,1408,256,10,0.2767791748046875,geographic_aoi_v2
lucknow_00132,lucknow,Sentinel-2,S2C_44RNQ_20251128_0_L2A,train,data\expanded_v2\tiles\lucknow\images\lucknow_00132_rgb.png,data\expanded_v2\tiles\lucknow\images\lucknow_00132_rgbn.npy,data\expanded_v2\tiles\lucknow\masks\lucknow_00132_mask.png,1408,0,256,10,0.2542877197265625,geographic_aoi_v2
lucknow_00133,lucknow,Sentinel-2,S2C_44RNQ_20251128_0_L2A,train,data\expanded_v2\tiles\lucknow\images\lucknow_00133_rgb.png,data\expanded_v2\tiles\lucknow\images\lucknow_00133_rgbn.npy,data\expanded_v2\tiles\lucknow\masks\lucknow_00133_mask.png,1408,128,256,10,0.3037261962890625,geographic_aoi_v2
lucknow_00134,lucknow,Sentinel-2,S2C_44RNQ_20251128_0_L2A,train,data\expanded_v2\tiles\lucknow\images\lucknow_00134_rgb.png,data\expanded_v2\tiles\lucknow\images\lucknow_00134_rgbn.npy,data\expanded_v2\tiles\lucknow\masks\lucknow_00134_mask.png,1408,256,256,10,0.3437652587890625,geographic_aoi_v2
lucknow_00135,lucknow,Sentinel-2,S2C_44RNQ_20251128_0_L2A,train,data\expanded_v2\tiles\lucknow\images\lucknow_00135_rgb.png,data\expanded_v2\tiles\lucknow\images\lucknow_00135_rgbn.npy,data\expanded_v2\tiles\lucknow\masks\lucknow_00135_mask.png,1408,384,256,10,0.3703155517578125,geographic_aoi_v2
lucknow_00136,lucknow,Sentinel-2,S2C_44RNQ_20251128_0_L2A,train,data\expanded_v2\tiles\lucknow\images\lucknow_00136_rgb.png,data\expanded_v2\tiles\lucknow\images\lucknow_00136_rgbn.npy,data\expanded_v2\tiles\lucknow\masks\lucknow_00136_mask.png,1408,512,256,10,0.3859710693359375,geographic_aoi_v2
lucknow_00137,lucknow,Sentinel-2,S2C_44RNQ_20251128_0_L2A,train,data\expanded_v2\tiles\lucknow\images\lucknow_00137_rgb.png,data\expanded_v2\tiles\lucknow\images\lucknow_00137_rgbn.npy,data\expanded_v2\tiles\lucknow\masks\lucknow_00137_mask.png,1408,640,256,10,0.3458709716796875,geographic_aoi_v2
lucknow_00138,lucknow,Sentinel-2,S2C_44RNQ_20251128_0_L2A,train,data\expanded_v2\tiles\lucknow\images\lucknow_00138_rgb.png,data\expanded_v2\tiles\lucknow\images\lucknow_00138_rgbn.npy,data\expanded_v2\tiles\lucknow\masks\lucknow_00138_mask.png,1408,768,256,10,0.2943878173828125,geographic_aoi_v2
lucknow_00139,lucknow,Sentinel-2,S2C_44RNQ_20251128_0_L2A,train,data\expanded_v2\tiles\lucknow\images\lucknow_00139_rgb.png,data\expanded_v2\tiles\lucknow\images\lucknow_00139_rgbn.npy,data\expanded_v2\tiles\lucknow\masks\lucknow_00139_mask.png,1408,896,256,10,0.2829132080078125,geographic_aoi_v2
lucknow_00140,lucknow,Sentinel-2,S2C_44RNQ_20251128_0_L2A,train,data\expanded_v2\tiles\lucknow\images\lucknow_00140_rgb.png,data\expanded_v2\tiles\lucknow\images\lucknow_00140_rgbn.npy,data\expanded_v2\tiles\lucknow\masks\lucknow_00140_mask.png,1408,1024,256,10,0.2490386962890625,geographic_aoi_v2
lucknow_00141,lucknow,Sentinel-2,S2C_44RNQ_20251128_0_L2A,train,data\expanded_v2\tiles\lucknow\images\lucknow_00141_rgb.png,data\expanded_v2\tiles\lucknow\images\lucknow_00141_rgbn.npy,data\expanded_v2\tiles\lucknow\masks\lucknow_00141_mask.png,1408,1152,256,10,0.265838623046875,geographic_aoi_v2
lucknow_00142,lucknow,Sentinel-2,S2C_44RNQ_20251128_0_L2A,train,data\expanded_v2\tiles\lucknow\images\lucknow_00142_rgb.png,data\expanded_v2\tiles\lucknow\images\lucknow_00142_rgbn.npy,data\expanded_v2\tiles\lucknow\masks\lucknow_00142_mask.png,1408,1280,256,10,0.31109619140625,geographic_aoi_v2
lucknow_00143,lucknow,Sentinel-2,S2C_44RNQ_20251128_0_L2A,train,data\expanded_v2\tiles\lucknow\images\lucknow_00143_rgb.png,data\expanded_v2\tiles\lucknow\images\lucknow_00143_rgbn.npy,data\expanded_v2\tiles\lucknow\masks\lucknow_00143_mask.png,1408,1408,256,10,0.2696533203125,geographic_aoi_v2
bhopal_00000,bhopal,Sentinel-2,S2B_43QGF_20251226_0_L2A,train,data\expanded_v2\tiles\bhopal\images\bhopal_00000_rgb.png,data\expanded_v2\tiles\bhopal\images\bhopal_00000_rgbn.npy,data\expanded_v2\tiles\bhopal\masks\bhopal_00000_mask.png,0,0,256,10,0.0530242919921875,geographic_aoi_v2
bhopal_00001,bhopal,Sentinel-2,S2B_43QGF_20251226_0_L2A,train,data\expanded_v2\tiles\bhopal\images\bhopal_00001_rgb.png,data\expanded_v2\tiles\bhopal\images\bhopal_00001_rgbn.npy,data\expanded_v2\tiles\bhopal\masks\bhopal_00001_mask.png,0,128,256,10,0.0668487548828125,geographic_aoi_v2
bhopal_00002,bhopal,Sentinel-2,S2B_43QGF_20251226_0_L2A,train,data\expanded_v2\tiles\bhopal\images\bhopal_00002_rgb.png,data\expanded_v2\tiles\bhopal\images\bhopal_00002_rgbn.npy,data\expanded_v2\tiles\bhopal\masks\bhopal_00002_mask.png,0,256,256,10,0.084991455078125,geographic_aoi_v2
bhopal_00003,bhopal,Sentinel-2,S2B_43QGF_20251226_0_L2A,train,data\expanded_v2\tiles\bhopal\images\bhopal_00003_rgb.png,data\expanded_v2\tiles\bhopal\images\bhopal_00003_rgbn.npy,data\expanded_v2\tiles\bhopal\masks\bhopal_00003_mask.png,0,384,256,10,0.1048583984375,geographic_aoi_v2
bhopal_00004,bhopal,Sentinel-2,S2B_43QGF_20251226_0_L2A,train,data\expanded_v2\tiles\bhopal\images\bhopal_00004_rgb.png,data\expanded_v2\tiles\bhopal\images\bhopal_00004_rgbn.npy,data\expanded_v2\tiles\bhopal\masks\bhopal_00004_mask.png,0,512,256,10,0.183380126953125,geographic_aoi_v2
bhopal_00005,bhopal,Sentinel-2,S2B_43QGF_20251226_0_L2A,train,data\expanded_v2\tiles\bhopal\images\bhopal_00005_rgb.png,data\expanded_v2\tiles\bhopal\images\bhopal_00005_rgbn.npy,data\expanded_v2\tiles\bhopal\masks\bhopal_00005_mask.png,0,640,256,10,0.2022552490234375,geographic_aoi_v2
bhopal_00006,bhopal,Sentinel-2,S2B_43QGF_20251226_0_L2A,train,data\expanded_v2\tiles\bhopal\images\bhopal_00006_rgb.png,data\expanded_v2\tiles\bhopal\images\bhopal_00006_rgbn.npy,data\expanded_v2\tiles\bhopal\masks\bhopal_00006_mask.png,0,768,256,10,0.1229248046875,geographic_aoi_v2
bhopal_00007,bhopal,Sentinel-2,S2B_43QGF_20251226_0_L2A,train,data\expanded_v2\tiles\bhopal\images\bhopal_00007_rgb.png,data\expanded_v2\tiles\bhopal\images\bhopal_00007_rgbn.npy,data\expanded_v2\tiles\bhopal\masks\bhopal_00007_mask.png,0,896,256,10,0.08367919921875,geographic_aoi_v2
bhopal_00008,bhopal,Sentinel-2,S2B_43QGF_20251226_0_L2A,train,data\expanded_v2\tiles\bhopal\images\bhopal_00008_rgb.png,data\expanded_v2\tiles\bhopal\images\bhopal_00008_rgbn.npy,data\expanded_v2\tiles\bhopal\masks\bhopal_00008_mask.png,0,1024,256,10,0.105682373046875,geographic_aoi_v2
bhopal_00009,bhopal,Sentinel-2,S2B_43QGF_20251226_0_L2A,train,data\expanded_v2\tiles\bhopal\images\bhopal_00009_rgb.png,data\expanded_v2\tiles\bhopal\images\bhopal_00009_rgbn.npy,data\expanded_v2\tiles\bhopal\masks\bhopal_00009_mask.png,0,1152,256,10,0.1075592041015625,geographic_aoi_v2
bhopal_00010,bhopal,Sentinel-2,S2B_43QGF_20251226_0_L2A,train,data\expanded_v2\tiles\bhopal\images\bhopal_00010_rgb.png,data\expanded_v2\tiles\bhopal\images\bhopal_00010_rgbn.npy,data\expanded_v2\tiles\bhopal\masks\bhopal_00010_mask.png,0,1280,256,10,0.083465576171875,geographic_aoi_v2
bhopal_00011,bhopal,Sentinel-2,S2B_43QGF_20251226_0_L2A,train,data\expanded_v2\tiles\bhopal\images\bhopal_00011_rgb.png,data\expanded_v2\tiles\bhopal\images\bhopal_00011_rgbn.npy,data\expanded_v2\tiles\bhopal\masks\bhopal_00011_mask.png,0,1408,256,10,0.0695648193359375,geographic_aoi_v2
bhopal_00012,bhopal,Sentinel-2,S2B_43QGF_20251226_0_L2A,train,data\expanded_v2\tiles\bhopal\images\bhopal_00012_rgb.png,data\expanded_v2\tiles\bhopal\images\bhopal_00012_rgbn.npy,data\expanded_v2\tiles\bhopal\masks\bhopal_00012_mask.png,128,0,256,10,0.195526123046875,geographic_aoi_v2
bhopal_00013,bhopal,Sentinel-2,S2B_43QGF_20251226_0_L2A,train,data\expanded_v2\tiles\bhopal\images\bhopal_00013_rgb.png,data\expanded_v2\tiles\bhopal\images\bhopal_00013_rgbn.npy,data\expanded_v2\tiles\bhopal\masks\bhopal_00013_mask.png,128,128,256,10,0.1957855224609375,geographic_aoi_v2
bhopal_00014,bhopal,Sentinel-2,S2B_43QGF_20251226_0_L2A,train,data\expanded_v2\tiles\bhopal\images\bhopal_00014_rgb.png,data\expanded_v2\tiles\bhopal\images\bhopal_00014_rgbn.npy,data\expanded_v2\tiles\bhopal\masks\bhopal_00014_mask.png,128,256,256,10,0.178375244140625,geographic_aoi_v2
bhopal_00015,bhopal,Sentinel-2,S2B_43QGF_20251226_0_L2A,train,data\expanded_v2\tiles\bhopal\images\bhopal_00015_rgb.png,data\expanded_v2\tiles\bhopal\images\bhopal_00015_rgbn.npy,data\expanded_v2\tiles\bhopal\masks\bhopal_00015_mask.png,128,384,256,10,0.1473236083984375,geographic_aoi_v2
bhopal_00016,bhopal,Sentinel-2,S2B_43QGF_20251226_0_L2A,train,data\expanded_v2\tiles\bhopal\images\bhopal_00016_rgb.png,data\expanded_v2\tiles\bhopal\images\bhopal_00016_rgbn.npy,data\expanded_v2\tiles\bhopal\masks\bhopal_00016_mask.png,128,512,256,10,0.14569091796875,geographic_aoi_v2
bhopal_00017,bhopal,Sentinel-2,S2B_43QGF_20251226_0_L2A,train,data\expanded_v2\tiles\bhopal\images\bhopal_00017_rgb.png,data\expanded_v2\tiles\bhopal\images\bhopal_00017_rgbn.npy,data\expanded_v2\tiles\bhopal\masks\bhopal_00017_mask.png,128,640,256,10,0.1862030029296875,geographic_aoi_v2
bhopal_00018,bhopal,Sentinel-2,S2B_43QGF_20251226_0_L2A,train,data\expanded_v2\tiles\bhopal\images\bhopal_00018_rgb.png,data\expanded_v2\tiles\bhopal\images\bhopal_00018_rgbn.npy,data\expanded_v2\tiles\bhopal\masks\bhopal_00018_mask.png,128,768,256,10,0.18927001953125,geographic_aoi_v2
bhopal_00019,bhopal,Sentinel-2,S2B_43QGF_20251226_0_L2A,train,data\expanded_v2\tiles\bhopal\images\bhopal_00019_rgb.png,data\expanded_v2\tiles\bhopal\images\bhopal_00019_rgbn.npy,data\expanded_v2\tiles\bhopal\masks\bhopal_00019_mask.png,128,896,256,10,0.142730712890625,geographic_aoi_v2
bhopal_00020,bhopal,Sentinel-2,S2B_43QGF_20251226_0_L2A,train,data\expanded_v2\tiles\bhopal\images\bhopal_00020_rgb.png,data\expanded_v2\tiles\bhopal\images\bhopal_00020_rgbn.npy,data\expanded_v2\tiles\bhopal\masks\bhopal_00020_mask.png,128,1024,256,10,0.1423187255859375,geographic_aoi_v2
bhopal_00021,bhopal,Sentinel-2,S2B_43QGF_20251226_0_L2A,train,data\expanded_v2\tiles\bhopal\images\bhopal_00021_rgb.png,data\expanded_v2\tiles\bhopal\images\bhopal_00021_rgbn.npy,data\expanded_v2\tiles\bhopal\masks\bhopal_00021_mask.png,128,1152,256,10,0.1369476318359375,geographic_aoi_v2
bhopal_00022,bhopal,Sentinel-2,S2B_43QGF_20251226_0_L2A,train,data\expanded_v2\tiles\bhopal\images\bhopal_00022_rgb.png,data\expanded_v2\tiles\bhopal\images\bhopal_00022_rgbn.npy,data\expanded_v2\tiles\bhopal\masks\bhopal_00022_mask.png,128,1280,256,10,0.0777435302734375,geographic_aoi_v2
bhopal_00023,bhopal,Sentinel-2,S2B_43QGF_20251226_0_L2A,train,data\expanded_v2\tiles\bhopal\images\bhopal_00023_rgb.png,data\expanded_v2\tiles\bhopal\images\bhopal_00023_rgbn.npy,data\expanded_v2\tiles\bhopal\masks\bhopal_00023_mask.png,128,1408,256,10,0.07733154296875,geographic_aoi_v2
bhopal_00024,bhopal,Sentinel-2,S2B_43QGF_20251226_0_L2A,train,data\expanded_v2\tiles\bhopal\images\bhopal_00024_rgb.png,data\expanded_v2\tiles\bhopal\images\bhopal_00024_rgbn.npy,data\expanded_v2\tiles\bhopal\masks\bhopal_00024_mask.png,256,0,256,10,0.3275299072265625,geographic_aoi_v2
bhopal_00025,bhopal,Sentinel-2,S2B_43QGF_20251226_0_L2A,train,data\expanded_v2\tiles\bhopal\images\bhopal_00025_rgb.png,data\expanded_v2\tiles\bhopal\images\bhopal_00025_rgbn.npy,data\expanded_v2\tiles\bhopal\masks\bhopal_00025_mask.png,256,128,256,10,0.3291168212890625,geographic_aoi_v2
bhopal_00026,bhopal,Sentinel-2,S2B_43QGF_20251226_0_L2A,train,data\expanded_v2\tiles\bhopal\images\bhopal_00026_rgb.png,data\expanded_v2\tiles\bhopal\images\bhopal_00026_rgbn.npy,data\expanded_v2\tiles\bhopal\masks\bhopal_00026_mask.png,256,256,256,10,0.2579803466796875,geographic_aoi_v2
bhopal_00027,bhopal,Sentinel-2,S2B_43QGF_20251226_0_L2A,train,data\expanded_v2\tiles\bhopal\images\bhopal_00027_rgb.png,data\expanded_v2\tiles\bhopal\images\bhopal_00027_rgbn.npy,data\expanded_v2\tiles\bhopal\masks\bhopal_00027_mask.png,256,384,256,10,0.242095947265625,geographic_aoi_v2
bhopal_00028,bhopal,Sentinel-2,S2B_43QGF_20251226_0_L2A,train,data\expanded_v2\tiles\bhopal\images\bhopal_00028_rgb.png,data\expanded_v2\tiles\bhopal\images\bhopal_00028_rgbn.npy,data\expanded_v2\tiles\bhopal\masks\bhopal_00028_mask.png,256,512,256,10,0.261932373046875,geographic_aoi_v2
bhopal_00029,bhopal,Sentinel-2,S2B_43QGF_20251226_0_L2A,train,data\expanded_v2\tiles\bhopal\images\bhopal_00029_rgb.png,data\expanded_v2\tiles\bhopal\images\bhopal_00029_rgbn.npy,data\expanded_v2\tiles\bhopal\masks\bhopal_00029_mask.png,256,640,256,10,0.3426513671875,geographic_aoi_v2
bhopal_00030,bhopal,Sentinel-2,S2B_43QGF_20251226_0_L2A,train,data\expanded_v2\tiles\bhopal\images\bhopal_00030_rgb.png,data\expanded_v2\tiles\bhopal\images\bhopal_00030_rgbn.npy,data\expanded_v2\tiles\bhopal\masks\bhopal_00030_mask.png,256,768,256,10,0.33184814453125,geographic_aoi_v2
bhopal_00031,bhopal,Sentinel-2,S2B_43QGF_20251226_0_L2A,train,data\expanded_v2\tiles\bhopal\images\bhopal_00031_rgb.png,data\expanded_v2\tiles\bhopal\images\bhopal_00031_rgbn.npy,data\expanded_v2\tiles\bhopal\masks\bhopal_00031_mask.png,256,896,256,10,0.2235260009765625,geographic_aoi_v2
bhopal_00032,bhopal,Sentinel-2,S2B_43QGF_20251226_0_L2A,train,data\expanded_v2\tiles\bhopal\images\bhopal_00032_rgb.png,data\expanded_v2\tiles\bhopal\images\bhopal_00032_rgbn.npy,data\expanded_v2\tiles\bhopal\masks\bhopal_00032_mask.png,256,1024,256,10,0.1728668212890625,geographic_aoi_v2
bhopal_00033,bhopal,Sentinel-2,S2B_43QGF_20251226_0_L2A,train,data\expanded_v2\tiles\bhopal\images\bhopal_00033_rgb.png,data\expanded_v2\tiles\bhopal\images\bhopal_00033_rgbn.npy,data\expanded_v2\tiles\bhopal\masks\bhopal_00033_mask.png,256,1152,256,10,0.115875244140625,geographic_aoi_v2
bhopal_00034,bhopal,Sentinel-2,S2B_43QGF_20251226_0_L2A,train,data\expanded_v2\tiles\bhopal\images\bhopal_00034_rgb.png,data\expanded_v2\tiles\bhopal\images\bhopal_00034_rgbn.npy,data\expanded_v2\tiles\bhopal\masks\bhopal_00034_mask.png,256,1280,256,10,0.07086181640625,geographic_aoi_v2
bhopal_00035,bhopal,Sentinel-2,S2B_43QGF_20251226_0_L2A,train,data\expanded_v2\tiles\bhopal\images\bhopal_00035_rgb.png,data\expanded_v2\tiles\bhopal\images\bhopal_00035_rgbn.npy,data\expanded_v2\tiles\bhopal\masks\bhopal_00035_mask.png,256,1408,256,10,0.115997314453125,geographic_aoi_v2
bhopal_00036,bhopal,Sentinel-2,S2B_43QGF_20251226_0_L2A,train,data\expanded_v2\tiles\bhopal\images\bhopal_00036_rgb.png,data\expanded_v2\tiles\bhopal\images\bhopal_00036_rgbn.npy,data\expanded_v2\tiles\bhopal\masks\bhopal_00036_mask.png,384,0,256,10,0.2218017578125,geographic_aoi_v2
bhopal_00037,bhopal,Sentinel-2,S2B_43QGF_20251226_0_L2A,train,data\expanded_v2\tiles\bhopal\images\bhopal_00037_rgb.png,data\expanded_v2\tiles\bhopal\images\bhopal_00037_rgbn.npy,data\expanded_v2\tiles\bhopal\masks\bhopal_00037_mask.png,384,128,256,10,0.25439453125,geographic_aoi_v2
bhopal_00038,bhopal,Sentinel-2,S2B_43QGF_20251226_0_L2A,train,data\expanded_v2\tiles\bhopal\images\bhopal_00038_rgb.png,data\expanded_v2\tiles\bhopal\images\bhopal_00038_rgbn.npy,data\expanded_v2\tiles\bhopal\masks\bhopal_00038_mask.png,384,256,256,10,0.207672119140625,geographic_aoi_v2
bhopal_00039,bhopal,Sentinel-2,S2B_43QGF_20251226_0_L2A,train,data\expanded_v2\tiles\bhopal\images\bhopal_00039_rgb.png,data\expanded_v2\tiles\bhopal\images\bhopal_00039_rgbn.npy,data\expanded_v2\tiles\bhopal\masks\bhopal_00039_mask.png,384,384,256,10,0.208282470703125,geographic_aoi_v2
bhopal_00040,bhopal,Sentinel-2,S2B_43QGF_20251226_0_L2A,train,data\expanded_v2\tiles\bhopal\images\bhopal_00040_rgb.png,data\expanded_v2\tiles\bhopal\images\bhopal_00040_rgbn.npy,data\expanded_v2\tiles\bhopal\masks\bhopal_00040_mask.png,384,512,256,10,0.351104736328125,geographic_aoi_v2
bhopal_00041,bhopal,Sentinel-2,S2B_43QGF_20251226_0_L2A,train,data\expanded_v2\tiles\bhopal\images\bhopal_00041_rgb.png,data\expanded_v2\tiles\bhopal\images\bhopal_00041_rgbn.npy,data\expanded_v2\tiles\bhopal\masks\bhopal_00041_mask.png,384,640,256,10,0.4826202392578125,geographic_aoi_v2
bhopal_00042,bhopal,Sentinel-2,S2B_43QGF_20251226_0_L2A,train,data\expanded_v2\tiles\bhopal\images\bhopal_00042_rgb.png,data\expanded_v2\tiles\bhopal\images\bhopal_00042_rgbn.npy,data\expanded_v2\tiles\bhopal\masks\bhopal_00042_mask.png,384,768,256,10,0.4415130615234375,geographic_aoi_v2
bhopal_00043,bhopal,Sentinel-2,S2B_43QGF_20251226_0_L2A,train,data\expanded_v2\tiles\bhopal\images\bhopal_00043_rgb.png,data\expanded_v2\tiles\bhopal\images\bhopal_00043_rgbn.npy,data\expanded_v2\tiles\bhopal\masks\bhopal_00043_mask.png,384,896,256,10,0.291046142578125,geographic_aoi_v2
bhopal_00044,bhopal,Sentinel-2,S2B_43QGF_20251226_0_L2A,train,data\expanded_v2\tiles\bhopal\images\bhopal_00044_rgb.png,data\expanded_v2\tiles\bhopal\images\bhopal_00044_rgbn.npy,data\expanded_v2\tiles\bhopal\masks\bhopal_00044_mask.png,384,1024,256,10,0.1628570556640625,geographic_aoi_v2
bhopal_00045,bhopal,Sentinel-2,S2B_43QGF_20251226_0_L2A,train,data\expanded_v2\tiles\bhopal\images\bhopal_00045_rgb.png,data\expanded_v2\tiles\bhopal\images\bhopal_00045_rgbn.npy,data\expanded_v2\tiles\bhopal\masks\bhopal_00045_mask.png,384,1152,256,10,0.124603271484375,geographic_aoi_v2
bhopal_00046,bhopal,Sentinel-2,S2B_43QGF_20251226_0_L2A,train,data\expanded_v2\tiles\bhopal\images\bhopal_00046_rgb.png,data\expanded_v2\tiles\bhopal\images\bhopal_00046_rgbn.npy,data\expanded_v2\tiles\bhopal\masks\bhopal_00046_mask.png,384,1280,256,10,0.148406982421875,geographic_aoi_v2
bhopal_00047,bhopal,Sentinel-2,S2B_43QGF_20251226_0_L2A,train,data\expanded_v2\tiles\bhopal\images\bhopal_00047_rgb.png,data\expanded_v2\tiles\bhopal\images\bhopal_00047_rgbn.npy,data\expanded_v2\tiles\bhopal\masks\bhopal_00047_mask.png,384,1408,256,10,0.1472320556640625,geographic_aoi_v2
bhopal_00048,bhopal,Sentinel-2,S2B_43QGF_20251226_0_L2A,train,data\expanded_v2\tiles\bhopal\images\bhopal_00048_rgb.png,data\expanded_v2\tiles\bhopal\images\bhopal_00048_rgbn.npy,data\expanded_v2\tiles\bhopal\masks\bhopal_00048_mask.png,512,0,256,10,0.159332275390625,geographic_aoi_v2
bhopal_00049,bhopal,Sentinel-2,S2B_43QGF_20251226_0_L2A,train,data\expanded_v2\tiles\bhopal\images\bhopal_00049_rgb.png,data\expanded_v2\tiles\bhopal\images\bhopal_00049_rgbn.npy,data\expanded_v2\tiles\bhopal\masks\bhopal_00049_mask.png,512,128,256,10,0.239013671875,geographic_aoi_v2
bhopal_00050,bhopal,Sentinel-2,S2B_43QGF_20251226_0_L2A,train,data\expanded_v2\tiles\bhopal\images\bhopal_00050_rgb.png,data\expanded_v2\tiles\bhopal\images\bhopal_00050_rgbn.npy,data\expanded_v2\tiles\bhopal\masks\bhopal_00050_mask.png,512,256,256,10,0.25799560546875,geographic_aoi_v2
bhopal_00051,bhopal,Sentinel-2,S2B_43QGF_20251226_0_L2A,train,data\expanded_v2\tiles\bhopal\images\bhopal_00051_rgb.png,data\expanded_v2\tiles\bhopal\images\bhopal_00051_rgbn.npy,data\expanded_v2\tiles\bhopal\masks\bhopal_00051_mask.png,512,384,256,10,0.2031097412109375,geographic_aoi_v2
bhopal_00052,bhopal,Sentinel-2,S2B_43QGF_20251226_0_L2A,train,data\expanded_v2\tiles\bhopal\images\bhopal_00052_rgb.png,data\expanded_v2\tiles\bhopal\images\bhopal_00052_rgbn.npy,data\expanded_v2\tiles\bhopal\masks\bhopal_00052_mask.png,512,512,256,10,0.2850189208984375,geographic_aoi_v2
bhopal_00053,bhopal,Sentinel-2,S2B_43QGF_20251226_0_L2A,train,data\expanded_v2\tiles\bhopal\images\bhopal_00053_rgb.png,data\expanded_v2\tiles\bhopal\images\bhopal_00053_rgbn.npy,data\expanded_v2\tiles\bhopal\masks\bhopal_00053_mask.png,512,640,256,10,0.412994384765625,geographic_aoi_v2
bhopal_00054,bhopal,Sentinel-2,S2B_43QGF_20251226_0_L2A,train,data\expanded_v2\tiles\bhopal\images\bhopal_00054_rgb.png,data\expanded_v2\tiles\bhopal\images\bhopal_00054_rgbn.npy,data\expanded_v2\tiles\bhopal\masks\bhopal_00054_mask.png,512,768,256,10,0.415771484375,geographic_aoi_v2
bhopal_00055,bhopal,Sentinel-2,S2B_43QGF_20251226_0_L2A,train,data\expanded_v2\tiles\bhopal\images\bhopal_00055_rgb.png,data\expanded_v2\tiles\bhopal\images\bhopal_00055_rgbn.npy,data\expanded_v2\tiles\bhopal\masks\bhopal_00055_mask.png,512,896,256,10,0.2996978759765625,geographic_aoi_v2
bhopal_00056,bhopal,Sentinel-2,S2B_43QGF_20251226_0_L2A,train,data\expanded_v2\tiles\bhopal\images\bhopal_00056_rgb.png,data\expanded_v2\tiles\bhopal\images\bhopal_00056_rgbn.npy,data\expanded_v2\tiles\bhopal\masks\bhopal_00056_mask.png,512,1024,256,10,0.2064056396484375,geographic_aoi_v2
bhopal_00057,bhopal,Sentinel-2,S2B_43QGF_20251226_0_L2A,train,data\expanded_v2\tiles\bhopal\images\bhopal_00057_rgb.png,data\expanded_v2\tiles\bhopal\images\bhopal_00057_rgbn.npy,data\expanded_v2\tiles\bhopal\masks\bhopal_00057_mask.png,512,1152,256,10,0.264373779296875,geographic_aoi_v2
bhopal_00058,bhopal,Sentinel-2,S2B_43QGF_20251226_0_L2A,train,data\expanded_v2\tiles\bhopal\images\bhopal_00058_rgb.png,data\expanded_v2\tiles\bhopal\images\bhopal_00058_rgbn.npy,data\expanded_v2\tiles\bhopal\masks\bhopal_00058_mask.png,512,1280,256,10,0.3149566650390625,geographic_aoi_v2
bhopal_00059,bhopal,Sentinel-2,S2B_43QGF_20251226_0_L2A,train,data\expanded_v2\tiles\bhopal\images\bhopal_00059_rgb.png,data\expanded_v2\tiles\bhopal\images\bhopal_00059_rgbn.npy,data\expanded_v2\tiles\bhopal\masks\bhopal_00059_mask.png,512,1408,256,10,0.197601318359375,geographic_aoi_v2
bhopal_00060,bhopal,Sentinel-2,S2B_43QGF_20251226_0_L2A,train,data\expanded_v2\tiles\bhopal\images\bhopal_00060_rgb.png,data\expanded_v2\tiles\bhopal\images\bhopal_00060_rgbn.npy,data\expanded_v2\tiles\bhopal\masks\bhopal_00060_mask.png,640,0,256,10,0.2106475830078125,geographic_aoi_v2
bhopal_00061,bhopal,Sentinel-2,S2B_43QGF_20251226_0_L2A,train,data\expanded_v2\tiles\bhopal\images\bhopal_00061_rgb.png,data\expanded_v2\tiles\bhopal\images\bhopal_00061_rgbn.npy,data\expanded_v2\tiles\bhopal\masks\bhopal_00061_mask.png,640,128,256,10,0.192230224609375,geographic_aoi_v2
bhopal_00062,bhopal,Sentinel-2,S2B_43QGF_20251226_0_L2A,train,data\expanded_v2\tiles\bhopal\images\bhopal_00062_rgb.png,data\expanded_v2\tiles\bhopal\images\bhopal_00062_rgbn.npy,data\expanded_v2\tiles\bhopal\masks\bhopal_00062_mask.png,640,256,256,10,0.2413787841796875,geographic_aoi_v2
bhopal_00063,bhopal,Sentinel-2,S2B_43QGF_20251226_0_L2A,train,data\expanded_v2\tiles\bhopal\images\bhopal_00063_rgb.png,data\expanded_v2\tiles\bhopal\images\bhopal_00063_rgbn.npy,data\expanded_v2\tiles\bhopal\masks\bhopal_00063_mask.png,640,384,256,10,0.28802490234375,geographic_aoi_v2
bhopal_00064,bhopal,Sentinel-2,S2B_43QGF_20251226_0_L2A,train,data\expanded_v2\tiles\bhopal\images\bhopal_00064_rgb.png,data\expanded_v2\tiles\bhopal\images\bhopal_00064_rgbn.npy,data\expanded_v2\tiles\bhopal\masks\bhopal_00064_mask.png,640,512,256,10,0.29888916015625,geographic_aoi_v2
bhopal_00065,bhopal,Sentinel-2,S2B_43QGF_20251226_0_L2A,train,data\expanded_v2\tiles\bhopal\images\bhopal_00065_rgb.png,data\expanded_v2\tiles\bhopal\images\bhopal_00065_rgbn.npy,data\expanded_v2\tiles\bhopal\masks\bhopal_00065_mask.png,640,640,256,10,0.3466949462890625,geographic_aoi_v2
bhopal_00066,bhopal,Sentinel-2,S2B_43QGF_20251226_0_L2A,train,data\expanded_v2\tiles\bhopal\images\bhopal_00066_rgb.png,data\expanded_v2\tiles\bhopal\images\bhopal_00066_rgbn.npy,data\expanded_v2\tiles\bhopal\masks\bhopal_00066_mask.png,640,768,256,10,0.37530517578125,geographic_aoi_v2
bhopal_00067,bhopal,Sentinel-2,S2B_43QGF_20251226_0_L2A,train,data\expanded_v2\tiles\bhopal\images\bhopal_00067_rgb.png,data\expanded_v2\tiles\bhopal\images\bhopal_00067_rgbn.npy,data\expanded_v2\tiles\bhopal\masks\bhopal_00067_mask.png,640,896,256,10,0.3736419677734375,geographic_aoi_v2
bhopal_00068,bhopal,Sentinel-2,S2B_43QGF_20251226_0_L2A,train,data\expanded_v2\tiles\bhopal\images\bhopal_00068_rgb.png,data\expanded_v2\tiles\bhopal\images\bhopal_00068_rgbn.npy,data\expanded_v2\tiles\bhopal\masks\bhopal_00068_mask.png,640,1024,256,10,0.313232421875,geographic_aoi_v2
bhopal_00069,bhopal,Sentinel-2,S2B_43QGF_20251226_0_L2A,train,data\expanded_v2\tiles\bhopal\images\bhopal_00069_rgb.png,data\expanded_v2\tiles\bhopal\images\bhopal_00069_rgbn.npy,data\expanded_v2\tiles\bhopal\masks\bhopal_00069_mask.png,640,1152,256,10,0.325592041015625,geographic_aoi_v2
bhopal_00070,bhopal,Sentinel-2,S2B_43QGF_20251226_0_L2A,train,data\expanded_v2\tiles\bhopal\images\bhopal_00070_rgb.png,data\expanded_v2\tiles\bhopal\images\bhopal_00070_rgbn.npy,data\expanded_v2\tiles\bhopal\masks\bhopal_00070_mask.png,640,1280,256,10,0.4332427978515625,geographic_aoi_v2
bhopal_00071,bhopal,Sentinel-2,S2B_43QGF_20251226_0_L2A,train,data\expanded_v2\tiles\bhopal\images\bhopal_00071_rgb.png,data\expanded_v2\tiles\bhopal\images\bhopal_00071_rgbn.npy,data\expanded_v2\tiles\bhopal\masks\bhopal_00071_mask.png,640,1408,256,10,0.31494140625,geographic_aoi_v2
bhopal_00072,bhopal,Sentinel-2,S2B_43QGF_20251226_0_L2A,train,data\expanded_v2\tiles\bhopal\images\bhopal_00072_rgb.png,data\expanded_v2\tiles\bhopal\images\bhopal_00072_rgbn.npy,data\expanded_v2\tiles\bhopal\masks\bhopal_00072_mask.png,768,128,256,10,0.0469970703125,geographic_aoi_v2
bhopal_00073,bhopal,Sentinel-2,S2B_43QGF_20251226_0_L2A,train,data\expanded_v2\tiles\bhopal\images\bhopal_00073_rgb.png,data\expanded_v2\tiles\bhopal\images\bhopal_00073_rgbn.npy,data\expanded_v2\tiles\bhopal\masks\bhopal_00073_mask.png,768,256,256,10,0.0933685302734375,geographic_aoi_v2
bhopal_00074,bhopal,Sentinel-2,S2B_43QGF_20251226_0_L2A,train,data\expanded_v2\tiles\bhopal\images\bhopal_00074_rgb.png,data\expanded_v2\tiles\bhopal\images\bhopal_00074_rgbn.npy,data\expanded_v2\tiles\bhopal\masks\bhopal_00074_mask.png,768,384,256,10,0.1950531005859375,geographic_aoi_v2
bhopal_00075,bhopal,Sentinel-2,S2B_43QGF_20251226_0_L2A,train,data\expanded_v2\tiles\bhopal\images\bhopal_00075_rgb.png,data\expanded_v2\tiles\bhopal\images\bhopal_00075_rgbn.npy,data\expanded_v2\tiles\bhopal\masks\bhopal_00075_mask.png,768,512,256,10,0.240509033203125,geographic_aoi_v2
bhopal_00076,bhopal,Sentinel-2,S2B_43QGF_20251226_0_L2A,train,data\expanded_v2\tiles\bhopal\images\bhopal_00076_rgb.png,data\expanded_v2\tiles\bhopal\images\bhopal_00076_rgbn.npy,data\expanded_v2\tiles\bhopal\masks\bhopal_00076_mask.png,768,640,256,10,0.30023193359375,geographic_aoi_v2
bhopal_00077,bhopal,Sentinel-2,S2B_43QGF_20251226_0_L2A,train,data\expanded_v2\tiles\bhopal\images\bhopal_00077_rgb.png,data\expanded_v2\tiles\bhopal\images\bhopal_00077_rgbn.npy,data\expanded_v2\tiles\bhopal\masks\bhopal_00077_mask.png,768,768,256,10,0.3910369873046875,geographic_aoi_v2
bhopal_00078,bhopal,Sentinel-2,S2B_43QGF_20251226_0_L2A,train,data\expanded_v2\tiles\bhopal\images\bhopal_00078_rgb.png,data\expanded_v2\tiles\bhopal\images\bhopal_00078_rgbn.npy,data\expanded_v2\tiles\bhopal\masks\bhopal_00078_mask.png,768,896,256,10,0.467987060546875,geographic_aoi_v2
bhopal_00079,bhopal,Sentinel-2,S2B_43QGF_20251226_0_L2A,train,data\expanded_v2\tiles\bhopal\images\bhopal_00079_rgb.png,data\expanded_v2\tiles\bhopal\images\bhopal_00079_rgbn.npy,data\expanded_v2\tiles\bhopal\masks\bhopal_00079_mask.png,768,1024,256,10,0.3691864013671875,geographic_aoi_v2
bhopal_00080,bhopal,Sentinel-2,S2B_43QGF_20251226_0_L2A,train,data\expanded_v2\tiles\bhopal\images\bhopal_00080_rgb.png,data\expanded_v2\tiles\bhopal\images\bhopal_00080_rgbn.npy,data\expanded_v2\tiles\bhopal\masks\bhopal_00080_mask.png,768,1152,256,10,0.285858154296875,geographic_aoi_v2
bhopal_00081,bhopal,Sentinel-2,S2B_43QGF_20251226_0_L2A,train,data\expanded_v2\tiles\bhopal\images\bhopal_00081_rgb.png,data\expanded_v2\tiles\bhopal\images\bhopal_00081_rgbn.npy,data\expanded_v2\tiles\bhopal\masks\bhopal_00081_mask.png,768,1280,256,10,0.3987884521484375,geographic_aoi_v2
bhopal_00082,bhopal,Sentinel-2,S2B_43QGF_20251226_0_L2A,train,data\expanded_v2\tiles\bhopal\images\bhopal_00082_rgb.png,data\expanded_v2\tiles\bhopal\images\bhopal_00082_rgbn.npy,data\expanded_v2\tiles\bhopal\masks\bhopal_00082_mask.png,768,1408,256,10,0.3785858154296875,geographic_aoi_v2
bhopal_00083,bhopal,Sentinel-2,S2B_43QGF_20251226_0_L2A,train,data\expanded_v2\tiles\bhopal\images\bhopal_00083_rgb.png,data\expanded_v2\tiles\bhopal\images\bhopal_00083_rgbn.npy,data\expanded_v2\tiles\bhopal\masks\bhopal_00083_mask.png,896,128,256,10,0.0051116943359375,geographic_aoi_v2
bhopal_00084,bhopal,Sentinel-2,S2B_43QGF_20251226_0_L2A,train,data\expanded_v2\tiles\bhopal\images\bhopal_00084_rgb.png,data\expanded_v2\tiles\bhopal\images\bhopal_00084_rgbn.npy,data\expanded_v2\tiles\bhopal\masks\bhopal_00084_mask.png,896,256,256,10,0.0297393798828125,geographic_aoi_v2
bhopal_00085,bhopal,Sentinel-2,S2B_43QGF_20251226_0_L2A,train,data\expanded_v2\tiles\bhopal\images\bhopal_00085_rgb.png,data\expanded_v2\tiles\bhopal\images\bhopal_00085_rgbn.npy,data\expanded_v2\tiles\bhopal\masks\bhopal_00085_mask.png,896,384,256,10,0.06201171875,geographic_aoi_v2
bhopal_00086,bhopal,Sentinel-2,S2B_43QGF_20251226_0_L2A,train,data\expanded_v2\tiles\bhopal\images\bhopal_00086_rgb.png,data\expanded_v2\tiles\bhopal\images\bhopal_00086_rgbn.npy,data\expanded_v2\tiles\bhopal\masks\bhopal_00086_mask.png,896,512,256,10,0.1629638671875,geographic_aoi_v2
bhopal_00087,bhopal,Sentinel-2,S2B_43QGF_20251226_0_L2A,train,data\expanded_v2\tiles\bhopal\images\bhopal_00087_rgb.png,data\expanded_v2\tiles\bhopal\images\bhopal_00087_rgbn.npy,data\expanded_v2\tiles\bhopal\masks\bhopal_00087_mask.png,896,640,256,10,0.2540283203125,geographic_aoi_v2
bhopal_00088,bhopal,Sentinel-2,S2B_43QGF_20251226_0_L2A,train,data\expanded_v2\tiles\bhopal\images\bhopal_00088_rgb.png,data\expanded_v2\tiles\bhopal\images\bhopal_00088_rgbn.npy,data\expanded_v2\tiles\bhopal\masks\bhopal_00088_mask.png,896,768,256,10,0.3077392578125,geographic_aoi_v2
bhopal_00089,bhopal,Sentinel-2,S2B_43QGF_20251226_0_L2A,train,data\expanded_v2\tiles\bhopal\images\bhopal_00089_rgb.png,data\expanded_v2\tiles\bhopal\images\bhopal_00089_rgbn.npy,data\expanded_v2\tiles\bhopal\masks\bhopal_00089_mask.png,896,896,256,10,0.3874664306640625,geographic_aoi_v2
bhopal_00090,bhopal,Sentinel-2,S2B_43QGF_20251226_0_L2A,train,data\expanded_v2\tiles\bhopal\images\bhopal_00090_rgb.png,data\expanded_v2\tiles\bhopal\images\bhopal_00090_rgbn.npy,data\expanded_v2\tiles\bhopal\masks\bhopal_00090_mask.png,896,1024,256,10,0.36920166015625,geographic_aoi_v2
bhopal_00091,bhopal,Sentinel-2,S2B_43QGF_20251226_0_L2A,train,data\expanded_v2\tiles\bhopal\images\bhopal_00091_rgb.png,data\expanded_v2\tiles\bhopal\images\bhopal_00091_rgbn.npy,data\expanded_v2\tiles\bhopal\masks\bhopal_00091_mask.png,896,1152,256,10,0.2603759765625,geographic_aoi_v2
bhopal_00092,bhopal,Sentinel-2,S2B_43QGF_20251226_0_L2A,train,data\expanded_v2\tiles\bhopal\images\bhopal_00092_rgb.png,data\expanded_v2\tiles\bhopal\images\bhopal_00092_rgbn.npy,data\expanded_v2\tiles\bhopal\masks\bhopal_00092_mask.png,896,1280,256,10,0.266754150390625,geographic_aoi_v2
bhopal_00093,bhopal,Sentinel-2,S2B_43QGF_20251226_0_L2A,train,data\expanded_v2\tiles\bhopal\images\bhopal_00093_rgb.png,data\expanded_v2\tiles\bhopal\images\bhopal_00093_rgbn.npy,data\expanded_v2\tiles\bhopal\masks\bhopal_00093_mask.png,896,1408,256,10,0.3050537109375,geographic_aoi_v2
bhopal_00094,bhopal,Sentinel-2,S2B_43QGF_20251226_0_L2A,train,data\expanded_v2\tiles\bhopal\images\bhopal_00094_rgb.png,data\expanded_v2\tiles\bhopal\images\bhopal_00094_rgbn.npy,data\expanded_v2\tiles\bhopal\masks\bhopal_00094_mask.png,1024,128,256,10,0.0157470703125,geographic_aoi_v2
bhopal_00095,bhopal,Sentinel-2,S2B_43QGF_20251226_0_L2A,train,data\expanded_v2\tiles\bhopal\images\bhopal_00095_rgb.png,data\expanded_v2\tiles\bhopal\images\bhopal_00095_rgbn.npy,data\expanded_v2\tiles\bhopal\masks\bhopal_00095_mask.png,1024,256,256,10,0.014068603515625,geographic_aoi_v2
bhopal_00096,bhopal,Sentinel-2,S2B_43QGF_20251226_0_L2A,train,data\expanded_v2\tiles\bhopal\images\bhopal_00096_rgb.png,data\expanded_v2\tiles\bhopal\images\bhopal_00096_rgbn.npy,data\expanded_v2\tiles\bhopal\masks\bhopal_00096_mask.png,1024,384,256,10,0.0720977783203125,geographic_aoi_v2
bhopal_00097,bhopal,Sentinel-2,S2B_43QGF_20251226_0_L2A,train,data\expanded_v2\tiles\bhopal\images\bhopal_00097_rgb.png,data\expanded_v2\tiles\bhopal\images\bhopal_00097_rgbn.npy,data\expanded_v2\tiles\bhopal\masks\bhopal_00097_mask.png,1024,512,256,10,0.2397918701171875,geographic_aoi_v2
bhopal_00098,bhopal,Sentinel-2,S2B_43QGF_20251226_0_L2A,train,data\expanded_v2\tiles\bhopal\images\bhopal_00098_rgb.png,data\expanded_v2\tiles\bhopal\images\bhopal_00098_rgbn.npy,data\expanded_v2\tiles\bhopal\masks\bhopal_00098_mask.png,1024,640,256,10,0.300079345703125,geographic_aoi_v2
bhopal_00099,bhopal,Sentinel-2,S2B_43QGF_20251226_0_L2A,train,data\expanded_v2\tiles\bhopal\images\bhopal_00099_rgb.png,data\expanded_v2\tiles\bhopal\images\bhopal_00099_rgbn.npy,data\expanded_v2\tiles\bhopal\masks\bhopal_00099_mask.png,1024,768,256,10,0.2610321044921875,geographic_aoi_v2
bhopal_00100,bhopal,Sentinel-2,S2B_43QGF_20251226_0_L2A,train,data\expanded_v2\tiles\bhopal\images\bhopal_00100_rgb.png,data\expanded_v2\tiles\bhopal\images\bhopal_00100_rgbn.npy,data\expanded_v2\tiles\bhopal\masks\bhopal_00100_mask.png,1024,896,256,10,0.3288116455078125,geographic_aoi_v2
bhopal_00101,bhopal,Sentinel-2,S2B_43QGF_20251226_0_L2A,train,data\expanded_v2\tiles\bhopal\images\bhopal_00101_rgb.png,data\expanded_v2\tiles\bhopal\images\bhopal_00101_rgbn.npy,data\expanded_v2\tiles\bhopal\masks\bhopal_00101_mask.png,1024,1024,256,10,0.35870361328125,geographic_aoi_v2
bhopal_00102,bhopal,Sentinel-2,S2B_43QGF_20251226_0_L2A,train,data\expanded_v2\tiles\bhopal\images\bhopal_00102_rgb.png,data\expanded_v2\tiles\bhopal\images\bhopal_00102_rgbn.npy,data\expanded_v2\tiles\bhopal\masks\bhopal_00102_mask.png,1024,1152,256,10,0.2284088134765625,geographic_aoi_v2
bhopal_00103,bhopal,Sentinel-2,S2B_43QGF_20251226_0_L2A,train,data\expanded_v2\tiles\bhopal\images\bhopal_00103_rgb.png,data\expanded_v2\tiles\bhopal\images\bhopal_00103_rgbn.npy,data\expanded_v2\tiles\bhopal\masks\bhopal_00103_mask.png,1024,1280,256,10,0.2149658203125,geographic_aoi_v2
bhopal_00104,bhopal,Sentinel-2,S2B_43QGF_20251226_0_L2A,train,data\expanded_v2\tiles\bhopal\images\bhopal_00104_rgb.png,data\expanded_v2\tiles\bhopal\images\bhopal_00104_rgbn.npy,data\expanded_v2\tiles\bhopal\masks\bhopal_00104_mask.png,1024,1408,256,10,0.261627197265625,geographic_aoi_v2
bhopal_00105,bhopal,Sentinel-2,S2B_43QGF_20251226_0_L2A,train,data\expanded_v2\tiles\bhopal\images\bhopal_00105_rgb.png,data\expanded_v2\tiles\bhopal\images\bhopal_00105_rgbn.npy,data\expanded_v2\tiles\bhopal\masks\bhopal_00105_mask.png,1152,0,256,10,0.0745697021484375,geographic_aoi_v2
bhopal_00106,bhopal,Sentinel-2,S2B_43QGF_20251226_0_L2A,train,data\expanded_v2\tiles\bhopal\images\bhopal_00106_rgb.png,data\expanded_v2\tiles\bhopal\images\bhopal_00106_rgbn.npy,data\expanded_v2\tiles\bhopal\masks\bhopal_00106_mask.png,1152,128,256,10,0.0756072998046875,geographic_aoi_v2
bhopal_00107,bhopal,Sentinel-2,S2B_43QGF_20251226_0_L2A,train,data\expanded_v2\tiles\bhopal\images\bhopal_00107_rgb.png,data\expanded_v2\tiles\bhopal\images\bhopal_00107_rgbn.npy,data\expanded_v2\tiles\bhopal\masks\bhopal_00107_mask.png,1152,256,256,10,0.0433349609375,geographic_aoi_v2
bhopal_00108,bhopal,Sentinel-2,S2B_43QGF_20251226_0_L2A,train,data\expanded_v2\tiles\bhopal\images\bhopal_00108_rgb.png,data\expanded_v2\tiles\bhopal\images\bhopal_00108_rgbn.npy,data\expanded_v2\tiles\bhopal\masks\bhopal_00108_mask.png,1152,384,256,10,0.11761474609375,geographic_aoi_v2
bhopal_00109,bhopal,Sentinel-2,S2B_43QGF_20251226_0_L2A,train,data\expanded_v2\tiles\bhopal\images\bhopal_00109_rgb.png,data\expanded_v2\tiles\bhopal\images\bhopal_00109_rgbn.npy,data\expanded_v2\tiles\bhopal\masks\bhopal_00109_mask.png,1152,512,256,10,0.317352294921875,geographic_aoi_v2
bhopal_00110,bhopal,Sentinel-2,S2B_43QGF_20251226_0_L2A,train,data\expanded_v2\tiles\bhopal\images\bhopal_00110_rgb.png,data\expanded_v2\tiles\bhopal\images\bhopal_00110_rgbn.npy,data\expanded_v2\tiles\bhopal\masks\bhopal_00110_mask.png,1152,640,256,10,0.383697509765625,geographic_aoi_v2
bhopal_00111,bhopal,Sentinel-2,S2B_43QGF_20251226_0_L2A,train,data\expanded_v2\tiles\bhopal\images\bhopal_00111_rgb.png,data\expanded_v2\tiles\bhopal\images\bhopal_00111_rgbn.npy,data\expanded_v2\tiles\bhopal\masks\bhopal_00111_mask.png,1152,768,256,10,0.3135986328125,geographic_aoi_v2
bhopal_00112,bhopal,Sentinel-2,S2B_43QGF_20251226_0_L2A,train,data\expanded_v2\tiles\bhopal\images\bhopal_00112_rgb.png,data\expanded_v2\tiles\bhopal\images\bhopal_00112_rgbn.npy,data\expanded_v2\tiles\bhopal\masks\bhopal_00112_mask.png,1152,896,256,10,0.338531494140625,geographic_aoi_v2
bhopal_00113,bhopal,Sentinel-2,S2B_43QGF_20251226_0_L2A,train,data\expanded_v2\tiles\bhopal\images\bhopal_00113_rgb.png,data\expanded_v2\tiles\bhopal\images\bhopal_00113_rgbn.npy,data\expanded_v2\tiles\bhopal\masks\bhopal_00113_mask.png,1152,1024,256,10,0.3412628173828125,geographic_aoi_v2
bhopal_00114,bhopal,Sentinel-2,S2B_43QGF_20251226_0_L2A,train,data\expanded_v2\tiles\bhopal\images\bhopal_00114_rgb.png,data\expanded_v2\tiles\bhopal\images\bhopal_00114_rgbn.npy,data\expanded_v2\tiles\bhopal\masks\bhopal_00114_mask.png,1152,1152,256,10,0.264678955078125,geographic_aoi_v2
bhopal_00115,bhopal,Sentinel-2,S2B_43QGF_20251226_0_L2A,train,data\expanded_v2\tiles\bhopal\images\bhopal_00115_rgb.png,data\expanded_v2\tiles\bhopal\images\bhopal_00115_rgbn.npy,data\expanded_v2\tiles\bhopal\masks\bhopal_00115_mask.png,1152,1280,256,10,0.2777099609375,geographic_aoi_v2
bhopal_00116,bhopal,Sentinel-2,S2B_43QGF_20251226_0_L2A,train,data\expanded_v2\tiles\bhopal\images\bhopal_00116_rgb.png,data\expanded_v2\tiles\bhopal\images\bhopal_00116_rgbn.npy,data\expanded_v2\tiles\bhopal\masks\bhopal_00116_mask.png,1152,1408,256,10,0.3151092529296875,geographic_aoi_v2
bhopal_00117,bhopal,Sentinel-2,S2B_43QGF_20251226_0_L2A,train,data\expanded_v2\tiles\bhopal\images\bhopal_00117_rgb.png,data\expanded_v2\tiles\bhopal\images\bhopal_00117_rgbn.npy,data\expanded_v2\tiles\bhopal\masks\bhopal_00117_mask.png,1280,0,256,10,0.123077392578125,geographic_aoi_v2
bhopal_00118,bhopal,Sentinel-2,S2B_43QGF_20251226_0_L2A,train,data\expanded_v2\tiles\bhopal\images\bhopal_00118_rgb.png,data\expanded_v2\tiles\bhopal\images\bhopal_00118_rgbn.npy,data\expanded_v2\tiles\bhopal\masks\bhopal_00118_mask.png,1280,128,256,10,0.127593994140625,geographic_aoi_v2
bhopal_00119,bhopal,Sentinel-2,S2B_43QGF_20251226_0_L2A,train,data\expanded_v2\tiles\bhopal\images\bhopal_00119_rgb.png,data\expanded_v2\tiles\bhopal\images\bhopal_00119_rgbn.npy,data\expanded_v2\tiles\bhopal\masks\bhopal_00119_mask.png,1280,256,256,10,0.1152801513671875,geographic_aoi_v2
bhopal_00120,bhopal,Sentinel-2,S2B_43QGF_20251226_0_L2A,train,data\expanded_v2\tiles\bhopal\images\bhopal_00120_rgb.png,data\expanded_v2\tiles\bhopal\images\bhopal_00120_rgbn.npy,data\expanded_v2\tiles\bhopal\masks\bhopal_00120_mask.png,1280,384,256,10,0.1368865966796875,geographic_aoi_v2
bhopal_00121,bhopal,Sentinel-2,S2B_43QGF_20251226_0_L2A,train,data\expanded_v2\tiles\bhopal\images\bhopal_00121_rgb.png,data\expanded_v2\tiles\bhopal\images\bhopal_00121_rgbn.npy,data\expanded_v2\tiles\bhopal\masks\bhopal_00121_mask.png,1280,512,256,10,0.268829345703125,geographic_aoi_v2
bhopal_00122,bhopal,Sentinel-2,S2B_43QGF_20251226_0_L2A,train,data\expanded_v2\tiles\bhopal\images\bhopal_00122_rgb.png,data\expanded_v2\tiles\bhopal\images\bhopal_00122_rgbn.npy,data\expanded_v2\tiles\bhopal\masks\bhopal_00122_mask.png,1280,640,256,10,0.305633544921875,geographic_aoi_v2
bhopal_00123,bhopal,Sentinel-2,S2B_43QGF_20251226_0_L2A,train,data\expanded_v2\tiles\bhopal\images\bhopal_00123_rgb.png,data\expanded_v2\tiles\bhopal\images\bhopal_00123_rgbn.npy,data\expanded_v2\tiles\bhopal\masks\bhopal_00123_mask.png,1280,768,256,10,0.2563934326171875,geographic_aoi_v2
bhopal_00124,bhopal,Sentinel-2,S2B_43QGF_20251226_0_L2A,train,data\expanded_v2\tiles\bhopal\images\bhopal_00124_rgb.png,data\expanded_v2\tiles\bhopal\images\bhopal_00124_rgbn.npy,data\expanded_v2\tiles\bhopal\masks\bhopal_00124_mask.png,1280,896,256,10,0.3242645263671875,geographic_aoi_v2
bhopal_00125,bhopal,Sentinel-2,S2B_43QGF_20251226_0_L2A,train,data\expanded_v2\tiles\bhopal\images\bhopal_00125_rgb.png,data\expanded_v2\tiles\bhopal\images\bhopal_00125_rgbn.npy,data\expanded_v2\tiles\bhopal\masks\bhopal_00125_mask.png,1280,1024,256,10,0.34442138671875,geographic_aoi_v2
bhopal_00126,bhopal,Sentinel-2,S2B_43QGF_20251226_0_L2A,train,data\expanded_v2\tiles\bhopal\images\bhopal_00126_rgb.png,data\expanded_v2\tiles\bhopal\images\bhopal_00126_rgbn.npy,data\expanded_v2\tiles\bhopal\masks\bhopal_00126_mask.png,1280,1152,256,10,0.3096771240234375,geographic_aoi_v2
bhopal_00127,bhopal,Sentinel-2,S2B_43QGF_20251226_0_L2A,train,data\expanded_v2\tiles\bhopal\images\bhopal_00127_rgb.png,data\expanded_v2\tiles\bhopal\images\bhopal_00127_rgbn.npy,data\expanded_v2\tiles\bhopal\masks\bhopal_00127_mask.png,1280,1280,256,10,0.2610015869140625,geographic_aoi_v2
bhopal_00128,bhopal,Sentinel-2,S2B_43QGF_20251226_0_L2A,train,data\expanded_v2\tiles\bhopal\images\bhopal_00128_rgb.png,data\expanded_v2\tiles\bhopal\images\bhopal_00128_rgbn.npy,data\expanded_v2\tiles\bhopal\masks\bhopal_00128_mask.png,1280,1408,256,10,0.22637939453125,geographic_aoi_v2
bhopal_00129,bhopal,Sentinel-2,S2B_43QGF_20251226_0_L2A,train,data\expanded_v2\tiles\bhopal\images\bhopal_00129_rgb.png,data\expanded_v2\tiles\bhopal\images\bhopal_00129_rgbn.npy,data\expanded_v2\tiles\bhopal\masks\bhopal_00129_mask.png,1408,0,256,10,0.190582275390625,geographic_aoi_v2
bhopal_00130,bhopal,Sentinel-2,S2B_43QGF_20251226_0_L2A,train,data\expanded_v2\tiles\bhopal\images\bhopal_00130_rgb.png,data\expanded_v2\tiles\bhopal\images\bhopal_00130_rgbn.npy,data\expanded_v2\tiles\bhopal\masks\bhopal_00130_mask.png,1408,128,256,10,0.2044677734375,geographic_aoi_v2
bhopal_00131,bhopal,Sentinel-2,S2B_43QGF_20251226_0_L2A,train,data\expanded_v2\tiles\bhopal\images\bhopal_00131_rgb.png,data\expanded_v2\tiles\bhopal\images\bhopal_00131_rgbn.npy,data\expanded_v2\tiles\bhopal\masks\bhopal_00131_mask.png,1408,256,256,10,0.1856536865234375,geographic_aoi_v2
bhopal_00132,bhopal,Sentinel-2,S2B_43QGF_20251226_0_L2A,train,data\expanded_v2\tiles\bhopal\images\bhopal_00132_rgb.png,data\expanded_v2\tiles\bhopal\images\bhopal_00132_rgbn.npy,data\expanded_v2\tiles\bhopal\masks\bhopal_00132_mask.png,1408,384,256,10,0.1026153564453125,geographic_aoi_v2
bhopal_00133,bhopal,Sentinel-2,S2B_43QGF_20251226_0_L2A,train,data\expanded_v2\tiles\bhopal\images\bhopal_00133_rgb.png,data\expanded_v2\tiles\bhopal\images\bhopal_00133_rgbn.npy,data\expanded_v2\tiles\bhopal\masks\bhopal_00133_mask.png,1408,512,256,10,0.101226806640625,geographic_aoi_v2
bhopal_00134,bhopal,Sentinel-2,S2B_43QGF_20251226_0_L2A,train,data\expanded_v2\tiles\bhopal\images\bhopal_00134_rgb.png,data\expanded_v2\tiles\bhopal\images\bhopal_00134_rgbn.npy,data\expanded_v2\tiles\bhopal\masks\bhopal_00134_mask.png,1408,640,256,10,0.126190185546875,geographic_aoi_v2
bhopal_00135,bhopal,Sentinel-2,S2B_43QGF_20251226_0_L2A,train,data\expanded_v2\tiles\bhopal\images\bhopal_00135_rgb.png,data\expanded_v2\tiles\bhopal\images\bhopal_00135_rgbn.npy,data\expanded_v2\tiles\bhopal\masks\bhopal_00135_mask.png,1408,768,256,10,0.178466796875,geographic_aoi_v2
bhopal_00136,bhopal,Sentinel-2,S2B_43QGF_20251226_0_L2A,train,data\expanded_v2\tiles\bhopal\images\bhopal_00136_rgb.png,data\expanded_v2\tiles\bhopal\images\bhopal_00136_rgbn.npy,data\expanded_v2\tiles\bhopal\masks\bhopal_00136_mask.png,1408,896,256,10,0.31451416015625,geographic_aoi_v2
bhopal_00137,bhopal,Sentinel-2,S2B_43QGF_20251226_0_L2A,train,data\expanded_v2\tiles\bhopal\images\bhopal_00137_rgb.png,data\expanded_v2\tiles\bhopal\images\bhopal_00137_rgbn.npy,data\expanded_v2\tiles\bhopal\masks\bhopal_00137_mask.png,1408,1024,256,10,0.3358001708984375,geographic_aoi_v2
bhopal_00138,bhopal,Sentinel-2,S2B_43QGF_20251226_0_L2A,train,data\expanded_v2\tiles\bhopal\images\bhopal_00138_rgb.png,data\expanded_v2\tiles\bhopal\images\bhopal_00138_rgbn.npy,data\expanded_v2\tiles\bhopal\masks\bhopal_00138_mask.png,1408,1152,256,10,0.3058013916015625,geographic_aoi_v2
bhopal_00139,bhopal,Sentinel-2,S2B_43QGF_20251226_0_L2A,train,data\expanded_v2\tiles\bhopal\images\bhopal_00139_rgb.png,data\expanded_v2\tiles\bhopal\images\bhopal_00139_rgbn.npy,data\expanded_v2\tiles\bhopal\masks\bhopal_00139_mask.png,1408,1280,256,10,0.2641143798828125,geographic_aoi_v2
bhopal_00140,bhopal,Sentinel-2,S2B_43QGF_20251226_0_L2A,train,data\expanded_v2\tiles\bhopal\images\bhopal_00140_rgb.png,data\expanded_v2\tiles\bhopal\images\bhopal_00140_rgbn.npy,data\expanded_v2\tiles\bhopal\masks\bhopal_00140_mask.png,1408,1408,256,10,0.176483154296875,geographic_aoi_v2
bhopal_00141,bhopal,Sentinel-2,S2B_43QGF_20251226_0_L2A,train,data\expanded_v2\tiles\bhopal\images\bhopal_00141_rgb.png,data\expanded_v2\tiles\bhopal\images\bhopal_00141_rgbn.npy,data\expanded_v2\tiles\bhopal\masks\bhopal_00141_mask.png,1536,0,256,10,0.2641754150390625,geographic_aoi_v2
bhopal_00142,bhopal,Sentinel-2,S2B_43QGF_20251226_0_L2A,train,data\expanded_v2\tiles\bhopal\images\bhopal_00142_rgb.png,data\expanded_v2\tiles\bhopal\images\bhopal_00142_rgbn.npy,data\expanded_v2\tiles\bhopal\masks\bhopal_00142_mask.png,1536,128,256,10,0.2653045654296875,geographic_aoi_v2
bhopal_00143,bhopal,Sentinel-2,S2B_43QGF_20251226_0_L2A,train,data\expanded_v2\tiles\bhopal\images\bhopal_00143_rgb.png,data\expanded_v2\tiles\bhopal\images\bhopal_00143_rgbn.npy,data\expanded_v2\tiles\bhopal\masks\bhopal_00143_mask.png,1536,256,256,10,0.173370361328125,geographic_aoi_v2
bhopal_00144,bhopal,Sentinel-2,S2B_43QGF_20251226_0_L2A,train,data\expanded_v2\tiles\bhopal\images\bhopal_00144_rgb.png,data\expanded_v2\tiles\bhopal\images\bhopal_00144_rgbn.npy,data\expanded_v2\tiles\bhopal\masks\bhopal_00144_mask.png,1536,384,256,10,0.0666656494140625,geographic_aoi_v2
bhopal_00145,bhopal,Sentinel-2,S2B_43QGF_20251226_0_L2A,train,data\expanded_v2\tiles\bhopal\images\bhopal_00145_rgb.png,data\expanded_v2\tiles\bhopal\images\bhopal_00145_rgbn.npy,data\expanded_v2\tiles\bhopal\masks\bhopal_00145_mask.png,1536,512,256,10,0.0317840576171875,geographic_aoi_v2
bhopal_00146,bhopal,Sentinel-2,S2B_43QGF_20251226_0_L2A,train,data\expanded_v2\tiles\bhopal\images\bhopal_00146_rgb.png,data\expanded_v2\tiles\bhopal\images\bhopal_00146_rgbn.npy,data\expanded_v2\tiles\bhopal\masks\bhopal_00146_mask.png,1536,640,256,10,0.1180877685546875,geographic_aoi_v2
bhopal_00147,bhopal,Sentinel-2,S2B_43QGF_20251226_0_L2A,train,data\expanded_v2\tiles\bhopal\images\bhopal_00147_rgb.png,data\expanded_v2\tiles\bhopal\images\bhopal_00147_rgbn.npy,data\expanded_v2\tiles\bhopal\masks\bhopal_00147_mask.png,1536,768,256,10,0.272216796875,geographic_aoi_v2
bhopal_00148,bhopal,Sentinel-2,S2B_43QGF_20251226_0_L2A,train,data\expanded_v2\tiles\bhopal\images\bhopal_00148_rgb.png,data\expanded_v2\tiles\bhopal\images\bhopal_00148_rgbn.npy,data\expanded_v2\tiles\bhopal\masks\bhopal_00148_mask.png,1536,896,256,10,0.3636016845703125,geographic_aoi_v2
bhopal_00149,bhopal,Sentinel-2,S2B_43QGF_20251226_0_L2A,train,data\expanded_v2\tiles\bhopal\images\bhopal_00149_rgb.png,data\expanded_v2\tiles\bhopal\images\bhopal_00149_rgbn.npy,data\expanded_v2\tiles\bhopal\masks\bhopal_00149_mask.png,1536,1024,256,10,0.3369293212890625,geographic_aoi_v2
bhopal_00150,bhopal,Sentinel-2,S2B_43QGF_20251226_0_L2A,train,data\expanded_v2\tiles\bhopal\images\bhopal_00150_rgb.png,data\expanded_v2\tiles\bhopal\images\bhopal_00150_rgbn.npy,data\expanded_v2\tiles\bhopal\masks\bhopal_00150_mask.png,1536,1152,256,10,0.330810546875,geographic_aoi_v2
bhopal_00151,bhopal,Sentinel-2,S2B_43QGF_20251226_0_L2A,train,data\expanded_v2\tiles\bhopal\images\bhopal_00151_rgb.png,data\expanded_v2\tiles\bhopal\images\bhopal_00151_rgbn.npy,data\expanded_v2\tiles\bhopal\masks\bhopal_00151_mask.png,1536,1280,256,10,0.352874755859375,geographic_aoi_v2
bhopal_00152,bhopal,Sentinel-2,S2B_43QGF_20251226_0_L2A,train,data\expanded_v2\tiles\bhopal\images\bhopal_00152_rgb.png,data\expanded_v2\tiles\bhopal\images\bhopal_00152_rgbn.npy,data\expanded_v2\tiles\bhopal\masks\bhopal_00152_mask.png,1536,1408,256,10,0.281280517578125,geographic_aoi_v2
surat_00000,surat,Sentinel-2,S2B_43QBD_20251112_0_L2A,train,data\expanded_v2\tiles\surat\images\surat_00000_rgb.png,data\expanded_v2\tiles\surat\images\surat_00000_rgbn.npy,data\expanded_v2\tiles\surat\masks\surat_00000_mask.png,0,0,256,10,0.0550994873046875,geographic_aoi_v2
surat_00001,surat,Sentinel-2,S2B_43QBD_20251112_0_L2A,train,data\expanded_v2\tiles\surat\images\surat_00001_rgb.png,data\expanded_v2\tiles\surat\images\surat_00001_rgbn.npy,data\expanded_v2\tiles\surat\masks\surat_00001_mask.png,0,128,256,10,0.0993194580078125,geographic_aoi_v2
surat_00002,surat,Sentinel-2,S2B_43QBD_20251112_0_L2A,train,data\expanded_v2\tiles\surat\images\surat_00002_rgb.png,data\expanded_v2\tiles\surat\images\surat_00002_rgbn.npy,data\expanded_v2\tiles\surat\masks\surat_00002_mask.png,0,256,256,10,0.2189483642578125,geographic_aoi_v2
surat_00003,surat,Sentinel-2,S2B_43QBD_20251112_0_L2A,train,data\expanded_v2\tiles\surat\images\surat_00003_rgb.png,data\expanded_v2\tiles\surat\images\surat_00003_rgbn.npy,data\expanded_v2\tiles\surat\masks\surat_00003_mask.png,0,384,256,10,0.184814453125,geographic_aoi_v2
surat_00004,surat,Sentinel-2,S2B_43QBD_20251112_0_L2A,train,data\expanded_v2\tiles\surat\images\surat_00004_rgb.png,data\expanded_v2\tiles\surat\images\surat_00004_rgbn.npy,data\expanded_v2\tiles\surat\masks\surat_00004_mask.png,0,512,256,10,0.1728363037109375,geographic_aoi_v2
surat_00005,surat,Sentinel-2,S2B_43QBD_20251112_0_L2A,train,data\expanded_v2\tiles\surat\images\surat_00005_rgb.png,data\expanded_v2\tiles\surat\images\surat_00005_rgbn.npy,data\expanded_v2\tiles\surat\masks\surat_00005_mask.png,0,640,256,10,0.333251953125,geographic_aoi_v2
surat_00006,surat,Sentinel-2,S2B_43QBD_20251112_0_L2A,train,data\expanded_v2\tiles\surat\images\surat_00006_rgb.png,data\expanded_v2\tiles\surat\images\surat_00006_rgbn.npy,data\expanded_v2\tiles\surat\masks\surat_00006_mask.png,0,768,256,10,0.3291168212890625,geographic_aoi_v2
surat_00007,surat,Sentinel-2,S2B_43QBD_20251112_0_L2A,train,data\expanded_v2\tiles\surat\images\surat_00007_rgb.png,data\expanded_v2\tiles\surat\images\surat_00007_rgbn.npy,data\expanded_v2\tiles\surat\masks\surat_00007_mask.png,0,896,256,10,0.28900146484375,geographic_aoi_v2
surat_00008,surat,Sentinel-2,S2B_43QBD_20251112_0_L2A,train,data\expanded_v2\tiles\surat\images\surat_00008_rgb.png,data\expanded_v2\tiles\surat\images\surat_00008_rgbn.npy,data\expanded_v2\tiles\surat\masks\surat_00008_mask.png,0,1024,256,10,0.311553955078125,geographic_aoi_v2
surat_00009,surat,Sentinel-2,S2B_43QBD_20251112_0_L2A,train,data\expanded_v2\tiles\surat\images\surat_00009_rgb.png,data\expanded_v2\tiles\surat\images\surat_00009_rgbn.npy,data\expanded_v2\tiles\surat\masks\surat_00009_mask.png,0,1152,256,10,0.295806884765625,geographic_aoi_v2
surat_00010,surat,Sentinel-2,S2B_43QBD_20251112_0_L2A,train,data\expanded_v2\tiles\surat\images\surat_00010_rgb.png,data\expanded_v2\tiles\surat\images\surat_00010_rgbn.npy,data\expanded_v2\tiles\surat\masks\surat_00010_mask.png,0,1280,256,10,0.29779052734375,geographic_aoi_v2
surat_00011,surat,Sentinel-2,S2B_43QBD_20251112_0_L2A,train,data\expanded_v2\tiles\surat\images\surat_00011_rgb.png,data\expanded_v2\tiles\surat\images\surat_00011_rgbn.npy,data\expanded_v2\tiles\surat\masks\surat_00011_mask.png,0,1408,256,10,0.2670135498046875,geographic_aoi_v2
surat_00012,surat,Sentinel-2,S2B_43QBD_20251112_0_L2A,train,data\expanded_v2\tiles\surat\images\surat_00012_rgb.png,data\expanded_v2\tiles\surat\images\surat_00012_rgbn.npy,data\expanded_v2\tiles\surat\masks\surat_00012_mask.png,0,1536,256,10,0.23199462890625,geographic_aoi_v2
surat_00013,surat,Sentinel-2,S2B_43QBD_20251112_0_L2A,train,data\expanded_v2\tiles\surat\images\surat_00013_rgb.png,data\expanded_v2\tiles\surat\images\surat_00013_rgbn.npy,data\expanded_v2\tiles\surat\masks\surat_00013_mask.png,128,0,256,10,0.068328857421875,geographic_aoi_v2
surat_00014,surat,Sentinel-2,S2B_43QBD_20251112_0_L2A,train,data\expanded_v2\tiles\surat\images\surat_00014_rgb.png,data\expanded_v2\tiles\surat\images\surat_00014_rgbn.npy,data\expanded_v2\tiles\surat\masks\surat_00014_mask.png,128,128,256,10,0.1288299560546875,geographic_aoi_v2
surat_00015,surat,Sentinel-2,S2B_43QBD_20251112_0_L2A,train,data\expanded_v2\tiles\surat\images\surat_00015_rgb.png,data\expanded_v2\tiles\surat\images\surat_00015_rgbn.npy,data\expanded_v2\tiles\surat\masks\surat_00015_mask.png,128,256,256,10,0.27691650390625,geographic_aoi_v2
surat_00016,surat,Sentinel-2,S2B_43QBD_20251112_0_L2A,train,data\expanded_v2\tiles\surat\images\surat_00016_rgb.png,data\expanded_v2\tiles\surat\images\surat_00016_rgbn.npy,data\expanded_v2\tiles\surat\masks\surat_00016_mask.png,128,384,256,10,0.260711669921875,geographic_aoi_v2
surat_00017,surat,Sentinel-2,S2B_43QBD_20251112_0_L2A,train,data\expanded_v2\tiles\surat\images\surat_00017_rgb.png,data\expanded_v2\tiles\surat\images\surat_00017_rgbn.npy,data\expanded_v2\tiles\surat\masks\surat_00017_mask.png,128,512,256,10,0.254150390625,geographic_aoi_v2
surat_00018,surat,Sentinel-2,S2B_43QBD_20251112_0_L2A,train,data\expanded_v2\tiles\surat\images\surat_00018_rgb.png,data\expanded_v2\tiles\surat\images\surat_00018_rgbn.npy,data\expanded_v2\tiles\surat\masks\surat_00018_mask.png,128,640,256,10,0.4323883056640625,geographic_aoi_v2
surat_00019,surat,Sentinel-2,S2B_43QBD_20251112_0_L2A,train,data\expanded_v2\tiles\surat\images\surat_00019_rgb.png,data\expanded_v2\tiles\surat\images\surat_00019_rgbn.npy,data\expanded_v2\tiles\surat\masks\surat_00019_mask.png,128,768,256,10,0.4836578369140625,geographic_aoi_v2
surat_00020,surat,Sentinel-2,S2B_43QBD_20251112_0_L2A,train,data\expanded_v2\tiles\surat\images\surat_00020_rgb.png,data\expanded_v2\tiles\surat\images\surat_00020_rgbn.npy,data\expanded_v2\tiles\surat\masks\surat_00020_mask.png,128,896,256,10,0.368927001953125,geographic_aoi_v2
surat_00021,surat,Sentinel-2,S2B_43QBD_20251112_0_L2A,train,data\expanded_v2\tiles\surat\images\surat_00021_rgb.png,data\expanded_v2\tiles\surat\images\surat_00021_rgbn.npy,data\expanded_v2\tiles\surat\masks\surat_00021_mask.png,128,1024,256,10,0.316314697265625,geographic_aoi_v2
surat_00022,surat,Sentinel-2,S2B_43QBD_20251112_0_L2A,train,data\expanded_v2\tiles\surat\images\surat_00022_rgb.png,data\expanded_v2\tiles\surat\images\surat_00022_rgbn.npy,data\expanded_v2\tiles\surat\masks\surat_00022_mask.png,128,1152,256,10,0.3052978515625,geographic_aoi_v2
surat_00023,surat,Sentinel-2,S2B_43QBD_20251112_0_L2A,train,data\expanded_v2\tiles\surat\images\surat_00023_rgb.png,data\expanded_v2\tiles\surat\images\surat_00023_rgbn.npy,data\expanded_v2\tiles\surat\masks\surat_00023_mask.png,128,1280,256,10,0.308380126953125,geographic_aoi_v2
surat_00024,surat,Sentinel-2,S2B_43QBD_20251112_0_L2A,train,data\expanded_v2\tiles\surat\images\surat_00024_rgb.png,data\expanded_v2\tiles\surat\images\surat_00024_rgbn.npy,data\expanded_v2\tiles\surat\masks\surat_00024_mask.png,128,1408,256,10,0.3685760498046875,geographic_aoi_v2
surat_00025,surat,Sentinel-2,S2B_43QBD_20251112_0_L2A,train,data\expanded_v2\tiles\surat\images\surat_00025_rgb.png,data\expanded_v2\tiles\surat\images\surat_00025_rgbn.npy,data\expanded_v2\tiles\surat\masks\surat_00025_mask.png,128,1536,256,10,0.3019256591796875,geographic_aoi_v2
surat_00026,surat,Sentinel-2,S2B_43QBD_20251112_0_L2A,train,data\expanded_v2\tiles\surat\images\surat_00026_rgb.png,data\expanded_v2\tiles\surat\images\surat_00026_rgbn.npy,data\expanded_v2\tiles\surat\masks\surat_00026_mask.png,256,0,256,10,0.08135986328125,geographic_aoi_v2
surat_00027,surat,Sentinel-2,S2B_43QBD_20251112_0_L2A,train,data\expanded_v2\tiles\surat\images\surat_00027_rgb.png,data\expanded_v2\tiles\surat\images\surat_00027_rgbn.npy,data\expanded_v2\tiles\surat\masks\surat_00027_mask.png,256,128,256,10,0.2048187255859375,geographic_aoi_v2
surat_00028,surat,Sentinel-2,S2B_43QBD_20251112_0_L2A,train,data\expanded_v2\tiles\surat\images\surat_00028_rgb.png,data\expanded_v2\tiles\surat\images\surat_00028_rgbn.npy,data\expanded_v2\tiles\surat\masks\surat_00028_mask.png,256,256,256,10,0.4002227783203125,geographic_aoi_v2
surat_00029,surat,Sentinel-2,S2B_43QBD_20251112_0_L2A,train,data\expanded_v2\tiles\surat\images\surat_00029_rgb.png,data\expanded_v2\tiles\surat\images\surat_00029_rgbn.npy,data\expanded_v2\tiles\surat\masks\surat_00029_mask.png,256,384,256,10,0.4173126220703125,geographic_aoi_v2
surat_00030,surat,Sentinel-2,S2B_43QBD_20251112_0_L2A,train,data\expanded_v2\tiles\surat\images\surat_00030_rgb.png,data\expanded_v2\tiles\surat\images\surat_00030_rgbn.npy,data\expanded_v2\tiles\surat\masks\surat_00030_mask.png,256,512,256,10,0.271148681640625,geographic_aoi_v2
surat_00031,surat,Sentinel-2,S2B_43QBD_20251112_0_L2A,train,data\expanded_v2\tiles\surat\images\surat_00031_rgb.png,data\expanded_v2\tiles\surat\images\surat_00031_rgbn.npy,data\expanded_v2\tiles\surat\masks\surat_00031_mask.png,256,640,256,10,0.3189239501953125,geographic_aoi_v2
surat_00032,surat,Sentinel-2,S2B_43QBD_20251112_0_L2A,train,data\expanded_v2\tiles\surat\images\surat_00032_rgb.png,data\expanded_v2\tiles\surat\images\surat_00032_rgbn.npy,data\expanded_v2\tiles\surat\masks\surat_00032_mask.png,256,768,256,10,0.42333984375,geographic_aoi_v2
surat_00033,surat,Sentinel-2,S2B_43QBD_20251112_0_L2A,train,data\expanded_v2\tiles\surat\images\surat_00033_rgb.png,data\expanded_v2\tiles\surat\images\surat_00033_rgbn.npy,data\expanded_v2\tiles\surat\masks\surat_00033_mask.png,256,896,256,10,0.395263671875,geographic_aoi_v2
surat_00034,surat,Sentinel-2,S2B_43QBD_20251112_0_L2A,train,data\expanded_v2\tiles\surat\images\surat_00034_rgb.png,data\expanded_v2\tiles\surat\images\surat_00034_rgbn.npy,data\expanded_v2\tiles\surat\masks\surat_00034_mask.png,256,1024,256,10,0.403778076171875,geographic_aoi_v2
surat_00035,surat,Sentinel-2,S2B_43QBD_20251112_0_L2A,train,data\expanded_v2\tiles\surat\images\surat_00035_rgb.png,data\expanded_v2\tiles\surat\images\surat_00035_rgbn.npy,data\expanded_v2\tiles\surat\masks\surat_00035_mask.png,256,1152,256,10,0.415740966796875,geographic_aoi_v2
surat_00036,surat,Sentinel-2,S2B_43QBD_20251112_0_L2A,train,data\expanded_v2\tiles\surat\images\surat_00036_rgb.png,data\expanded_v2\tiles\surat\images\surat_00036_rgbn.npy,data\expanded_v2\tiles\surat\masks\surat_00036_mask.png,256,1280,256,10,0.4231414794921875,geographic_aoi_v2
surat_00037,surat,Sentinel-2,S2B_43QBD_20251112_0_L2A,train,data\expanded_v2\tiles\surat\images\surat_00037_rgb.png,data\expanded_v2\tiles\surat\images\surat_00037_rgbn.npy,data\expanded_v2\tiles\surat\masks\surat_00037_mask.png,256,1408,256,10,0.3850555419921875,geographic_aoi_v2
surat_00038,surat,Sentinel-2,S2B_43QBD_20251112_0_L2A,train,data\expanded_v2\tiles\surat\images\surat_00038_rgb.png,data\expanded_v2\tiles\surat\images\surat_00038_rgbn.npy,data\expanded_v2\tiles\surat\masks\surat_00038_mask.png,256,1536,256,10,0.2317352294921875,geographic_aoi_v2
surat_00039,surat,Sentinel-2,S2B_43QBD_20251112_0_L2A,train,data\expanded_v2\tiles\surat\images\surat_00039_rgb.png,data\expanded_v2\tiles\surat\images\surat_00039_rgbn.npy,data\expanded_v2\tiles\surat\masks\surat_00039_mask.png,384,0,256,10,0.0682373046875,geographic_aoi_v2
surat_00040,surat,Sentinel-2,S2B_43QBD_20251112_0_L2A,train,data\expanded_v2\tiles\surat\images\surat_00040_rgb.png,data\expanded_v2\tiles\surat\images\surat_00040_rgbn.npy,data\expanded_v2\tiles\surat\masks\surat_00040_mask.png,384,128,256,10,0.2025604248046875,geographic_aoi_v2
surat_00041,surat,Sentinel-2,S2B_43QBD_20251112_0_L2A,train,data\expanded_v2\tiles\surat\images\surat_00041_rgb.png,data\expanded_v2\tiles\surat\images\surat_00041_rgbn.npy,data\expanded_v2\tiles\surat\masks\surat_00041_mask.png,384,256,256,10,0.409515380859375,geographic_aoi_v2
surat_00042,surat,Sentinel-2,S2B_43QBD_20251112_0_L2A,train,data\expanded_v2\tiles\surat\images\surat_00042_rgb.png,data\expanded_v2\tiles\surat\images\surat_00042_rgbn.npy,data\expanded_v2\tiles\surat\masks\surat_00042_mask.png,384,384,256,10,0.490142822265625,geographic_aoi_v2
surat_00043,surat,Sentinel-2,S2B_43QBD_20251112_0_L2A,train,data\expanded_v2\tiles\surat\images\surat_00043_rgb.png,data\expanded_v2\tiles\surat\images\surat_00043_rgbn.npy,data\expanded_v2\tiles\surat\masks\surat_00043_mask.png,384,512,256,10,0.3225555419921875,geographic_aoi_v2
surat_00044,surat,Sentinel-2,S2B_43QBD_20251112_0_L2A,train,data\expanded_v2\tiles\surat\images\surat_00044_rgb.png,data\expanded_v2\tiles\surat\images\surat_00044_rgbn.npy,data\expanded_v2\tiles\surat\masks\surat_00044_mask.png,384,640,256,10,0.2991485595703125,geographic_aoi_v2
surat_00045,surat,Sentinel-2,S2B_43QBD_20251112_0_L2A,train,data\expanded_v2\tiles\surat\images\surat_00045_rgb.png,data\expanded_v2\tiles\surat\images\surat_00045_rgbn.npy,data\expanded_v2\tiles\surat\masks\surat_00045_mask.png,384,768,256,10,0.425994873046875,geographic_aoi_v2
surat_00046,surat,Sentinel-2,S2B_43QBD_20251112_0_L2A,train,data\expanded_v2\tiles\surat\images\surat_00046_rgb.png,data\expanded_v2\tiles\surat\images\surat_00046_rgbn.npy,data\expanded_v2\tiles\surat\masks\surat_00046_mask.png,384,896,256,10,0.3985748291015625,geographic_aoi_v2
surat_00047,surat,Sentinel-2,S2B_43QBD_20251112_0_L2A,train,data\expanded_v2\tiles\surat\images\surat_00047_rgb.png,data\expanded_v2\tiles\surat\images\surat_00047_rgbn.npy,data\expanded_v2\tiles\surat\masks\surat_00047_mask.png,384,1024,256,10,0.4441070556640625,geographic_aoi_v2
surat_00048,surat,Sentinel-2,S2B_43QBD_20251112_0_L2A,train,data\expanded_v2\tiles\surat\images\surat_00048_rgb.png,data\expanded_v2\tiles\surat\images\surat_00048_rgbn.npy,data\expanded_v2\tiles\surat\masks\surat_00048_mask.png,384,1152,256,10,0.506805419921875,geographic_aoi_v2
surat_00049,surat,Sentinel-2,S2B_43QBD_20251112_0_L2A,train,data\expanded_v2\tiles\surat\images\surat_00049_rgb.png,data\expanded_v2\tiles\surat\images\surat_00049_rgbn.npy,data\expanded_v2\tiles\surat\masks\surat_00049_mask.png,384,1280,256,10,0.3847503662109375,geographic_aoi_v2
surat_00050,surat,Sentinel-2,S2B_43QBD_20251112_0_L2A,train,data\expanded_v2\tiles\surat\images\surat_00050_rgb.png,data\expanded_v2\tiles\surat\images\surat_00050_rgbn.npy,data\expanded_v2\tiles\surat\masks\surat_00050_mask.png,384,1408,256,10,0.203887939453125,geographic_aoi_v2
surat_00051,surat,Sentinel-2,S2B_43QBD_20251112_0_L2A,train,data\expanded_v2\tiles\surat\images\surat_00051_rgb.png,data\expanded_v2\tiles\surat\images\surat_00051_rgbn.npy,data\expanded_v2\tiles\surat\masks\surat_00051_mask.png,384,1536,256,10,0.1408538818359375,geographic_aoi_v2
surat_00052,surat,Sentinel-2,S2B_43QBD_20251112_0_L2A,train,data\expanded_v2\tiles\surat\images\surat_00052_rgb.png,data\expanded_v2\tiles\surat\images\surat_00052_rgbn.npy,data\expanded_v2\tiles\surat\masks\surat_00052_mask.png,512,0,256,10,0.1031036376953125,geographic_aoi_v2
surat_00053,surat,Sentinel-2,S2B_43QBD_20251112_0_L2A,train,data\expanded_v2\tiles\surat\images\surat_00053_rgb.png,data\expanded_v2\tiles\surat\images\surat_00053_rgbn.npy,data\expanded_v2\tiles\surat\masks\surat_00053_mask.png,512,128,256,10,0.1657257080078125,geographic_aoi_v2
surat_00054,surat,Sentinel-2,S2B_43QBD_20251112_0_L2A,train,data\expanded_v2\tiles\surat\images\surat_00054_rgb.png,data\expanded_v2\tiles\surat\images\surat_00054_rgbn.npy,data\expanded_v2\tiles\surat\masks\surat_00054_mask.png,512,256,256,10,0.2799835205078125,geographic_aoi_v2
surat_00055,surat,Sentinel-2,S2B_43QBD_20251112_0_L2A,train,data\expanded_v2\tiles\surat\images\surat_00055_rgb.png,data\expanded_v2\tiles\surat\images\surat_00055_rgbn.npy,data\expanded_v2\tiles\surat\masks\surat_00055_mask.png,512,384,256,10,0.356658935546875,geographic_aoi_v2
surat_00056,surat,Sentinel-2,S2B_43QBD_20251112_0_L2A,train,data\expanded_v2\tiles\surat\images\surat_00056_rgb.png,data\expanded_v2\tiles\surat\images\surat_00056_rgbn.npy,data\expanded_v2\tiles\surat\masks\surat_00056_mask.png,512,512,256,10,0.3174591064453125,geographic_aoi_v2
surat_00057,surat,Sentinel-2,S2B_43QBD_20251112_0_L2A,train,data\expanded_v2\tiles\surat\images\surat_00057_rgb.png,data\expanded_v2\tiles\surat\images\surat_00057_rgbn.npy,data\expanded_v2\tiles\surat\masks\surat_00057_mask.png,512,640,256,10,0.3653564453125,geographic_aoi_v2
surat_00058,surat,Sentinel-2,S2B_43QBD_20251112_0_L2A,train,data\expanded_v2\tiles\surat\images\surat_00058_rgb.png,data\expanded_v2\tiles\surat\images\surat_00058_rgbn.npy,data\expanded_v2\tiles\surat\masks\surat_00058_mask.png,512,768,256,10,0.4662933349609375,geographic_aoi_v2
surat_00059,surat,Sentinel-2,S2B_43QBD_20251112_0_L2A,train,data\expanded_v2\tiles\surat\images\surat_00059_rgb.png,data\expanded_v2\tiles\surat\images\surat_00059_rgbn.npy,data\expanded_v2\tiles\surat\masks\surat_00059_mask.png,512,896,256,10,0.40521240234375,geographic_aoi_v2
surat_00060,surat,Sentinel-2,S2B_43QBD_20251112_0_L2A,train,data\expanded_v2\tiles\surat\images\surat_00060_rgb.png,data\expanded_v2\tiles\surat\images\surat_00060_rgbn.npy,data\expanded_v2\tiles\surat\masks\surat_00060_mask.png,512,1024,256,10,0.43341064453125,geographic_aoi_v2
surat_00061,surat,Sentinel-2,S2B_43QBD_20251112_0_L2A,train,data\expanded_v2\tiles\surat\images\surat_00061_rgb.png,data\expanded_v2\tiles\surat\images\surat_00061_rgbn.npy,data\expanded_v2\tiles\surat\masks\surat_00061_mask.png,512,1152,256,10,0.460296630859375,geographic_aoi_v2
surat_00062,surat,Sentinel-2,S2B_43QBD_20251112_0_L2A,train,data\expanded_v2\tiles\surat\images\surat_00062_rgb.png,data\expanded_v2\tiles\surat\images\surat_00062_rgbn.npy,data\expanded_v2\tiles\surat\masks\surat_00062_mask.png,512,1280,256,10,0.2789764404296875,geographic_aoi_v2
surat_00063,surat,Sentinel-2,S2B_43QBD_20251112_0_L2A,train,data\expanded_v2\tiles\surat\images\surat_00063_rgb.png,data\expanded_v2\tiles\surat\images\surat_00063_rgbn.npy,data\expanded_v2\tiles\surat\masks\surat_00063_mask.png,512,1408,256,10,0.1319580078125,geographic_aoi_v2
surat_00064,surat,Sentinel-2,S2B_43QBD_20251112_0_L2A,train,data\expanded_v2\tiles\surat\images\surat_00064_rgb.png,data\expanded_v2\tiles\surat\images\surat_00064_rgbn.npy,data\expanded_v2\tiles\surat\masks\surat_00064_mask.png,512,1536,256,10,0.1109771728515625,geographic_aoi_v2
surat_00065,surat,Sentinel-2,S2B_43QBD_20251112_0_L2A,train,data\expanded_v2\tiles\surat\images\surat_00065_rgb.png,data\expanded_v2\tiles\surat\images\surat_00065_rgbn.npy,data\expanded_v2\tiles\surat\masks\surat_00065_mask.png,640,0,256,10,0.100616455078125,geographic_aoi_v2
surat_00066,surat,Sentinel-2,S2B_43QBD_20251112_0_L2A,train,data\expanded_v2\tiles\surat\images\surat_00066_rgb.png,data\expanded_v2\tiles\surat\images\surat_00066_rgbn.npy,data\expanded_v2\tiles\surat\masks\surat_00066_mask.png,640,128,256,10,0.1212158203125,geographic_aoi_v2
surat_00067,surat,Sentinel-2,S2B_43QBD_20251112_0_L2A,train,data\expanded_v2\tiles\surat\images\surat_00067_rgb.png,data\expanded_v2\tiles\surat\images\surat_00067_rgbn.npy,data\expanded_v2\tiles\surat\masks\surat_00067_mask.png,640,256,256,10,0.2102813720703125,geographic_aoi_v2
surat_00068,surat,Sentinel-2,S2B_43QBD_20251112_0_L2A,train,data\expanded_v2\tiles\surat\images\surat_00068_rgb.png,data\expanded_v2\tiles\surat\images\surat_00068_rgbn.npy,data\expanded_v2\tiles\surat\masks\surat_00068_mask.png,640,384,256,10,0.2748870849609375,geographic_aoi_v2
surat_00069,surat,Sentinel-2,S2B_43QBD_20251112_0_L2A,train,data\expanded_v2\tiles\surat\images\surat_00069_rgb.png,data\expanded_v2\tiles\surat\images\surat_00069_rgbn.npy,data\expanded_v2\tiles\surat\masks\surat_00069_mask.png,640,512,256,10,0.3134918212890625,geographic_aoi_v2
surat_00070,surat,Sentinel-2,S2B_43QBD_20251112_0_L2A,train,data\expanded_v2\tiles\surat\images\surat_00070_rgb.png,data\expanded_v2\tiles\surat\images\surat_00070_rgbn.npy,data\expanded_v2\tiles\surat\masks\surat_00070_mask.png,640,640,256,10,0.38189697265625,geographic_aoi_v2
surat_00071,surat,Sentinel-2,S2B_43QBD_20251112_0_L2A,train,data\expanded_v2\tiles\surat\images\surat_00071_rgb.png,data\expanded_v2\tiles\surat\images\surat_00071_rgbn.npy,data\expanded_v2\tiles\surat\masks\surat_00071_mask.png,640,768,256,10,0.4275665283203125,geographic_aoi_v2
surat_00072,surat,Sentinel-2,S2B_43QBD_20251112_0_L2A,train,data\expanded_v2\tiles\surat\images\surat_00072_rgb.png,data\expanded_v2\tiles\surat\images\surat_00072_rgbn.npy,data\expanded_v2\tiles\surat\masks\surat_00072_mask.png,640,896,256,10,0.39129638671875,geographic_aoi_v2
surat_00073,surat,Sentinel-2,S2B_43QBD_20251112_0_L2A,train,data\expanded_v2\tiles\surat\images\surat_00073_rgb.png,data\expanded_v2\tiles\surat\images\surat_00073_rgbn.npy,data\expanded_v2\tiles\surat\masks\surat_00073_mask.png,640,1024,256,10,0.448150634765625,geographic_aoi_v2
surat_00074,surat,Sentinel-2,S2B_43QBD_20251112_0_L2A,train,data\expanded_v2\tiles\surat\images\surat_00074_rgb.png,data\expanded_v2\tiles\surat\images\surat_00074_rgbn.npy,data\expanded_v2\tiles\surat\masks\surat_00074_mask.png,640,1152,256,10,0.5099334716796875,geographic_aoi_v2
surat_00075,surat,Sentinel-2,S2B_43QBD_20251112_0_L2A,train,data\expanded_v2\tiles\surat\images\surat_00075_rgb.png,data\expanded_v2\tiles\surat\images\surat_00075_rgbn.npy,data\expanded_v2\tiles\surat\masks\surat_00075_mask.png,640,1280,256,10,0.3105010986328125,geographic_aoi_v2
surat_00076,surat,Sentinel-2,S2B_43QBD_20251112_0_L2A,train,data\expanded_v2\tiles\surat\images\surat_00076_rgb.png,data\expanded_v2\tiles\surat\images\surat_00076_rgbn.npy,data\expanded_v2\tiles\surat\masks\surat_00076_mask.png,640,1408,256,10,0.1390228271484375,geographic_aoi_v2
surat_00077,surat,Sentinel-2,S2B_43QBD_20251112_0_L2A,train,data\expanded_v2\tiles\surat\images\surat_00077_rgb.png,data\expanded_v2\tiles\surat\images\surat_00077_rgbn.npy,data\expanded_v2\tiles\surat\masks\surat_00077_mask.png,640,1536,256,10,0.083465576171875,geographic_aoi_v2
surat_00078,surat,Sentinel-2,S2B_43QBD_20251112_0_L2A,train,data\expanded_v2\tiles\surat\images\surat_00078_rgb.png,data\expanded_v2\tiles\surat\images\surat_00078_rgbn.npy,data\expanded_v2\tiles\surat\masks\surat_00078_mask.png,768,0,256,10,0.049530029296875,geographic_aoi_v2
surat_00079,surat,Sentinel-2,S2B_43QBD_20251112_0_L2A,train,data\expanded_v2\tiles\surat\images\surat_00079_rgb.png,data\expanded_v2\tiles\surat\images\surat_00079_rgbn.npy,data\expanded_v2\tiles\surat\masks\surat_00079_mask.png,768,128,256,10,0.11505126953125,geographic_aoi_v2
surat_00080,surat,Sentinel-2,S2B_43QBD_20251112_0_L2A,train,data\expanded_v2\tiles\surat\images\surat_00080_rgb.png,data\expanded_v2\tiles\surat\images\surat_00080_rgbn.npy,data\expanded_v2\tiles\surat\masks\surat_00080_mask.png,768,256,256,10,0.2306976318359375,geographic_aoi_v2
surat_00081,surat,Sentinel-2,S2B_43QBD_20251112_0_L2A,train,data\expanded_v2\tiles\surat\images\surat_00081_rgb.png,data\expanded_v2\tiles\surat\images\surat_00081_rgbn.npy,data\expanded_v2\tiles\surat\masks\surat_00081_mask.png,768,384,256,10,0.30560302734375,geographic_aoi_v2
surat_00082,surat,Sentinel-2,S2B_43QBD_20251112_0_L2A,train,data\expanded_v2\tiles\surat\images\surat_00082_rgb.png,data\expanded_v2\tiles\surat\images\surat_00082_rgbn.npy,data\expanded_v2\tiles\surat\masks\surat_00082_mask.png,768,512,256,10,0.367950439453125,geographic_aoi_v2
surat_00083,surat,Sentinel-2,S2B_43QBD_20251112_0_L2A,train,data\expanded_v2\tiles\surat\images\surat_00083_rgb.png,data\expanded_v2\tiles\surat\images\surat_00083_rgbn.npy,data\expanded_v2\tiles\surat\masks\surat_00083_mask.png,768,640,256,10,0.3616943359375,geographic_aoi_v2
surat_00084,surat,Sentinel-2,S2B_43QBD_20251112_0_L2A,train,data\expanded_v2\tiles\surat\images\surat_00084_rgb.png,data\expanded_v2\tiles\surat\images\surat_00084_rgbn.npy,data\expanded_v2\tiles\surat\masks\surat_00084_mask.png,768,768,256,10,0.39324951171875,geographic_aoi_v2
surat_00085,surat,Sentinel-2,S2B_43QBD_20251112_0_L2A,train,data\expanded_v2\tiles\surat\images\surat_00085_rgb.png,data\expanded_v2\tiles\surat\images\surat_00085_rgbn.npy,data\expanded_v2\tiles\surat\masks\surat_00085_mask.png,768,896,256,10,0.3770751953125,geographic_aoi_v2
surat_00086,surat,Sentinel-2,S2B_43QBD_20251112_0_L2A,train,data\expanded_v2\tiles\surat\images\surat_00086_rgb.png,data\expanded_v2\tiles\surat\images\surat_00086_rgbn.npy,data\expanded_v2\tiles\surat\masks\surat_00086_mask.png,768,1024,256,10,0.4293060302734375,geographic_aoi_v2
surat_00087,surat,Sentinel-2,S2B_43QBD_20251112_0_L2A,train,data\expanded_v2\tiles\surat\images\surat_00087_rgb.png,data\expanded_v2\tiles\surat\images\surat_00087_rgbn.npy,data\expanded_v2\tiles\surat\masks\surat_00087_mask.png,768,1152,256,10,0.557464599609375,geographic_aoi_v2
surat_00088,surat,Sentinel-2,S2B_43QBD_20251112_0_L2A,train,data\expanded_v2\tiles\surat\images\surat_00088_rgb.png,data\expanded_v2\tiles\surat\images\surat_00088_rgbn.npy,data\expanded_v2\tiles\surat\masks\surat_00088_mask.png,768,1280,256,10,0.3551025390625,geographic_aoi_v2
surat_00089,surat,Sentinel-2,S2B_43QBD_20251112_0_L2A,train,data\expanded_v2\tiles\surat\images\surat_00089_rgb.png,data\expanded_v2\tiles\surat\images\surat_00089_rgbn.npy,data\expanded_v2\tiles\surat\masks\surat_00089_mask.png,768,1408,256,10,0.11651611328125,geographic_aoi_v2
surat_00090,surat,Sentinel-2,S2B_43QBD_20251112_0_L2A,train,data\expanded_v2\tiles\surat\images\surat_00090_rgb.png,data\expanded_v2\tiles\surat\images\surat_00090_rgbn.npy,data\expanded_v2\tiles\surat\masks\surat_00090_mask.png,768,1536,256,10,0.0602569580078125,geographic_aoi_v2
surat_00091,surat,Sentinel-2,S2B_43QBD_20251112_0_L2A,train,data\expanded_v2\tiles\surat\images\surat_00091_rgb.png,data\expanded_v2\tiles\surat\images\surat_00091_rgbn.npy,data\expanded_v2\tiles\surat\masks\surat_00091_mask.png,896,0,256,10,0.11163330078125,geographic_aoi_v2
surat_00092,surat,Sentinel-2,S2B_43QBD_20251112_0_L2A,train,data\expanded_v2\tiles\surat\images\surat_00092_rgb.png,data\expanded_v2\tiles\surat\images\surat_00092_rgbn.npy,data\expanded_v2\tiles\surat\masks\surat_00092_mask.png,896,128,256,10,0.2348785400390625,geographic_aoi_v2
surat_00093,surat,Sentinel-2,S2B_43QBD_20251112_0_L2A,train,data\expanded_v2\tiles\surat\images\surat_00093_rgb.png,data\expanded_v2\tiles\surat\images\surat_00093_rgbn.npy,data\expanded_v2\tiles\surat\masks\surat_00093_mask.png,896,256,256,10,0.2748565673828125,geographic_aoi_v2
surat_00094,surat,Sentinel-2,S2B_43QBD_20251112_0_L2A,train,data\expanded_v2\tiles\surat\images\surat_00094_rgb.png,data\expanded_v2\tiles\surat\images\surat_00094_rgbn.npy,data\expanded_v2\tiles\surat\masks\surat_00094_mask.png,896,384,256,10,0.3115081787109375,geographic_aoi_v2
surat_00095,surat,Sentinel-2,S2B_43QBD_20251112_0_L2A,train,data\expanded_v2\tiles\surat\images\surat_00095_rgb.png,data\expanded_v2\tiles\surat\images\surat_00095_rgbn.npy,data\expanded_v2\tiles\surat\masks\surat_00095_mask.png,896,512,256,10,0.375762939453125,geographic_aoi_v2
surat_00096,surat,Sentinel-2,S2B_43QBD_20251112_0_L2A,train,data\expanded_v2\tiles\surat\images\surat_00096_rgb.png,data\expanded_v2\tiles\surat\images\surat_00096_rgbn.npy,data\expanded_v2\tiles\surat\masks\surat_00096_mask.png,896,640,256,10,0.3993988037109375,geographic_aoi_v2
surat_00097,surat,Sentinel-2,S2B_43QBD_20251112_0_L2A,train,data\expanded_v2\tiles\surat\images\surat_00097_rgb.png,data\expanded_v2\tiles\surat\images\surat_00097_rgbn.npy,data\expanded_v2\tiles\surat\masks\surat_00097_mask.png,896,768,256,10,0.47760009765625,geographic_aoi_v2
surat_00098,surat,Sentinel-2,S2B_43QBD_20251112_0_L2A,train,data\expanded_v2\tiles\surat\images\surat_00098_rgb.png,data\expanded_v2\tiles\surat\images\surat_00098_rgbn.npy,data\expanded_v2\tiles\surat\masks\surat_00098_mask.png,896,896,256,10,0.397552490234375,geographic_aoi_v2
surat_00099,surat,Sentinel-2,S2B_43QBD_20251112_0_L2A,train,data\expanded_v2\tiles\surat\images\surat_00099_rgb.png,data\expanded_v2\tiles\surat\images\surat_00099_rgbn.npy,data\expanded_v2\tiles\surat\masks\surat_00099_mask.png,896,1024,256,10,0.384307861328125,geographic_aoi_v2
surat_00100,surat,Sentinel-2,S2B_43QBD_20251112_0_L2A,train,data\expanded_v2\tiles\surat\images\surat_00100_rgb.png,data\expanded_v2\tiles\surat\images\surat_00100_rgbn.npy,data\expanded_v2\tiles\surat\masks\surat_00100_mask.png,896,1152,256,10,0.5023040771484375,geographic_aoi_v2
surat_00101,surat,Sentinel-2,S2B_43QBD_20251112_0_L2A,train,data\expanded_v2\tiles\surat\images\surat_00101_rgb.png,data\expanded_v2\tiles\surat\images\surat_00101_rgbn.npy,data\expanded_v2\tiles\surat\masks\surat_00101_mask.png,896,1280,256,10,0.363311767578125,geographic_aoi_v2
surat_00102,surat,Sentinel-2,S2B_43QBD_20251112_0_L2A,train,data\expanded_v2\tiles\surat\images\surat_00102_rgb.png,data\expanded_v2\tiles\surat\images\surat_00102_rgbn.npy,data\expanded_v2\tiles\surat\masks\surat_00102_mask.png,896,1408,256,10,0.1280517578125,geographic_aoi_v2
surat_00103,surat,Sentinel-2,S2B_43QBD_20251112_0_L2A,train,data\expanded_v2\tiles\surat\images\surat_00103_rgb.png,data\expanded_v2\tiles\surat\images\surat_00103_rgbn.npy,data\expanded_v2\tiles\surat\masks\surat_00103_mask.png,896,1536,256,10,0.0462799072265625,geographic_aoi_v2
surat_00104,surat,Sentinel-2,S2B_43QBD_20251112_0_L2A,train,data\expanded_v2\tiles\surat\images\surat_00104_rgb.png,data\expanded_v2\tiles\surat\images\surat_00104_rgbn.npy,data\expanded_v2\tiles\surat\masks\surat_00104_mask.png,1024,0,256,10,0.208251953125,geographic_aoi_v2
surat_00105,surat,Sentinel-2,S2B_43QBD_20251112_0_L2A,train,data\expanded_v2\tiles\surat\images\surat_00105_rgb.png,data\expanded_v2\tiles\surat\images\surat_00105_rgbn.npy,data\expanded_v2\tiles\surat\masks\surat_00105_mask.png,1024,128,256,10,0.2603912353515625,geographic_aoi_v2
surat_00106,surat,Sentinel-2,S2B_43QBD_20251112_0_L2A,train,data\expanded_v2\tiles\surat\images\surat_00106_rgb.png,data\expanded_v2\tiles\surat\images\surat_00106_rgbn.npy,data\expanded_v2\tiles\surat\masks\surat_00106_mask.png,1024,256,256,10,0.229095458984375,geographic_aoi_v2
surat_00107,surat,Sentinel-2,S2B_43QBD_20251112_0_L2A,train,data\expanded_v2\tiles\surat\images\surat_00107_rgb.png,data\expanded_v2\tiles\surat\images\surat_00107_rgbn.npy,data\expanded_v2\tiles\surat\masks\surat_00107_mask.png,1024,384,256,10,0.2548370361328125,geographic_aoi_v2
surat_00108,surat,Sentinel-2,S2B_43QBD_20251112_0_L2A,train,data\expanded_v2\tiles\surat\images\surat_00108_rgb.png,data\expanded_v2\tiles\surat\images\surat_00108_rgbn.npy,data\expanded_v2\tiles\surat\masks\surat_00108_mask.png,1024,512,256,10,0.28619384765625,geographic_aoi_v2
surat_00109,surat,Sentinel-2,S2B_43QBD_20251112_0_L2A,train,data\expanded_v2\tiles\surat\images\surat_00109_rgb.png,data\expanded_v2\tiles\surat\images\surat_00109_rgbn.npy,data\expanded_v2\tiles\surat\masks\surat_00109_mask.png,1024,640,256,10,0.3338165283203125,geographic_aoi_v2
surat_00110,surat,Sentinel-2,S2B_43QBD_20251112_0_L2A,train,data\expanded_v2\tiles\surat\images\surat_00110_rgb.png,data\expanded_v2\tiles\surat\images\surat_00110_rgbn.npy,data\expanded_v2\tiles\surat\masks\surat_00110_mask.png,1024,768,256,10,0.3913116455078125,geographic_aoi_v2
surat_00111,surat,Sentinel-2,S2B_43QBD_20251112_0_L2A,train,data\expanded_v2\tiles\surat\images\surat_00111_rgb.png,data\expanded_v2\tiles\surat\images\surat_00111_rgbn.npy,data\expanded_v2\tiles\surat\masks\surat_00111_mask.png,1024,896,256,10,0.30145263671875,geographic_aoi_v2
surat_00112,surat,Sentinel-2,S2B_43QBD_20251112_0_L2A,train,data\expanded_v2\tiles\surat\images\surat_00112_rgb.png,data\expanded_v2\tiles\surat\images\surat_00112_rgbn.npy,data\expanded_v2\tiles\surat\masks\surat_00112_mask.png,1024,1024,256,10,0.2692718505859375,geographic_aoi_v2
surat_00113,surat,Sentinel-2,S2B_43QBD_20251112_0_L2A,train,data\expanded_v2\tiles\surat\images\surat_00113_rgb.png,data\expanded_v2\tiles\surat\images\surat_00113_rgbn.npy,data\expanded_v2\tiles\surat\masks\surat_00113_mask.png,1024,1152,256,10,0.3151397705078125,geographic_aoi_v2
surat_00114,surat,Sentinel-2,S2B_43QBD_20251112_0_L2A,train,data\expanded_v2\tiles\surat\images\surat_00114_rgb.png,data\expanded_v2\tiles\surat\images\surat_00114_rgbn.npy,data\expanded_v2\tiles\surat\masks\surat_00114_mask.png,1024,1280,256,10,0.2797393798828125,geographic_aoi_v2
surat_00115,surat,Sentinel-2,S2B_43QBD_20251112_0_L2A,train,data\expanded_v2\tiles\surat\images\surat_00115_rgb.png,data\expanded_v2\tiles\surat\images\surat_00115_rgbn.npy,data\expanded_v2\tiles\surat\masks\surat_00115_mask.png,1024,1408,256,10,0.13238525390625,geographic_aoi_v2
surat_00116,surat,Sentinel-2,S2B_43QBD_20251112_0_L2A,train,data\expanded_v2\tiles\surat\images\surat_00116_rgb.png,data\expanded_v2\tiles\surat\images\surat_00116_rgbn.npy,data\expanded_v2\tiles\surat\masks\surat_00116_mask.png,1024,1536,256,10,0.0446014404296875,geographic_aoi_v2
surat_00117,surat,Sentinel-2,S2B_43QBD_20251112_0_L2A,train,data\expanded_v2\tiles\surat\images\surat_00117_rgb.png,data\expanded_v2\tiles\surat\images\surat_00117_rgbn.npy,data\expanded_v2\tiles\surat\masks\surat_00117_mask.png,1152,0,256,10,0.1459808349609375,geographic_aoi_v2
surat_00118,surat,Sentinel-2,S2B_43QBD_20251112_0_L2A,train,data\expanded_v2\tiles\surat\images\surat_00118_rgb.png,data\expanded_v2\tiles\surat\images\surat_00118_rgbn.npy,data\expanded_v2\tiles\surat\masks\surat_00118_mask.png,1152,128,256,10,0.1754302978515625,geographic_aoi_v2
surat_00119,surat,Sentinel-2,S2B_43QBD_20251112_0_L2A,train,data\expanded_v2\tiles\surat\images\surat_00119_rgb.png,data\expanded_v2\tiles\surat\images\surat_00119_rgbn.npy,data\expanded_v2\tiles\surat\masks\surat_00119_mask.png,1152,256,256,10,0.1447906494140625,geographic_aoi_v2
surat_00120,surat,Sentinel-2,S2B_43QBD_20251112_0_L2A,train,data\expanded_v2\tiles\surat\images\surat_00120_rgb.png,data\expanded_v2\tiles\surat\images\surat_00120_rgbn.npy,data\expanded_v2\tiles\surat\masks\surat_00120_mask.png,1152,384,256,10,0.1494293212890625,geographic_aoi_v2
surat_00121,surat,Sentinel-2,S2B_43QBD_20251112_0_L2A,train,data\expanded_v2\tiles\surat\images\surat_00121_rgb.png,data\expanded_v2\tiles\surat\images\surat_00121_rgbn.npy,data\expanded_v2\tiles\surat\masks\surat_00121_mask.png,1152,512,256,10,0.153717041015625,geographic_aoi_v2
surat_00122,surat,Sentinel-2,S2B_43QBD_20251112_0_L2A,train,data\expanded_v2\tiles\surat\images\surat_00122_rgb.png,data\expanded_v2\tiles\surat\images\surat_00122_rgbn.npy,data\expanded_v2\tiles\surat\masks\surat_00122_mask.png,1152,640,256,10,0.168487548828125,geographic_aoi_v2
surat_00123,surat,Sentinel-2,S2B_43QBD_20251112_0_L2A,train,data\expanded_v2\tiles\surat\images\surat_00123_rgb.png,data\expanded_v2\tiles\surat\images\surat_00123_rgbn.npy,data\expanded_v2\tiles\surat\masks\surat_00123_mask.png,1152,768,256,10,0.2481231689453125,geographic_aoi_v2
surat_00124,surat,Sentinel-2,S2B_43QBD_20251112_0_L2A,train,data\expanded_v2\tiles\surat\images\surat_00124_rgb.png,data\expanded_v2\tiles\surat\images\surat_00124_rgbn.npy,data\expanded_v2\tiles\surat\masks\surat_00124_mask.png,1152,896,256,10,0.2604217529296875,geographic_aoi_v2
surat_00125,surat,Sentinel-2,S2B_43QBD_20251112_0_L2A,train,data\expanded_v2\tiles\surat\images\surat_00125_rgb.png,data\expanded_v2\tiles\surat\images\surat_00125_rgbn.npy,data\expanded_v2\tiles\surat\masks\surat_00125_mask.png,1152,1024,256,10,0.2223358154296875,geographic_aoi_v2
surat_00126,surat,Sentinel-2,S2B_43QBD_20251112_0_L2A,train,data\expanded_v2\tiles\surat\images\surat_00126_rgb.png,data\expanded_v2\tiles\surat\images\surat_00126_rgbn.npy,data\expanded_v2\tiles\surat\masks\surat_00126_mask.png,1152,1152,256,10,0.1829681396484375,geographic_aoi_v2
surat_00127,surat,Sentinel-2,S2B_43QBD_20251112_0_L2A,train,data\expanded_v2\tiles\surat\images\surat_00127_rgb.png,data\expanded_v2\tiles\surat\images\surat_00127_rgbn.npy,data\expanded_v2\tiles\surat\masks\surat_00127_mask.png,1152,1280,256,10,0.1685943603515625,geographic_aoi_v2
surat_00128,surat,Sentinel-2,S2B_43QBD_20251112_0_L2A,train,data\expanded_v2\tiles\surat\images\surat_00128_rgb.png,data\expanded_v2\tiles\surat\images\surat_00128_rgbn.npy,data\expanded_v2\tiles\surat\masks\surat_00128_mask.png,1152,1408,256,10,0.1085968017578125,geographic_aoi_v2
surat_00129,surat,Sentinel-2,S2B_43QBD_20251112_0_L2A,train,data\expanded_v2\tiles\surat\images\surat_00129_rgb.png,data\expanded_v2\tiles\surat\images\surat_00129_rgbn.npy,data\expanded_v2\tiles\surat\masks\surat_00129_mask.png,1152,1536,256,10,0.056884765625,geographic_aoi_v2
surat_00130,surat,Sentinel-2,S2B_43QBD_20251112_0_L2A,train,data\expanded_v2\tiles\surat\images\surat_00130_rgb.png,data\expanded_v2\tiles\surat\images\surat_00130_rgbn.npy,data\expanded_v2\tiles\surat\masks\surat_00130_mask.png,1280,0,256,10,0.04010009765625,geographic_aoi_v2
surat_00131,surat,Sentinel-2,S2B_43QBD_20251112_0_L2A,train,data\expanded_v2\tiles\surat\images\surat_00131_rgb.png,data\expanded_v2\tiles\surat\images\surat_00131_rgbn.npy,data\expanded_v2\tiles\surat\masks\surat_00131_mask.png,1280,128,256,10,0.097869873046875,geographic_aoi_v2
surat_00132,surat,Sentinel-2,S2B_43QBD_20251112_0_L2A,train,data\expanded_v2\tiles\surat\images\surat_00132_rgb.png,data\expanded_v2\tiles\surat\images\surat_00132_rgbn.npy,data\expanded_v2\tiles\surat\masks\surat_00132_mask.png,1280,256,256,10,0.123138427734375,geographic_aoi_v2
surat_00133,surat,Sentinel-2,S2B_43QBD_20251112_0_L2A,train,data\expanded_v2\tiles\surat\images\surat_00133_rgb.png,data\expanded_v2\tiles\surat\images\surat_00133_rgbn.npy,data\expanded_v2\tiles\surat\masks\surat_00133_mask.png,1280,384,256,10,0.1081390380859375,geographic_aoi_v2
surat_00134,surat,Sentinel-2,S2B_43QBD_20251112_0_L2A,train,data\expanded_v2\tiles\surat\images\surat_00134_rgb.png,data\expanded_v2\tiles\surat\images\surat_00134_rgbn.npy,data\expanded_v2\tiles\surat\masks\surat_00134_mask.png,1280,512,256,10,0.0823822021484375,geographic_aoi_v2
surat_00135,surat,Sentinel-2,S2B_43QBD_20251112_0_L2A,train,data\expanded_v2\tiles\surat\images\surat_00135_rgb.png,data\expanded_v2\tiles\surat\images\surat_00135_rgbn.npy,data\expanded_v2\tiles\surat\masks\surat_00135_mask.png,1280,640,256,10,0.1071319580078125,geographic_aoi_v2
surat_00136,surat,Sentinel-2,S2B_43QBD_20251112_0_L2A,train,data\expanded_v2\tiles\surat\images\surat_00136_rgb.png,data\expanded_v2\tiles\surat\images\surat_00136_rgbn.npy,data\expanded_v2\tiles\surat\masks\surat_00136_mask.png,1280,768,256,10,0.22247314453125,geographic_aoi_v2
surat_00137,surat,Sentinel-2,S2B_43QBD_20251112_0_L2A,train,data\expanded_v2\tiles\surat\images\surat_00137_rgb.png,data\expanded_v2\tiles\surat\images\surat_00137_rgbn.npy,data\expanded_v2\tiles\surat\masks\surat_00137_mask.png,1280,896,256,10,0.3148193359375,geographic_aoi_v2
surat_00138,surat,Sentinel-2,S2B_43QBD_20251112_0_L2A,train,data\expanded_v2\tiles\surat\images\surat_00138_rgb.png,data\expanded_v2\tiles\surat\images\surat_00138_rgbn.npy,data\expanded_v2\tiles\surat\masks\surat_00138_mask.png,1280,1024,256,10,0.308929443359375,geographic_aoi_v2
surat_00139,surat,Sentinel-2,S2B_43QBD_20251112_0_L2A,train,data\expanded_v2\tiles\surat\images\surat_00139_rgb.png,data\expanded_v2\tiles\surat\images\surat_00139_rgbn.npy,data\expanded_v2\tiles\surat\masks\surat_00139_mask.png,1280,1152,256,10,0.1987762451171875,geographic_aoi_v2
surat_00140,surat,Sentinel-2,S2B_43QBD_20251112_0_L2A,train,data\expanded_v2\tiles\surat\images\surat_00140_rgb.png,data\expanded_v2\tiles\surat\images\surat_00140_rgbn.npy,data\expanded_v2\tiles\surat\masks\surat_00140_mask.png,1280,1280,256,10,0.102783203125,geographic_aoi_v2
surat_00141,surat,Sentinel-2,S2B_43QBD_20251112_0_L2A,train,data\expanded_v2\tiles\surat\images\surat_00141_rgb.png,data\expanded_v2\tiles\surat\images\surat_00141_rgbn.npy,data\expanded_v2\tiles\surat\masks\surat_00141_mask.png,1280,1408,256,10,0.0922698974609375,geographic_aoi_v2
surat_00142,surat,Sentinel-2,S2B_43QBD_20251112_0_L2A,train,data\expanded_v2\tiles\surat\images\surat_00142_rgb.png,data\expanded_v2\tiles\surat\images\surat_00142_rgbn.npy,data\expanded_v2\tiles\surat\masks\surat_00142_mask.png,1280,1536,256,10,0.0815582275390625,geographic_aoi_v2
surat_00143,surat,Sentinel-2,S2B_43QBD_20251112_0_L2A,train,data\expanded_v2\tiles\surat\images\surat_00143_rgb.png,data\expanded_v2\tiles\surat\images\surat_00143_rgbn.npy,data\expanded_v2\tiles\surat\masks\surat_00143_mask.png,1408,0,256,10,0.0140838623046875,geographic_aoi_v2
surat_00144,surat,Sentinel-2,S2B_43QBD_20251112_0_L2A,train,data\expanded_v2\tiles\surat\images\surat_00144_rgb.png,data\expanded_v2\tiles\surat\images\surat_00144_rgbn.npy,data\expanded_v2\tiles\surat\masks\surat_00144_mask.png,1408,128,256,10,0.042205810546875,geographic_aoi_v2
surat_00145,surat,Sentinel-2,S2B_43QBD_20251112_0_L2A,train,data\expanded_v2\tiles\surat\images\surat_00145_rgb.png,data\expanded_v2\tiles\surat\images\surat_00145_rgbn.npy,data\expanded_v2\tiles\surat\masks\surat_00145_mask.png,1408,256,256,10,0.10137939453125,geographic_aoi_v2
surat_00146,surat,Sentinel-2,S2B_43QBD_20251112_0_L2A,train,data\expanded_v2\tiles\surat\images\surat_00146_rgb.png,data\expanded_v2\tiles\surat\images\surat_00146_rgbn.npy,data\expanded_v2\tiles\surat\masks\surat_00146_mask.png,1408,384,256,10,0.1002960205078125,geographic_aoi_v2
surat_00147,surat,Sentinel-2,S2B_43QBD_20251112_0_L2A,train,data\expanded_v2\tiles\surat\images\surat_00147_rgb.png,data\expanded_v2\tiles\surat\images\surat_00147_rgbn.npy,data\expanded_v2\tiles\surat\masks\surat_00147_mask.png,1408,512,256,10,0.051727294921875,geographic_aoi_v2
surat_00148,surat,Sentinel-2,S2B_43QBD_20251112_0_L2A,train,data\expanded_v2\tiles\surat\images\surat_00148_rgb.png,data\expanded_v2\tiles\surat\images\surat_00148_rgbn.npy,data\expanded_v2\tiles\surat\masks\surat_00148_mask.png,1408,640,256,10,0.0658416748046875,geographic_aoi_v2
surat_00149,surat,Sentinel-2,S2B_43QBD_20251112_0_L2A,train,data\expanded_v2\tiles\surat\images\surat_00149_rgb.png,data\expanded_v2\tiles\surat\images\surat_00149_rgbn.npy,data\expanded_v2\tiles\surat\masks\surat_00149_mask.png,1408,768,256,10,0.113311767578125,geographic_aoi_v2
surat_00150,surat,Sentinel-2,S2B_43QBD_20251112_0_L2A,train,data\expanded_v2\tiles\surat\images\surat_00150_rgb.png,data\expanded_v2\tiles\surat\images\surat_00150_rgbn.npy,data\expanded_v2\tiles\surat\masks\surat_00150_mask.png,1408,896,256,10,0.2136383056640625,geographic_aoi_v2
surat_00151,surat,Sentinel-2,S2B_43QBD_20251112_0_L2A,train,data\expanded_v2\tiles\surat\images\surat_00151_rgb.png,data\expanded_v2\tiles\surat\images\surat_00151_rgbn.npy,data\expanded_v2\tiles\surat\masks\surat_00151_mask.png,1408,1024,256,10,0.2838592529296875,geographic_aoi_v2
surat_00152,surat,Sentinel-2,S2B_43QBD_20251112_0_L2A,train,data\expanded_v2\tiles\surat\images\surat_00152_rgb.png,data\expanded_v2\tiles\surat\images\surat_00152_rgbn.npy,data\expanded_v2\tiles\surat\masks\surat_00152_mask.png,1408,1152,256,10,0.1773834228515625,geographic_aoi_v2
surat_00153,surat,Sentinel-2,S2B_43QBD_20251112_0_L2A,train,data\expanded_v2\tiles\surat\images\surat_00153_rgb.png,data\expanded_v2\tiles\surat\images\surat_00153_rgbn.npy,data\expanded_v2\tiles\surat\masks\surat_00153_mask.png,1408,1280,256,10,0.0702362060546875,geographic_aoi_v2
surat_00154,surat,Sentinel-2,S2B_43QBD_20251112_0_L2A,train,data\expanded_v2\tiles\surat\images\surat_00154_rgb.png,data\expanded_v2\tiles\surat\images\surat_00154_rgbn.npy,data\expanded_v2\tiles\surat\masks\surat_00154_mask.png,1408,1408,256,10,0.07073974609375,geographic_aoi_v2
surat_00155,surat,Sentinel-2,S2B_43QBD_20251112_0_L2A,train,data\expanded_v2\tiles\surat\images\surat_00155_rgb.png,data\expanded_v2\tiles\surat\images\surat_00155_rgbn.npy,data\expanded_v2\tiles\surat\masks\surat_00155_mask.png,1408,1536,256,10,0.075164794921875,geographic_aoi_v2
nagpur_00000,nagpur,Sentinel-2,S2C_44QLJ_20251118_0_L2A,train,data\expanded_v2\tiles\nagpur\images\nagpur_00000_rgb.png,data\expanded_v2\tiles\nagpur\images\nagpur_00000_rgbn.npy,data\expanded_v2\tiles\nagpur\masks\nagpur_00000_mask.png,0,0,256,10,0.04248046875,geographic_aoi_v2
nagpur_00001,nagpur,Sentinel-2,S2C_44QLJ_20251118_0_L2A,train,data\expanded_v2\tiles\nagpur\images\nagpur_00001_rgb.png,data\expanded_v2\tiles\nagpur\images\nagpur_00001_rgbn.npy,data\expanded_v2\tiles\nagpur\masks\nagpur_00001_mask.png,0,128,256,10,0.0379486083984375,geographic_aoi_v2
nagpur_00002,nagpur,Sentinel-2,S2C_44QLJ_20251118_0_L2A,train,data\expanded_v2\tiles\nagpur\images\nagpur_00002_rgb.png,data\expanded_v2\tiles\nagpur\images\nagpur_00002_rgbn.npy,data\expanded_v2\tiles\nagpur\masks\nagpur_00002_mask.png,0,256,256,10,0.063507080078125,geographic_aoi_v2
nagpur_00003,nagpur,Sentinel-2,S2C_44QLJ_20251118_0_L2A,train,data\expanded_v2\tiles\nagpur\images\nagpur_00003_rgb.png,data\expanded_v2\tiles\nagpur\images\nagpur_00003_rgbn.npy,data\expanded_v2\tiles\nagpur\masks\nagpur_00003_mask.png,0,384,256,10,0.178558349609375,geographic_aoi_v2
nagpur_00004,nagpur,Sentinel-2,S2C_44QLJ_20251118_0_L2A,train,data\expanded_v2\tiles\nagpur\images\nagpur_00004_rgb.png,data\expanded_v2\tiles\nagpur\images\nagpur_00004_rgbn.npy,data\expanded_v2\tiles\nagpur\masks\nagpur_00004_mask.png,0,512,256,10,0.262542724609375,geographic_aoi_v2
nagpur_00005,nagpur,Sentinel-2,S2C_44QLJ_20251118_0_L2A,train,data\expanded_v2\tiles\nagpur\images\nagpur_00005_rgb.png,data\expanded_v2\tiles\nagpur\images\nagpur_00005_rgbn.npy,data\expanded_v2\tiles\nagpur\masks\nagpur_00005_mask.png,0,640,256,10,0.2851715087890625,geographic_aoi_v2
nagpur_00006,nagpur,Sentinel-2,S2C_44QLJ_20251118_0_L2A,train,data\expanded_v2\tiles\nagpur\images\nagpur_00006_rgb.png,data\expanded_v2\tiles\nagpur\images\nagpur_00006_rgbn.npy,data\expanded_v2\tiles\nagpur\masks\nagpur_00006_mask.png,0,768,256,10,0.25714111328125,geographic_aoi_v2
nagpur_00007,nagpur,Sentinel-2,S2C_44QLJ_20251118_0_L2A,train,data\expanded_v2\tiles\nagpur\images\nagpur_00007_rgb.png,data\expanded_v2\tiles\nagpur\images\nagpur_00007_rgbn.npy,data\expanded_v2\tiles\nagpur\masks\nagpur_00007_mask.png,0,896,256,10,0.19891357421875,geographic_aoi_v2
nagpur_00008,nagpur,Sentinel-2,S2C_44QLJ_20251118_0_L2A,train,data\expanded_v2\tiles\nagpur\images\nagpur_00008_rgb.png,data\expanded_v2\tiles\nagpur\images\nagpur_00008_rgbn.npy,data\expanded_v2\tiles\nagpur\masks\nagpur_00008_mask.png,0,1024,256,10,0.1345062255859375,geographic_aoi_v2
nagpur_00009,nagpur,Sentinel-2,S2C_44QLJ_20251118_0_L2A,train,data\expanded_v2\tiles\nagpur\images\nagpur_00009_rgb.png,data\expanded_v2\tiles\nagpur\images\nagpur_00009_rgbn.npy,data\expanded_v2\tiles\nagpur\masks\nagpur_00009_mask.png,0,1152,256,10,0.0937347412109375,geographic_aoi_v2
nagpur_00010,nagpur,Sentinel-2,S2C_44QLJ_20251118_0_L2A,train,data\expanded_v2\tiles\nagpur\images\nagpur_00010_rgb.png,data\expanded_v2\tiles\nagpur\images\nagpur_00010_rgbn.npy,data\expanded_v2\tiles\nagpur\masks\nagpur_00010_mask.png,0,1280,256,10,0.103759765625,geographic_aoi_v2
nagpur_00011,nagpur,Sentinel-2,S2C_44QLJ_20251118_0_L2A,train,data\expanded_v2\tiles\nagpur\images\nagpur_00011_rgb.png,data\expanded_v2\tiles\nagpur\images\nagpur_00011_rgbn.npy,data\expanded_v2\tiles\nagpur\masks\nagpur_00011_mask.png,0,1408,256,10,0.0923004150390625,geographic_aoi_v2
nagpur_00012,nagpur,Sentinel-2,S2C_44QLJ_20251118_0_L2A,train,data\expanded_v2\tiles\nagpur\images\nagpur_00012_rgb.png,data\expanded_v2\tiles\nagpur\images\nagpur_00012_rgbn.npy,data\expanded_v2\tiles\nagpur\masks\nagpur_00012_mask.png,0,1536,256,10,0.0822601318359375,geographic_aoi_v2
nagpur_00013,nagpur,Sentinel-2,S2C_44QLJ_20251118_0_L2A,train,data\expanded_v2\tiles\nagpur\images\nagpur_00013_rgb.png,data\expanded_v2\tiles\nagpur\images\nagpur_00013_rgbn.npy,data\expanded_v2\tiles\nagpur\masks\nagpur_00013_mask.png,128,0,256,10,0.037872314453125,geographic_aoi_v2
nagpur_00014,nagpur,Sentinel-2,S2C_44QLJ_20251118_0_L2A,train,data\expanded_v2\tiles\nagpur\images\nagpur_00014_rgb.png,data\expanded_v2\tiles\nagpur\images\nagpur_00014_rgbn.npy,data\expanded_v2\tiles\nagpur\masks\nagpur_00014_mask.png,128,128,256,10,0.0257415771484375,geographic_aoi_v2
nagpur_00015,nagpur,Sentinel-2,S2C_44QLJ_20251118_0_L2A,train,data\expanded_v2\tiles\nagpur\images\nagpur_00015_rgb.png,data\expanded_v2\tiles\nagpur\images\nagpur_00015_rgbn.npy,data\expanded_v2\tiles\nagpur\masks\nagpur_00015_mask.png,128,256,256,10,0.036468505859375,geographic_aoi_v2
nagpur_00016,nagpur,Sentinel-2,S2C_44QLJ_20251118_0_L2A,train,data\expanded_v2\tiles\nagpur\images\nagpur_00016_rgb.png,data\expanded_v2\tiles\nagpur\images\nagpur_00016_rgbn.npy,data\expanded_v2\tiles\nagpur\masks\nagpur_00016_mask.png,128,384,256,10,0.190643310546875,geographic_aoi_v2
nagpur_00017,nagpur,Sentinel-2,S2C_44QLJ_20251118_0_L2A,train,data\expanded_v2\tiles\nagpur\images\nagpur_00017_rgb.png,data\expanded_v2\tiles\nagpur\images\nagpur_00017_rgbn.npy,data\expanded_v2\tiles\nagpur\masks\nagpur_00017_mask.png,128,512,256,10,0.3690185546875,geographic_aoi_v2
nagpur_00018,nagpur,Sentinel-2,S2C_44QLJ_20251118_0_L2A,train,data\expanded_v2\tiles\nagpur\images\nagpur_00018_rgb.png,data\expanded_v2\tiles\nagpur\images\nagpur_00018_rgbn.npy,data\expanded_v2\tiles\nagpur\masks\nagpur_00018_mask.png,128,640,256,10,0.3853759765625,geographic_aoi_v2
nagpur_00019,nagpur,Sentinel-2,S2C_44QLJ_20251118_0_L2A,train,data\expanded_v2\tiles\nagpur\images\nagpur_00019_rgb.png,data\expanded_v2\tiles\nagpur\images\nagpur_00019_rgbn.npy,data\expanded_v2\tiles\nagpur\masks\nagpur_00019_mask.png,128,768,256,10,0.2958984375,geographic_aoi_v2
nagpur_00020,nagpur,Sentinel-2,S2C_44QLJ_20251118_0_L2A,train,data\expanded_v2\tiles\nagpur\images\nagpur_00020_rgb.png,data\expanded_v2\tiles\nagpur\images\nagpur_00020_rgbn.npy,data\expanded_v2\tiles\nagpur\masks\nagpur_00020_mask.png,128,896,256,10,0.2864990234375,geographic_aoi_v2
nagpur_00021,nagpur,Sentinel-2,S2C_44QLJ_20251118_0_L2A,train,data\expanded_v2\tiles\nagpur\images\nagpur_00021_rgb.png,data\expanded_v2\tiles\nagpur\images\nagpur_00021_rgbn.npy,data\expanded_v2\tiles\nagpur\masks\nagpur_00021_mask.png,128,1024,256,10,0.229827880859375,geographic_aoi_v2
nagpur_00022,nagpur,Sentinel-2,S2C_44QLJ_20251118_0_L2A,train,data\expanded_v2\tiles\nagpur\images\nagpur_00022_rgb.png,data\expanded_v2\tiles\nagpur\images\nagpur_00022_rgbn.npy,data\expanded_v2\tiles\nagpur\masks\nagpur_00022_mask.png,128,1152,256,10,0.1486968994140625,geographic_aoi_v2
nagpur_00023,nagpur,Sentinel-2,S2C_44QLJ_20251118_0_L2A,train,data\expanded_v2\tiles\nagpur\images\nagpur_00023_rgb.png,data\expanded_v2\tiles\nagpur\images\nagpur_00023_rgbn.npy,data\expanded_v2\tiles\nagpur\masks\nagpur_00023_mask.png,128,1280,256,10,0.1866607666015625,geographic_aoi_v2
nagpur_00024,nagpur,Sentinel-2,S2C_44QLJ_20251118_0_L2A,train,data\expanded_v2\tiles\nagpur\images\nagpur_00024_rgb.png,data\expanded_v2\tiles\nagpur\images\nagpur_00024_rgbn.npy,data\expanded_v2\tiles\nagpur\masks\nagpur_00024_mask.png,128,1408,256,10,0.1516265869140625,geographic_aoi_v2
nagpur_00025,nagpur,Sentinel-2,S2C_44QLJ_20251118_0_L2A,train,data\expanded_v2\tiles\nagpur\images\nagpur_00025_rgb.png,data\expanded_v2\tiles\nagpur\images\nagpur_00025_rgbn.npy,data\expanded_v2\tiles\nagpur\masks\nagpur_00025_mask.png,128,1536,256,10,0.0986785888671875,geographic_aoi_v2
nagpur_00026,nagpur,Sentinel-2,S2C_44QLJ_20251118_0_L2A,train,data\expanded_v2\tiles\nagpur\images\nagpur_00026_rgb.png,data\expanded_v2\tiles\nagpur\images\nagpur_00026_rgbn.npy,data\expanded_v2\tiles\nagpur\masks\nagpur_00026_mask.png,256,0,256,10,0.038482666015625,geographic_aoi_v2
nagpur_00027,nagpur,Sentinel-2,S2C_44QLJ_20251118_0_L2A,train,data\expanded_v2\tiles\nagpur\images\nagpur_00027_rgb.png,data\expanded_v2\tiles\nagpur\images\nagpur_00027_rgbn.npy,data\expanded_v2\tiles\nagpur\masks\nagpur_00027_mask.png,256,128,256,10,0.0625,geographic_aoi_v2
nagpur_00028,nagpur,Sentinel-2,S2C_44QLJ_20251118_0_L2A,train,data\expanded_v2\tiles\nagpur\images\nagpur_00028_rgb.png,data\expanded_v2\tiles\nagpur\images\nagpur_00028_rgbn.npy,data\expanded_v2\tiles\nagpur\masks\nagpur_00028_mask.png,256,256,256,10,0.0953826904296875,geographic_aoi_v2
nagpur_00029,nagpur,Sentinel-2,S2C_44QLJ_20251118_0_L2A,train,data\expanded_v2\tiles\nagpur\images\nagpur_00029_rgb.png,data\expanded_v2\tiles\nagpur\images\nagpur_00029_rgbn.npy,data\expanded_v2\tiles\nagpur\masks\nagpur_00029_mask.png,256,384,256,10,0.24749755859375,geographic_aoi_v2
nagpur_00030,nagpur,Sentinel-2,S2C_44QLJ_20251118_0_L2A,train,data\expanded_v2\tiles\nagpur\images\nagpur_00030_rgb.png,data\expanded_v2\tiles\nagpur\images\nagpur_00030_rgbn.npy,data\expanded_v2\tiles\nagpur\masks\nagpur_00030_mask.png,256,512,256,10,0.4012451171875,geographic_aoi_v2
nagpur_00031,nagpur,Sentinel-2,S2C_44QLJ_20251118_0_L2A,train,data\expanded_v2\tiles\nagpur\images\nagpur_00031_rgb.png,data\expanded_v2\tiles\nagpur\images\nagpur_00031_rgbn.npy,data\expanded_v2\tiles\nagpur\masks\nagpur_00031_mask.png,256,640,256,10,0.398040771484375,geographic_aoi_v2
nagpur_00032,nagpur,Sentinel-2,S2C_44QLJ_20251118_0_L2A,train,data\expanded_v2\tiles\nagpur\images\nagpur_00032_rgb.png,data\expanded_v2\tiles\nagpur\images\nagpur_00032_rgbn.npy,data\expanded_v2\tiles\nagpur\masks\nagpur_00032_mask.png,256,768,256,10,0.38104248046875,geographic_aoi_v2
nagpur_00033,nagpur,Sentinel-2,S2C_44QLJ_20251118_0_L2A,train,data\expanded_v2\tiles\nagpur\images\nagpur_00033_rgb.png,data\expanded_v2\tiles\nagpur\images\nagpur_00033_rgbn.npy,data\expanded_v2\tiles\nagpur\masks\nagpur_00033_mask.png,256,896,256,10,0.390655517578125,geographic_aoi_v2
nagpur_00034,nagpur,Sentinel-2,S2C_44QLJ_20251118_0_L2A,train,data\expanded_v2\tiles\nagpur\images\nagpur_00034_rgb.png,data\expanded_v2\tiles\nagpur\images\nagpur_00034_rgbn.npy,data\expanded_v2\tiles\nagpur\masks\nagpur_00034_mask.png,256,1024,256,10,0.3317413330078125,geographic_aoi_v2
nagpur_00035,nagpur,Sentinel-2,S2C_44QLJ_20251118_0_L2A,train,data\expanded_v2\tiles\nagpur\images\nagpur_00035_rgb.png,data\expanded_v2\tiles\nagpur\images\nagpur_00035_rgbn.npy,data\expanded_v2\tiles\nagpur\masks\nagpur_00035_mask.png,256,1152,256,10,0.2791900634765625,geographic_aoi_v2
nagpur_00036,nagpur,Sentinel-2,S2C_44QLJ_20251118_0_L2A,train,data\expanded_v2\tiles\nagpur\images\nagpur_00036_rgb.png,data\expanded_v2\tiles\nagpur\images\nagpur_00036_rgbn.npy,data\expanded_v2\tiles\nagpur\masks\nagpur_00036_mask.png,256,1280,256,10,0.2886199951171875,geographic_aoi_v2
nagpur_00037,nagpur,Sentinel-2,S2C_44QLJ_20251118_0_L2A,train,data\expanded_v2\tiles\nagpur\images\nagpur_00037_rgb.png,data\expanded_v2\tiles\nagpur\images\nagpur_00037_rgbn.npy,data\expanded_v2\tiles\nagpur\masks\nagpur_00037_mask.png,256,1408,256,10,0.22998046875,geographic_aoi_v2
nagpur_00038,nagpur,Sentinel-2,S2C_44QLJ_20251118_0_L2A,train,data\expanded_v2\tiles\nagpur\images\nagpur_00038_rgb.png,data\expanded_v2\tiles\nagpur\images\nagpur_00038_rgbn.npy,data\expanded_v2\tiles\nagpur\masks\nagpur_00038_mask.png,256,1536,256,10,0.1419677734375,geographic_aoi_v2
nagpur_00039,nagpur,Sentinel-2,S2C_44QLJ_20251118_0_L2A,train,data\expanded_v2\tiles\nagpur\images\nagpur_00039_rgb.png,data\expanded_v2\tiles\nagpur\images\nagpur_00039_rgbn.npy,data\expanded_v2\tiles\nagpur\masks\nagpur_00039_mask.png,384,0,256,10,0.119964599609375,geographic_aoi_v2
nagpur_00040,nagpur,Sentinel-2,S2C_44QLJ_20251118_0_L2A,train,data\expanded_v2\tiles\nagpur\images\nagpur_00040_rgb.png,data\expanded_v2\tiles\nagpur\images\nagpur_00040_rgbn.npy,data\expanded_v2\tiles\nagpur\masks\nagpur_00040_mask.png,384,128,256,10,0.19573974609375,geographic_aoi_v2
nagpur_00041,nagpur,Sentinel-2,S2C_44QLJ_20251118_0_L2A,train,data\expanded_v2\tiles\nagpur\images\nagpur_00041_rgb.png,data\expanded_v2\tiles\nagpur\images\nagpur_00041_rgbn.npy,data\expanded_v2\tiles\nagpur\masks\nagpur_00041_mask.png,384,256,256,10,0.293487548828125,geographic_aoi_v2
nagpur_00042,nagpur,Sentinel-2,S2C_44QLJ_20251118_0_L2A,train,data\expanded_v2\tiles\nagpur\images\nagpur_00042_rgb.png,data\expanded_v2\tiles\nagpur\images\nagpur_00042_rgbn.npy,data\expanded_v2\tiles\nagpur\masks\nagpur_00042_mask.png,384,384,256,10,0.3163909912109375,geographic_aoi_v2
nagpur_00043,nagpur,Sentinel-2,S2C_44QLJ_20251118_0_L2A,train,data\expanded_v2\tiles\nagpur\images\nagpur_00043_rgb.png,data\expanded_v2\tiles\nagpur\images\nagpur_00043_rgbn.npy,data\expanded_v2\tiles\nagpur\masks\nagpur_00043_mask.png,384,512,256,10,0.31829833984375,geographic_aoi_v2
nagpur_00044,nagpur,Sentinel-2,S2C_44QLJ_20251118_0_L2A,train,data\expanded_v2\tiles\nagpur\images\nagpur_00044_rgb.png,data\expanded_v2\tiles\nagpur\images\nagpur_00044_rgbn.npy,data\expanded_v2\tiles\nagpur\masks\nagpur_00044_mask.png,384,640,256,10,0.31646728515625,geographic_aoi_v2
nagpur_00045,nagpur,Sentinel-2,S2C_44QLJ_20251118_0_L2A,train,data\expanded_v2\tiles\nagpur\images\nagpur_00045_rgb.png,data\expanded_v2\tiles\nagpur\images\nagpur_00045_rgbn.npy,data\expanded_v2\tiles\nagpur\masks\nagpur_00045_mask.png,384,768,256,10,0.3999786376953125,geographic_aoi_v2
nagpur_00046,nagpur,Sentinel-2,S2C_44QLJ_20251118_0_L2A,train,data\expanded_v2\tiles\nagpur\images\nagpur_00046_rgb.png,data\expanded_v2\tiles\nagpur\images\nagpur_00046_rgbn.npy,data\expanded_v2\tiles\nagpur\masks\nagpur_00046_mask.png,384,896,256,10,0.4359283447265625,geographic_aoi_v2
nagpur_00047,nagpur,Sentinel-2,S2C_44QLJ_20251118_0_L2A,train,data\expanded_v2\tiles\nagpur\images\nagpur_00047_rgb.png,data\expanded_v2\tiles\nagpur\images\nagpur_00047_rgbn.npy,data\expanded_v2\tiles\nagpur\masks\nagpur_00047_mask.png,384,1024,256,10,0.406524658203125,geographic_aoi_v2
nagpur_00048,nagpur,Sentinel-2,S2C_44QLJ_20251118_0_L2A,train,data\expanded_v2\tiles\nagpur\images\nagpur_00048_rgb.png,data\expanded_v2\tiles\nagpur\images\nagpur_00048_rgbn.npy,data\expanded_v2\tiles\nagpur\masks\nagpur_00048_mask.png,384,1152,256,10,0.4222412109375,geographic_aoi_v2
nagpur_00049,nagpur,Sentinel-2,S2C_44QLJ_20251118_0_L2A,train,data\expanded_v2\tiles\nagpur\images\nagpur_00049_rgb.png,data\expanded_v2\tiles\nagpur\images\nagpur_00049_rgbn.npy,data\expanded_v2\tiles\nagpur\masks\nagpur_00049_mask.png,384,1280,256,10,0.35577392578125,geographic_aoi_v2
nagpur_00050,nagpur,Sentinel-2,S2C_44QLJ_20251118_0_L2A,train,data\expanded_v2\tiles\nagpur\images\nagpur_00050_rgb.png,data\expanded_v2\tiles\nagpur\images\nagpur_00050_rgbn.npy,data\expanded_v2\tiles\nagpur\masks\nagpur_00050_mask.png,384,1408,256,10,0.2936248779296875,geographic_aoi_v2
nagpur_00051,nagpur,Sentinel-2,S2C_44QLJ_20251118_0_L2A,train,data\expanded_v2\tiles\nagpur\images\nagpur_00051_rgb.png,data\expanded_v2\tiles\nagpur\images\nagpur_00051_rgbn.npy,data\expanded_v2\tiles\nagpur\masks\nagpur_00051_mask.png,384,1536,256,10,0.225982666015625,geographic_aoi_v2
nagpur_00052,nagpur,Sentinel-2,S2C_44QLJ_20251118_0_L2A,train,data\expanded_v2\tiles\nagpur\images\nagpur_00052_rgb.png,data\expanded_v2\tiles\nagpur\images\nagpur_00052_rgbn.npy,data\expanded_v2\tiles\nagpur\masks\nagpur_00052_mask.png,512,0,256,10,0.243896484375,geographic_aoi_v2
nagpur_00053,nagpur,Sentinel-2,S2C_44QLJ_20251118_0_L2A,train,data\expanded_v2\tiles\nagpur\images\nagpur_00053_rgb.png,data\expanded_v2\tiles\nagpur\images\nagpur_00053_rgbn.npy,data\expanded_v2\tiles\nagpur\masks\nagpur_00053_mask.png,512,128,256,10,0.2403411865234375,geographic_aoi_v2
nagpur_00054,nagpur,Sentinel-2,S2C_44QLJ_20251118_0_L2A,train,data\expanded_v2\tiles\nagpur\images\nagpur_00054_rgb.png,data\expanded_v2\tiles\nagpur\images\nagpur_00054_rgbn.npy,data\expanded_v2\tiles\nagpur\masks\nagpur_00054_mask.png,512,256,256,10,0.290802001953125,geographic_aoi_v2
nagpur_00055,nagpur,Sentinel-2,S2C_44QLJ_20251118_0_L2A,train,data\expanded_v2\tiles\nagpur\images\nagpur_00055_rgb.png,data\expanded_v2\tiles\nagpur\images\nagpur_00055_rgbn.npy,data\expanded_v2\tiles\nagpur\masks\nagpur_00055_mask.png,512,384,256,10,0.2431640625,geographic_aoi_v2
nagpur_00056,nagpur,Sentinel-2,S2C_44QLJ_20251118_0_L2A,train,data\expanded_v2\tiles\nagpur\images\nagpur_00056_rgb.png,data\expanded_v2\tiles\nagpur\images\nagpur_00056_rgbn.npy,data\expanded_v2\tiles\nagpur\masks\nagpur_00056_mask.png,512,512,256,10,0.2037353515625,geographic_aoi_v2
nagpur_00057,nagpur,Sentinel-2,S2C_44QLJ_20251118_0_L2A,train,data\expanded_v2\tiles\nagpur\images\nagpur_00057_rgb.png,data\expanded_v2\tiles\nagpur\images\nagpur_00057_rgbn.npy,data\expanded_v2\tiles\nagpur\masks\nagpur_00057_mask.png,512,640,256,10,0.255950927734375,geographic_aoi_v2
nagpur_00058,nagpur,Sentinel-2,S2C_44QLJ_20251118_0_L2A,train,data\expanded_v2\tiles\nagpur\images\nagpur_00058_rgb.png,data\expanded_v2\tiles\nagpur\images\nagpur_00058_rgbn.npy,data\expanded_v2\tiles\nagpur\masks\nagpur_00058_mask.png,512,768,256,10,0.334014892578125,geographic_aoi_v2
nagpur_00059,nagpur,Sentinel-2,S2C_44QLJ_20251118_0_L2A,train,data\expanded_v2\tiles\nagpur\images\nagpur_00059_rgb.png,data\expanded_v2\tiles\nagpur\images\nagpur_00059_rgbn.npy,data\expanded_v2\tiles\nagpur\masks\nagpur_00059_mask.png,512,896,256,10,0.3724365234375,geographic_aoi_v2
nagpur_00060,nagpur,Sentinel-2,S2C_44QLJ_20251118_0_L2A,train,data\expanded_v2\tiles\nagpur\images\nagpur_00060_rgb.png,data\expanded_v2\tiles\nagpur\images\nagpur_00060_rgbn.npy,data\expanded_v2\tiles\nagpur\masks\nagpur_00060_mask.png,512,1024,256,10,0.3975067138671875,geographic_aoi_v2
nagpur_00061,nagpur,Sentinel-2,S2C_44QLJ_20251118_0_L2A,train,data\expanded_v2\tiles\nagpur\images\nagpur_00061_rgb.png,data\expanded_v2\tiles\nagpur\images\nagpur_00061_rgbn.npy,data\expanded_v2\tiles\nagpur\masks\nagpur_00061_mask.png,512,1152,256,10,0.422943115234375,geographic_aoi_v2
nagpur_00062,nagpur,Sentinel-2,S2C_44QLJ_20251118_0_L2A,train,data\expanded_v2\tiles\nagpur\images\nagpur_00062_rgb.png,data\expanded_v2\tiles\nagpur\images\nagpur_00062_rgbn.npy,data\expanded_v2\tiles\nagpur\masks\nagpur_00062_mask.png,512,1280,256,10,0.361114501953125,geographic_aoi_v2
nagpur_00063,nagpur,Sentinel-2,S2C_44QLJ_20251118_0_L2A,train,data\expanded_v2\tiles\nagpur\images\nagpur_00063_rgb.png,data\expanded_v2\tiles\nagpur\images\nagpur_00063_rgbn.npy,data\expanded_v2\tiles\nagpur\masks\nagpur_00063_mask.png,512,1408,256,10,0.3292083740234375,geographic_aoi_v2
nagpur_00064,nagpur,Sentinel-2,S2C_44QLJ_20251118_0_L2A,train,data\expanded_v2\tiles\nagpur\images\nagpur_00064_rgb.png,data\expanded_v2\tiles\nagpur\images\nagpur_00064_rgbn.npy,data\expanded_v2\tiles\nagpur\masks\nagpur_00064_mask.png,512,1536,256,10,0.3273773193359375,geographic_aoi_v2
nagpur_00065,nagpur,Sentinel-2,S2C_44QLJ_20251118_0_L2A,train,data\expanded_v2\tiles\nagpur\images\nagpur_00065_rgb.png,data\expanded_v2\tiles\nagpur\images\nagpur_00065_rgbn.npy,data\expanded_v2\tiles\nagpur\masks\nagpur_00065_mask.png,640,0,256,10,0.238494873046875,geographic_aoi_v2
nagpur_00066,nagpur,Sentinel-2,S2C_44QLJ_20251118_0_L2A,train,data\expanded_v2\tiles\nagpur\images\nagpur_00066_rgb.png,data\expanded_v2\tiles\nagpur\images\nagpur_00066_rgbn.npy,data\expanded_v2\tiles\nagpur\masks\nagpur_00066_mask.png,640,128,256,10,0.1435394287109375,geographic_aoi_v2
nagpur_00067,nagpur,Sentinel-2,S2C_44QLJ_20251118_0_L2A,train,data\expanded_v2\tiles\nagpur\images\nagpur_00067_rgb.png,data\expanded_v2\tiles\nagpur\images\nagpur_00067_rgbn.npy,data\expanded_v2\tiles\nagpur\masks\nagpur_00067_mask.png,640,256,256,10,0.13873291015625,geographic_aoi_v2
nagpur_00068,nagpur,Sentinel-2,S2C_44QLJ_20251118_0_L2A,train,data\expanded_v2\tiles\nagpur\images\nagpur_00068_rgb.png,data\expanded_v2\tiles\nagpur\images\nagpur_00068_rgbn.npy,data\expanded_v2\tiles\nagpur\masks\nagpur_00068_mask.png,640,384,256,10,0.1874847412109375,geographic_aoi_v2
nagpur_00069,nagpur,Sentinel-2,S2C_44QLJ_20251118_0_L2A,train,data\expanded_v2\tiles\nagpur\images\nagpur_00069_rgb.png,data\expanded_v2\tiles\nagpur\images\nagpur_00069_rgbn.npy,data\expanded_v2\tiles\nagpur\masks\nagpur_00069_mask.png,640,512,256,10,0.22650146484375,geographic_aoi_v2
nagpur_00070,nagpur,Sentinel-2,S2C_44QLJ_20251118_0_L2A,train,data\expanded_v2\tiles\nagpur\images\nagpur_00070_rgb.png,data\expanded_v2\tiles\nagpur\images\nagpur_00070_rgbn.npy,data\expanded_v2\tiles\nagpur\masks\nagpur_00070_mask.png,640,640,256,10,0.2516326904296875,geographic_aoi_v2
nagpur_00071,nagpur,Sentinel-2,S2C_44QLJ_20251118_0_L2A,train,data\expanded_v2\tiles\nagpur\images\nagpur_00071_rgb.png,data\expanded_v2\tiles\nagpur\images\nagpur_00071_rgbn.npy,data\expanded_v2\tiles\nagpur\masks\nagpur_00071_mask.png,640,768,256,10,0.2906951904296875,geographic_aoi_v2
nagpur_00072,nagpur,Sentinel-2,S2C_44QLJ_20251118_0_L2A,train,data\expanded_v2\tiles\nagpur\images\nagpur_00072_rgb.png,data\expanded_v2\tiles\nagpur\images\nagpur_00072_rgbn.npy,data\expanded_v2\tiles\nagpur\masks\nagpur_00072_mask.png,640,896,256,10,0.3510589599609375,geographic_aoi_v2
nagpur_00073,nagpur,Sentinel-2,S2C_44QLJ_20251118_0_L2A,train,data\expanded_v2\tiles\nagpur\images\nagpur_00073_rgb.png,data\expanded_v2\tiles\nagpur\images\nagpur_00073_rgbn.npy,data\expanded_v2\tiles\nagpur\masks\nagpur_00073_mask.png,640,1024,256,10,0.40252685546875,geographic_aoi_v2
nagpur_00074,nagpur,Sentinel-2,S2C_44QLJ_20251118_0_L2A,train,data\expanded_v2\tiles\nagpur\images\nagpur_00074_rgb.png,data\expanded_v2\tiles\nagpur\images\nagpur_00074_rgbn.npy,data\expanded_v2\tiles\nagpur\masks\nagpur_00074_mask.png,640,1152,256,10,0.395050048828125,geographic_aoi_v2
nagpur_00075,nagpur,Sentinel-2,S2C_44QLJ_20251118_0_L2A,train,data\expanded_v2\tiles\nagpur\images\nagpur_00075_rgb.png,data\expanded_v2\tiles\nagpur\images\nagpur_00075_rgbn.npy,data\expanded_v2\tiles\nagpur\masks\nagpur_00075_mask.png,640,1280,256,10,0.38873291015625,geographic_aoi_v2
nagpur_00076,nagpur,Sentinel-2,S2C_44QLJ_20251118_0_L2A,train,data\expanded_v2\tiles\nagpur\images\nagpur_00076_rgb.png,data\expanded_v2\tiles\nagpur\images\nagpur_00076_rgbn.npy,data\expanded_v2\tiles\nagpur\masks\nagpur_00076_mask.png,640,1408,256,10,0.396942138671875,geographic_aoi_v2
nagpur_00077,nagpur,Sentinel-2,S2C_44QLJ_20251118_0_L2A,train,data\expanded_v2\tiles\nagpur\images\nagpur_00077_rgb.png,data\expanded_v2\tiles\nagpur\images\nagpur_00077_rgbn.npy,data\expanded_v2\tiles\nagpur\masks\nagpur_00077_mask.png,640,1536,256,10,0.38433837890625,geographic_aoi_v2
nagpur_00078,nagpur,Sentinel-2,S2C_44QLJ_20251118_0_L2A,train,data\expanded_v2\tiles\nagpur\images\nagpur_00078_rgb.png,data\expanded_v2\tiles\nagpur\images\nagpur_00078_rgbn.npy,data\expanded_v2\tiles\nagpur\masks\nagpur_00078_mask.png,768,0,256,10,0.12786865234375,geographic_aoi_v2
nagpur_00079,nagpur,Sentinel-2,S2C_44QLJ_20251118_0_L2A,train,data\expanded_v2\tiles\nagpur\images\nagpur_00079_rgb.png,data\expanded_v2\tiles\nagpur\images\nagpur_00079_rgbn.npy,data\expanded_v2\tiles\nagpur\masks\nagpur_00079_mask.png,768,128,256,10,0.0484771728515625,geographic_aoi_v2
nagpur_00080,nagpur,Sentinel-2,S2C_44QLJ_20251118_0_L2A,train,data\expanded_v2\tiles\nagpur\images\nagpur_00080_rgb.png,data\expanded_v2\tiles\nagpur\images\nagpur_00080_rgbn.npy,data\expanded_v2\tiles\nagpur\masks\nagpur_00080_mask.png,768,256,256,10,0.10302734375,geographic_aoi_v2
nagpur_00081,nagpur,Sentinel-2,S2C_44QLJ_20251118_0_L2A,train,data\expanded_v2\tiles\nagpur\images\nagpur_00081_rgb.png,data\expanded_v2\tiles\nagpur\images\nagpur_00081_rgbn.npy,data\expanded_v2\tiles\nagpur\masks\nagpur_00081_mask.png,768,384,256,10,0.249298095703125,geographic_aoi_v2
nagpur_00082,nagpur,Sentinel-2,S2C_44QLJ_20251118_0_L2A,train,data\expanded_v2\tiles\nagpur\images\nagpur_00082_rgb.png,data\expanded_v2\tiles\nagpur\images\nagpur_00082_rgbn.npy,data\expanded_v2\tiles\nagpur\masks\nagpur_00082_mask.png,768,512,256,10,0.2980499267578125,geographic_aoi_v2
nagpur_00083,nagpur,Sentinel-2,S2C_44QLJ_20251118_0_L2A,train,data\expanded_v2\tiles\nagpur\images\nagpur_00083_rgb.png,data\expanded_v2\tiles\nagpur\images\nagpur_00083_rgbn.npy,data\expanded_v2\tiles\nagpur\masks\nagpur_00083_mask.png,768,640,256,10,0.2747650146484375,geographic_aoi_v2
nagpur_00084,nagpur,Sentinel-2,S2C_44QLJ_20251118_0_L2A,train,data\expanded_v2\tiles\nagpur\images\nagpur_00084_rgb.png,data\expanded_v2\tiles\nagpur\images\nagpur_00084_rgbn.npy,data\expanded_v2\tiles\nagpur\masks\nagpur_00084_mask.png,768,768,256,10,0.298095703125,geographic_aoi_v2
nagpur_00085,nagpur,Sentinel-2,S2C_44QLJ_20251118_0_L2A,train,data\expanded_v2\tiles\nagpur\images\nagpur_00085_rgb.png,data\expanded_v2\tiles\nagpur\images\nagpur_00085_rgbn.npy,data\expanded_v2\tiles\nagpur\masks\nagpur_00085_mask.png,768,896,256,10,0.3660125732421875,geographic_aoi_v2
nagpur_00086,nagpur,Sentinel-2,S2C_44QLJ_20251118_0_L2A,train,data\expanded_v2\tiles\nagpur\images\nagpur_00086_rgb.png,data\expanded_v2\tiles\nagpur\images\nagpur_00086_rgbn.npy,data\expanded_v2\tiles\nagpur\masks\nagpur_00086_mask.png,768,1024,256,10,0.427459716796875,geographic_aoi_v2
nagpur_00087,nagpur,Sentinel-2,S2C_44QLJ_20251118_0_L2A,train,data\expanded_v2\tiles\nagpur\images\nagpur_00087_rgb.png,data\expanded_v2\tiles\nagpur\images\nagpur_00087_rgbn.npy,data\expanded_v2\tiles\nagpur\masks\nagpur_00087_mask.png,768,1152,256,10,0.415863037109375,geographic_aoi_v2
nagpur_00088,nagpur,Sentinel-2,S2C_44QLJ_20251118_0_L2A,train,data\expanded_v2\tiles\nagpur\images\nagpur_00088_rgb.png,data\expanded_v2\tiles\nagpur\images\nagpur_00088_rgbn.npy,data\expanded_v2\tiles\nagpur\masks\nagpur_00088_mask.png,768,1280,256,10,0.4028778076171875,geographic_aoi_v2
nagpur_00089,nagpur,Sentinel-2,S2C_44QLJ_20251118_0_L2A,train,data\expanded_v2\tiles\nagpur\images\nagpur_00089_rgb.png,data\expanded_v2\tiles\nagpur\images\nagpur_00089_rgbn.npy,data\expanded_v2\tiles\nagpur\masks\nagpur_00089_mask.png,768,1408,256,10,0.3905792236328125,geographic_aoi_v2
nagpur_00090,nagpur,Sentinel-2,S2C_44QLJ_20251118_0_L2A,train,data\expanded_v2\tiles\nagpur\images\nagpur_00090_rgb.png,data\expanded_v2\tiles\nagpur\images\nagpur_00090_rgbn.npy,data\expanded_v2\tiles\nagpur\masks\nagpur_00090_mask.png,768,1536,256,10,0.371185302734375,geographic_aoi_v2
nagpur_00091,nagpur,Sentinel-2,S2C_44QLJ_20251118_0_L2A,train,data\expanded_v2\tiles\nagpur\images\nagpur_00091_rgb.png,data\expanded_v2\tiles\nagpur\images\nagpur_00091_rgbn.npy,data\expanded_v2\tiles\nagpur\masks\nagpur_00091_mask.png,896,0,256,10,0.0660552978515625,geographic_aoi_v2
nagpur_00092,nagpur,Sentinel-2,S2C_44QLJ_20251118_0_L2A,train,data\expanded_v2\tiles\nagpur\images\nagpur_00092_rgb.png,data\expanded_v2\tiles\nagpur\images\nagpur_00092_rgbn.npy,data\expanded_v2\tiles\nagpur\masks\nagpur_00092_mask.png,896,128,256,10,0.025634765625,geographic_aoi_v2
nagpur_00093,nagpur,Sentinel-2,S2C_44QLJ_20251118_0_L2A,train,data\expanded_v2\tiles\nagpur\images\nagpur_00093_rgb.png,data\expanded_v2\tiles\nagpur\images\nagpur_00093_rgbn.npy,data\expanded_v2\tiles\nagpur\masks\nagpur_00093_mask.png,896,256,256,10,0.1023406982421875,geographic_aoi_v2
nagpur_00094,nagpur,Sentinel-2,S2C_44QLJ_20251118_0_L2A,train,data\expanded_v2\tiles\nagpur\images\nagpur_00094_rgb.png,data\expanded_v2\tiles\nagpur\images\nagpur_00094_rgbn.npy,data\expanded_v2\tiles\nagpur\masks\nagpur_00094_mask.png,896,384,256,10,0.2566680908203125,geographic_aoi_v2
nagpur_00095,nagpur,Sentinel-2,S2C_44QLJ_20251118_0_L2A,train,data\expanded_v2\tiles\nagpur\images\nagpur_00095_rgb.png,data\expanded_v2\tiles\nagpur\images\nagpur_00095_rgbn.npy,data\expanded_v2\tiles\nagpur\masks\nagpur_00095_mask.png,896,512,256,10,0.2914581298828125,geographic_aoi_v2
nagpur_00096,nagpur,Sentinel-2,S2C_44QLJ_20251118_0_L2A,train,data\expanded_v2\tiles\nagpur\images\nagpur_00096_rgb.png,data\expanded_v2\tiles\nagpur\images\nagpur_00096_rgbn.npy,data\expanded_v2\tiles\nagpur\masks\nagpur_00096_mask.png,896,640,256,10,0.258453369140625,geographic_aoi_v2
nagpur_00097,nagpur,Sentinel-2,S2C_44QLJ_20251118_0_L2A,train,data\expanded_v2\tiles\nagpur\images\nagpur_00097_rgb.png,data\expanded_v2\tiles\nagpur\images\nagpur_00097_rgbn.npy,data\expanded_v2\tiles\nagpur\masks\nagpur_00097_mask.png,896,768,256,10,0.29571533203125,geographic_aoi_v2
nagpur_00098,nagpur,Sentinel-2,S2C_44QLJ_20251118_0_L2A,train,data\expanded_v2\tiles\nagpur\images\nagpur_00098_rgb.png,data\expanded_v2\tiles\nagpur\images\nagpur_00098_rgbn.npy,data\expanded_v2\tiles\nagpur\masks\nagpur_00098_mask.png,896,896,256,10,0.3716278076171875,geographic_aoi_v2
nagpur_00099,nagpur,Sentinel-2,S2C_44QLJ_20251118_0_L2A,train,data\expanded_v2\tiles\nagpur\images\nagpur_00099_rgb.png,data\expanded_v2\tiles\nagpur\images\nagpur_00099_rgbn.npy,data\expanded_v2\tiles\nagpur\masks\nagpur_00099_mask.png,896,1024,256,10,0.437957763671875,geographic_aoi_v2
nagpur_00100,nagpur,Sentinel-2,S2C_44QLJ_20251118_0_L2A,train,data\expanded_v2\tiles\nagpur\images\nagpur_00100_rgb.png,data\expanded_v2\tiles\nagpur\images\nagpur_00100_rgbn.npy,data\expanded_v2\tiles\nagpur\masks\nagpur_00100_mask.png,896,1152,256,10,0.4542999267578125,geographic_aoi_v2
nagpur_00101,nagpur,Sentinel-2,S2C_44QLJ_20251118_0_L2A,train,data\expanded_v2\tiles\nagpur\images\nagpur_00101_rgb.png,data\expanded_v2\tiles\nagpur\images\nagpur_00101_rgbn.npy,data\expanded_v2\tiles\nagpur\masks\nagpur_00101_mask.png,896,1280,256,10,0.4383087158203125,geographic_aoi_v2
nagpur_00102,nagpur,Sentinel-2,S2C_44QLJ_20251118_0_L2A,train,data\expanded_v2\tiles\nagpur\images\nagpur_00102_rgb.png,data\expanded_v2\tiles\nagpur\images\nagpur_00102_rgbn.npy,data\expanded_v2\tiles\nagpur\masks\nagpur_00102_mask.png,896,1408,256,10,0.338165283203125,geographic_aoi_v2
nagpur_00103,nagpur,Sentinel-2,S2C_44QLJ_20251118_0_L2A,train,data\expanded_v2\tiles\nagpur\images\nagpur_00103_rgb.png,data\expanded_v2\tiles\nagpur\images\nagpur_00103_rgbn.npy,data\expanded_v2\tiles\nagpur\masks\nagpur_00103_mask.png,896,1536,256,10,0.2886505126953125,geographic_aoi_v2
nagpur_00104,nagpur,Sentinel-2,S2C_44QLJ_20251118_0_L2A,train,data\expanded_v2\tiles\nagpur\images\nagpur_00104_rgb.png,data\expanded_v2\tiles\nagpur\images\nagpur_00104_rgbn.npy,data\expanded_v2\tiles\nagpur\masks\nagpur_00104_mask.png,1024,0,256,10,0.1794281005859375,geographic_aoi_v2
nagpur_00105,nagpur,Sentinel-2,S2C_44QLJ_20251118_0_L2A,train,data\expanded_v2\tiles\nagpur\images\nagpur_00105_rgb.png,data\expanded_v2\tiles\nagpur\images\nagpur_00105_rgbn.npy,data\expanded_v2\tiles\nagpur\masks\nagpur_00105_mask.png,1024,128,256,10,0.1914215087890625,geographic_aoi_v2
nagpur_00106,nagpur,Sentinel-2,S2C_44QLJ_20251118_0_L2A,train,data\expanded_v2\tiles\nagpur\images\nagpur_00106_rgb.png,data\expanded_v2\tiles\nagpur\images\nagpur_00106_rgbn.npy,data\expanded_v2\tiles\nagpur\masks\nagpur_00106_mask.png,1024,256,256,10,0.2640228271484375,geographic_aoi_v2
nagpur_00107,nagpur,Sentinel-2,S2C_44QLJ_20251118_0_L2A,train,data\expanded_v2\tiles\nagpur\images\nagpur_00107_rgb.png,data\expanded_v2\tiles\nagpur\images\nagpur_00107_rgbn.npy,data\expanded_v2\tiles\nagpur\masks\nagpur_00107_mask.png,1024,384,256,10,0.330230712890625,geographic_aoi_v2
nagpur_00108,nagpur,Sentinel-2,S2C_44QLJ_20251118_0_L2A,train,data\expanded_v2\tiles\nagpur\images\nagpur_00108_rgb.png,data\expanded_v2\tiles\nagpur\images\nagpur_00108_rgbn.npy,data\expanded_v2\tiles\nagpur\masks\nagpur_00108_mask.png,1024,512,256,10,0.3301239013671875,geographic_aoi_v2
nagpur_00109,nagpur,Sentinel-2,S2C_44QLJ_20251118_0_L2A,train,data\expanded_v2\tiles\nagpur\images\nagpur_00109_rgb.png,data\expanded_v2\tiles\nagpur\images\nagpur_00109_rgbn.npy,data\expanded_v2\tiles\nagpur\masks\nagpur_00109_mask.png,1024,640,256,10,0.28045654296875,geographic_aoi_v2
nagpur_00110,nagpur,Sentinel-2,S2C_44QLJ_20251118_0_L2A,train,data\expanded_v2\tiles\nagpur\images\nagpur_00110_rgb.png,data\expanded_v2\tiles\nagpur\images\nagpur_00110_rgbn.npy,data\expanded_v2\tiles\nagpur\masks\nagpur_00110_mask.png,1024,768,256,10,0.3281402587890625,geographic_aoi_v2
nagpur_00111,nagpur,Sentinel-2,S2C_44QLJ_20251118_0_L2A,train,data\expanded_v2\tiles\nagpur\images\nagpur_00111_rgb.png,data\expanded_v2\tiles\nagpur\images\nagpur_00111_rgbn.npy,data\expanded_v2\tiles\nagpur\masks\nagpur_00111_mask.png,1024,896,256,10,0.44091796875,geographic_aoi_v2
nagpur_00112,nagpur,Sentinel-2,S2C_44QLJ_20251118_0_L2A,train,data\expanded_v2\tiles\nagpur\images\nagpur_00112_rgb.png,data\expanded_v2\tiles\nagpur\images\nagpur_00112_rgbn.npy,data\expanded_v2\tiles\nagpur\masks\nagpur_00112_mask.png,1024,1024,256,10,0.4779052734375,geographic_aoi_v2
nagpur_00113,nagpur,Sentinel-2,S2C_44QLJ_20251118_0_L2A,train,data\expanded_v2\tiles\nagpur\images\nagpur_00113_rgb.png,data\expanded_v2\tiles\nagpur\images\nagpur_00113_rgbn.npy,data\expanded_v2\tiles\nagpur\masks\nagpur_00113_mask.png,1024,1152,256,10,0.489898681640625,geographic_aoi_v2
nagpur_00114,nagpur,Sentinel-2,S2C_44QLJ_20251118_0_L2A,train,data\expanded_v2\tiles\nagpur\images\nagpur_00114_rgb.png,data\expanded_v2\tiles\nagpur\images\nagpur_00114_rgbn.npy,data\expanded_v2\tiles\nagpur\masks\nagpur_00114_mask.png,1024,1280,256,10,0.49896240234375,geographic_aoi_v2
nagpur_00115,nagpur,Sentinel-2,S2C_44QLJ_20251118_0_L2A,train,data\expanded_v2\tiles\nagpur\images\nagpur_00115_rgb.png,data\expanded_v2\tiles\nagpur\images\nagpur_00115_rgbn.npy,data\expanded_v2\tiles\nagpur\masks\nagpur_00115_mask.png,1024,1408,256,10,0.3404693603515625,geographic_aoi_v2
nagpur_00116,nagpur,Sentinel-2,S2C_44QLJ_20251118_0_L2A,train,data\expanded_v2\tiles\nagpur\images\nagpur_00116_rgb.png,data\expanded_v2\tiles\nagpur\images\nagpur_00116_rgbn.npy,data\expanded_v2\tiles\nagpur\masks\nagpur_00116_mask.png,1024,1536,256,10,0.1761322021484375,geographic_aoi_v2
nagpur_00117,nagpur,Sentinel-2,S2C_44QLJ_20251118_0_L2A,train,data\expanded_v2\tiles\nagpur\images\nagpur_00117_rgb.png,data\expanded_v2\tiles\nagpur\images\nagpur_00117_rgbn.npy,data\expanded_v2\tiles\nagpur\masks\nagpur_00117_mask.png,1152,0,256,10,0.2755889892578125,geographic_aoi_v2
nagpur_00118,nagpur,Sentinel-2,S2C_44QLJ_20251118_0_L2A,train,data\expanded_v2\tiles\nagpur\images\nagpur_00118_rgb.png,data\expanded_v2\tiles\nagpur\images\nagpur_00118_rgbn.npy,data\expanded_v2\tiles\nagpur\masks\nagpur_00118_mask.png,1152,128,256,10,0.2516326904296875,geographic_aoi_v2
nagpur_00119,nagpur,Sentinel-2,S2C_44QLJ_20251118_0_L2A,train,data\expanded_v2\tiles\nagpur\images\nagpur_00119_rgb.png,data\expanded_v2\tiles\nagpur\images\nagpur_00119_rgbn.npy,data\expanded_v2\tiles\nagpur\masks\nagpur_00119_mask.png,1152,256,256,10,0.3229217529296875,geographic_aoi_v2
nagpur_00120,nagpur,Sentinel-2,S2C_44QLJ_20251118_0_L2A,train,data\expanded_v2\tiles\nagpur\images\nagpur_00120_rgb.png,data\expanded_v2\tiles\nagpur\images\nagpur_00120_rgbn.npy,data\expanded_v2\tiles\nagpur\masks\nagpur_00120_mask.png,1152,384,256,10,0.37237548828125,geographic_aoi_v2
nagpur_00121,nagpur,Sentinel-2,S2C_44QLJ_20251118_0_L2A,train,data\expanded_v2\tiles\nagpur\images\nagpur_00121_rgb.png,data\expanded_v2\tiles\nagpur\images\nagpur_00121_rgbn.npy,data\expanded_v2\tiles\nagpur\masks\nagpur_00121_mask.png,1152,512,256,10,0.37347412109375,geographic_aoi_v2
nagpur_00122,nagpur,Sentinel-2,S2C_44QLJ_20251118_0_L2A,train,data\expanded_v2\tiles\nagpur\images\nagpur_00122_rgb.png,data\expanded_v2\tiles\nagpur\images\nagpur_00122_rgbn.npy,data\expanded_v2\tiles\nagpur\masks\nagpur_00122_mask.png,1152,640,256,10,0.384796142578125,geographic_aoi_v2
nagpur_00123,nagpur,Sentinel-2,S2C_44QLJ_20251118_0_L2A,train,data\expanded_v2\tiles\nagpur\images\nagpur_00123_rgb.png,data\expanded_v2\tiles\nagpur\images\nagpur_00123_rgbn.npy,data\expanded_v2\tiles\nagpur\masks\nagpur_00123_mask.png,1152,768,256,10,0.440399169921875,geographic_aoi_v2
nagpur_00124,nagpur,Sentinel-2,S2C_44QLJ_20251118_0_L2A,train,data\expanded_v2\tiles\nagpur\images\nagpur_00124_rgb.png,data\expanded_v2\tiles\nagpur\images\nagpur_00124_rgbn.npy,data\expanded_v2\tiles\nagpur\masks\nagpur_00124_mask.png,1152,896,256,10,0.5051116943359375,geographic_aoi_v2
nagpur_00125,nagpur,Sentinel-2,S2C_44QLJ_20251118_0_L2A,train,data\expanded_v2\tiles\nagpur\images\nagpur_00125_rgb.png,data\expanded_v2\tiles\nagpur\images\nagpur_00125_rgbn.npy,data\expanded_v2\tiles\nagpur\masks\nagpur_00125_mask.png,1152,1024,256,10,0.5107879638671875,geographic_aoi_v2
nagpur_00126,nagpur,Sentinel-2,S2C_44QLJ_20251118_0_L2A,train,data\expanded_v2\tiles\nagpur\images\nagpur_00126_rgb.png,data\expanded_v2\tiles\nagpur\images\nagpur_00126_rgbn.npy,data\expanded_v2\tiles\nagpur\masks\nagpur_00126_mask.png,1152,1152,256,10,0.5108795166015625,geographic_aoi_v2
nagpur_00127,nagpur,Sentinel-2,S2C_44QLJ_20251118_0_L2A,train,data\expanded_v2\tiles\nagpur\images\nagpur_00127_rgb.png,data\expanded_v2\tiles\nagpur\images\nagpur_00127_rgbn.npy,data\expanded_v2\tiles\nagpur\masks\nagpur_00127_mask.png,1152,1280,256,10,0.46990966796875,geographic_aoi_v2
nagpur_00128,nagpur,Sentinel-2,S2C_44QLJ_20251118_0_L2A,train,data\expanded_v2\tiles\nagpur\images\nagpur_00128_rgb.png,data\expanded_v2\tiles\nagpur\images\nagpur_00128_rgbn.npy,data\expanded_v2\tiles\nagpur\masks\nagpur_00128_mask.png,1152,1408,256,10,0.3254852294921875,geographic_aoi_v2
nagpur_00129,nagpur,Sentinel-2,S2C_44QLJ_20251118_0_L2A,train,data\expanded_v2\tiles\nagpur\images\nagpur_00129_rgb.png,data\expanded_v2\tiles\nagpur\images\nagpur_00129_rgbn.npy,data\expanded_v2\tiles\nagpur\masks\nagpur_00129_mask.png,1152,1536,256,10,0.1478118896484375,geographic_aoi_v2
nagpur_00130,nagpur,Sentinel-2,S2C_44QLJ_20251118_0_L2A,train,data\expanded_v2\tiles\nagpur\images\nagpur_00130_rgb.png,data\expanded_v2\tiles\nagpur\images\nagpur_00130_rgbn.npy,data\expanded_v2\tiles\nagpur\masks\nagpur_00130_mask.png,1280,0,256,10,0.195404052734375,geographic_aoi_v2
nagpur_00131,nagpur,Sentinel-2,S2C_44QLJ_20251118_0_L2A,train,data\expanded_v2\tiles\nagpur\images\nagpur_00131_rgb.png,data\expanded_v2\tiles\nagpur\images\nagpur_00131_rgbn.npy,data\expanded_v2\tiles\nagpur\masks\nagpur_00131_mask.png,1280,128,256,10,0.113037109375,geographic_aoi_v2
nagpur_00132,nagpur,Sentinel-2,S2C_44QLJ_20251118_0_L2A,train,data\expanded_v2\tiles\nagpur\images\nagpur_00132_rgb.png,data\expanded_v2\tiles\nagpur\images\nagpur_00132_rgbn.npy,data\expanded_v2\tiles\nagpur\masks\nagpur_00132_mask.png,1280,256,256,10,0.1434783935546875,geographic_aoi_v2
nagpur_00133,nagpur,Sentinel-2,S2C_44QLJ_20251118_0_L2A,train,data\expanded_v2\tiles\nagpur\images\nagpur_00133_rgb.png,data\expanded_v2\tiles\nagpur\images\nagpur_00133_rgbn.npy,data\expanded_v2\tiles\nagpur\masks\nagpur_00133_mask.png,1280,384,256,10,0.207794189453125,geographic_aoi_v2
nagpur_00134,nagpur,Sentinel-2,S2C_44QLJ_20251118_0_L2A,train,data\expanded_v2\tiles\nagpur\images\nagpur_00134_rgb.png,data\expanded_v2\tiles\nagpur\images\nagpur_00134_rgbn.npy,data\expanded_v2\tiles\nagpur\masks\nagpur_00134_mask.png,1280,512,256,10,0.308807373046875,geographic_aoi_v2
nagpur_00135,nagpur,Sentinel-2,S2C_44QLJ_20251118_0_L2A,train,data\expanded_v2\tiles\nagpur\images\nagpur_00135_rgb.png,data\expanded_v2\tiles\nagpur\images\nagpur_00135_rgbn.npy,data\expanded_v2\tiles\nagpur\masks\nagpur_00135_mask.png,1280,640,256,10,0.4185333251953125,geographic_aoi_v2
nagpur_00136,nagpur,Sentinel-2,S2C_44QLJ_20251118_0_L2A,train,data\expanded_v2\tiles\nagpur\images\nagpur_00136_rgb.png,data\expanded_v2\tiles\nagpur\images\nagpur_00136_rgbn.npy,data\expanded_v2\tiles\nagpur\masks\nagpur_00136_mask.png,1280,768,256,10,0.43121337890625,geographic_aoi_v2
nagpur_00137,nagpur,Sentinel-2,S2C_44QLJ_20251118_0_L2A,train,data\expanded_v2\tiles\nagpur\images\nagpur_00137_rgb.png,data\expanded_v2\tiles\nagpur\images\nagpur_00137_rgbn.npy,data\expanded_v2\tiles\nagpur\masks\nagpur_00137_mask.png,1280,896,256,10,0.4383697509765625,geographic_aoi_v2
nagpur_00138,nagpur,Sentinel-2,S2C_44QLJ_20251118_0_L2A,train,data\expanded_v2\tiles\nagpur\images\nagpur_00138_rgb.png,data\expanded_v2\tiles\nagpur\images\nagpur_00138_rgbn.npy,data\expanded_v2\tiles\nagpur\masks\nagpur_00138_mask.png,1280,1024,256,10,0.4833984375,geographic_aoi_v2
nagpur_00139,nagpur,Sentinel-2,S2C_44QLJ_20251118_0_L2A,train,data\expanded_v2\tiles\nagpur\images\nagpur_00139_rgb.png,data\expanded_v2\tiles\nagpur\images\nagpur_00139_rgbn.npy,data\expanded_v2\tiles\nagpur\masks\nagpur_00139_mask.png,1280,1152,256,10,0.4813690185546875,geographic_aoi_v2
nagpur_00140,nagpur,Sentinel-2,S2C_44QLJ_20251118_0_L2A,train,data\expanded_v2\tiles\nagpur\images\nagpur_00140_rgb.png,data\expanded_v2\tiles\nagpur\images\nagpur_00140_rgbn.npy,data\expanded_v2\tiles\nagpur\masks\nagpur_00140_mask.png,1280,1280,256,10,0.3781585693359375,geographic_aoi_v2
nagpur_00141,nagpur,Sentinel-2,S2C_44QLJ_20251118_0_L2A,train,data\expanded_v2\tiles\nagpur\images\nagpur_00141_rgb.png,data\expanded_v2\tiles\nagpur\images\nagpur_00141_rgbn.npy,data\expanded_v2\tiles\nagpur\masks\nagpur_00141_mask.png,1280,1408,256,10,0.251739501953125,geographic_aoi_v2
nagpur_00142,nagpur,Sentinel-2,S2C_44QLJ_20251118_0_L2A,train,data\expanded_v2\tiles\nagpur\images\nagpur_00142_rgb.png,data\expanded_v2\tiles\nagpur\images\nagpur_00142_rgbn.npy,data\expanded_v2\tiles\nagpur\masks\nagpur_00142_mask.png,1280,1536,256,10,0.1243133544921875,geographic_aoi_v2
nagpur_00143,nagpur,Sentinel-2,S2C_44QLJ_20251118_0_L2A,train,data\expanded_v2\tiles\nagpur\images\nagpur_00143_rgb.png,data\expanded_v2\tiles\nagpur\images\nagpur_00143_rgbn.npy,data\expanded_v2\tiles\nagpur\masks\nagpur_00143_mask.png,1408,0,256,10,0.074615478515625,geographic_aoi_v2
nagpur_00144,nagpur,Sentinel-2,S2C_44QLJ_20251118_0_L2A,train,data\expanded_v2\tiles\nagpur\images\nagpur_00144_rgb.png,data\expanded_v2\tiles\nagpur\images\nagpur_00144_rgbn.npy,data\expanded_v2\tiles\nagpur\masks\nagpur_00144_mask.png,1408,128,256,10,0.0317230224609375,geographic_aoi_v2
nagpur_00145,nagpur,Sentinel-2,S2C_44QLJ_20251118_0_L2A,train,data\expanded_v2\tiles\nagpur\images\nagpur_00145_rgb.png,data\expanded_v2\tiles\nagpur\images\nagpur_00145_rgbn.npy,data\expanded_v2\tiles\nagpur\masks\nagpur_00145_mask.png,1408,256,256,10,0.0304412841796875,geographic_aoi_v2
nagpur_00146,nagpur,Sentinel-2,S2C_44QLJ_20251118_0_L2A,train,data\expanded_v2\tiles\nagpur\images\nagpur_00146_rgb.png,data\expanded_v2\tiles\nagpur\images\nagpur_00146_rgbn.npy,data\expanded_v2\tiles\nagpur\masks\nagpur_00146_mask.png,1408,384,256,10,0.0755615234375,geographic_aoi_v2
nagpur_00147,nagpur,Sentinel-2,S2C_44QLJ_20251118_0_L2A,train,data\expanded_v2\tiles\nagpur\images\nagpur_00147_rgb.png,data\expanded_v2\tiles\nagpur\images\nagpur_00147_rgbn.npy,data\expanded_v2\tiles\nagpur\masks\nagpur_00147_mask.png,1408,512,256,10,0.2315521240234375,geographic_aoi_v2
nagpur_00148,nagpur,Sentinel-2,S2C_44QLJ_20251118_0_L2A,train,data\expanded_v2\tiles\nagpur\images\nagpur_00148_rgb.png,data\expanded_v2\tiles\nagpur\images\nagpur_00148_rgbn.npy,data\expanded_v2\tiles\nagpur\masks\nagpur_00148_mask.png,1408,640,256,10,0.341217041015625,geographic_aoi_v2
nagpur_00149,nagpur,Sentinel-2,S2C_44QLJ_20251118_0_L2A,train,data\expanded_v2\tiles\nagpur\images\nagpur_00149_rgb.png,data\expanded_v2\tiles\nagpur\images\nagpur_00149_rgbn.npy,data\expanded_v2\tiles\nagpur\masks\nagpur_00149_mask.png,1408,768,256,10,0.3034820556640625,geographic_aoi_v2
nagpur_00150,nagpur,Sentinel-2,S2C_44QLJ_20251118_0_L2A,train,data\expanded_v2\tiles\nagpur\images\nagpur_00150_rgb.png,data\expanded_v2\tiles\nagpur\images\nagpur_00150_rgbn.npy,data\expanded_v2\tiles\nagpur\masks\nagpur_00150_mask.png,1408,896,256,10,0.2831268310546875,geographic_aoi_v2
nagpur_00151,nagpur,Sentinel-2,S2C_44QLJ_20251118_0_L2A,train,data\expanded_v2\tiles\nagpur\images\nagpur_00151_rgb.png,data\expanded_v2\tiles\nagpur\images\nagpur_00151_rgbn.npy,data\expanded_v2\tiles\nagpur\masks\nagpur_00151_mask.png,1408,1024,256,10,0.3172760009765625,geographic_aoi_v2
nagpur_00152,nagpur,Sentinel-2,S2C_44QLJ_20251118_0_L2A,train,data\expanded_v2\tiles\nagpur\images\nagpur_00152_rgb.png,data\expanded_v2\tiles\nagpur\images\nagpur_00152_rgbn.npy,data\expanded_v2\tiles\nagpur\masks\nagpur_00152_mask.png,1408,1152,256,10,0.312225341796875,geographic_aoi_v2
nagpur_00153,nagpur,Sentinel-2,S2C_44QLJ_20251118_0_L2A,train,data\expanded_v2\tiles\nagpur\images\nagpur_00153_rgb.png,data\expanded_v2\tiles\nagpur\images\nagpur_00153_rgbn.npy,data\expanded_v2\tiles\nagpur\masks\nagpur_00153_mask.png,1408,1280,256,10,0.209716796875,geographic_aoi_v2
nagpur_00154,nagpur,Sentinel-2,S2C_44QLJ_20251118_0_L2A,train,data\expanded_v2\tiles\nagpur\images\nagpur_00154_rgb.png,data\expanded_v2\tiles\nagpur\images\nagpur_00154_rgbn.npy,data\expanded_v2\tiles\nagpur\masks\nagpur_00154_mask.png,1408,1408,256,10,0.118988037109375,geographic_aoi_v2
nagpur_00155,nagpur,Sentinel-2,S2C_44QLJ_20251118_0_L2A,train,data\expanded_v2\tiles\nagpur\images\nagpur_00155_rgb.png,data\expanded_v2\tiles\nagpur\images\nagpur_00155_rgbn.npy,data\expanded_v2\tiles\nagpur\masks\nagpur_00155_mask.png,1408,1536,256,10,0.0830535888671875,geographic_aoi_v2
kochi_00000,kochi,Sentinel-2,S2C_43PFL_20251221_0_L2A,train,data\expanded_v2\tiles\kochi\images\kochi_00000_rgb.png,data\expanded_v2\tiles\kochi\images\kochi_00000_rgbn.npy,data\expanded_v2\tiles\kochi\masks\kochi_00000_mask.png,0,0,256,10,0.0,geographic_aoi_v2
kochi_00001,kochi,Sentinel-2,S2C_43PFL_20251221_0_L2A,train,data\expanded_v2\tiles\kochi\images\kochi_00001_rgb.png,data\expanded_v2\tiles\kochi\images\kochi_00001_rgbn.npy,data\expanded_v2\tiles\kochi\masks\kochi_00001_mask.png,0,128,256,10,0.0276031494140625,geographic_aoi_v2
kochi_00002,kochi,Sentinel-2,S2C_43PFL_20251221_0_L2A,train,data\expanded_v2\tiles\kochi\images\kochi_00002_rgb.png,data\expanded_v2\tiles\kochi\images\kochi_00002_rgbn.npy,data\expanded_v2\tiles\kochi\masks\kochi_00002_mask.png,0,256,256,10,0.1094207763671875,geographic_aoi_v2
kochi_00003,kochi,Sentinel-2,S2C_43PFL_20251221_0_L2A,train,data\expanded_v2\tiles\kochi\images\kochi_00003_rgb.png,data\expanded_v2\tiles\kochi\images\kochi_00003_rgbn.npy,data\expanded_v2\tiles\kochi\masks\kochi_00003_mask.png,0,384,256,10,0.154266357421875,geographic_aoi_v2
kochi_00004,kochi,Sentinel-2,S2C_43PFL_20251221_0_L2A,train,data\expanded_v2\tiles\kochi\images\kochi_00004_rgb.png,data\expanded_v2\tiles\kochi\images\kochi_00004_rgbn.npy,data\expanded_v2\tiles\kochi\masks\kochi_00004_mask.png,0,512,256,10,0.12103271484375,geographic_aoi_v2
kochi_00005,kochi,Sentinel-2,S2C_43PFL_20251221_0_L2A,train,data\expanded_v2\tiles\kochi\images\kochi_00005_rgb.png,data\expanded_v2\tiles\kochi\images\kochi_00005_rgbn.npy,data\expanded_v2\tiles\kochi\masks\kochi_00005_mask.png,0,640,256,10,0.100189208984375,geographic_aoi_v2
kochi_00006,kochi,Sentinel-2,S2C_43PFL_20251221_0_L2A,train,data\expanded_v2\tiles\kochi\images\kochi_00006_rgb.png,data\expanded_v2\tiles\kochi\images\kochi_00006_rgbn.npy,data\expanded_v2\tiles\kochi\masks\kochi_00006_mask.png,0,768,256,10,0.127593994140625,geographic_aoi_v2
kochi_00007,kochi,Sentinel-2,S2C_43PFL_20251221_0_L2A,train,data\expanded_v2\tiles\kochi\images\kochi_00007_rgb.png,data\expanded_v2\tiles\kochi\images\kochi_00007_rgbn.npy,data\expanded_v2\tiles\kochi\masks\kochi_00007_mask.png,0,896,256,10,0.239471435546875,geographic_aoi_v2
kochi_00008,kochi,Sentinel-2,S2C_43PFL_20251221_0_L2A,train,data\expanded_v2\tiles\kochi\images\kochi_00008_rgb.png,data\expanded_v2\tiles\kochi\images\kochi_00008_rgbn.npy,data\expanded_v2\tiles\kochi\masks\kochi_00008_mask.png,0,1024,256,10,0.3342437744140625,geographic_aoi_v2
kochi_00009,kochi,Sentinel-2,S2C_43PFL_20251221_0_L2A,train,data\expanded_v2\tiles\kochi\images\kochi_00009_rgb.png,data\expanded_v2\tiles\kochi\images\kochi_00009_rgbn.npy,data\expanded_v2\tiles\kochi\masks\kochi_00009_mask.png,0,1152,256,10,0.33770751953125,geographic_aoi_v2
kochi_00010,kochi,Sentinel-2,S2C_43PFL_20251221_0_L2A,train,data\expanded_v2\tiles\kochi\images\kochi_00010_rgb.png,data\expanded_v2\tiles\kochi\images\kochi_00010_rgbn.npy,data\expanded_v2\tiles\kochi\masks\kochi_00010_mask.png,0,1280,256,10,0.31256103515625,geographic_aoi_v2
kochi_00011,kochi,Sentinel-2,S2C_43PFL_20251221_0_L2A,train,data\expanded_v2\tiles\kochi\images\kochi_00011_rgb.png,data\expanded_v2\tiles\kochi\images\kochi_00011_rgbn.npy,data\expanded_v2\tiles\kochi\masks\kochi_00011_mask.png,128,0,256,10,0.0,geographic_aoi_v2
kochi_00012,kochi,Sentinel-2,S2C_43PFL_20251221_0_L2A,train,data\expanded_v2\tiles\kochi\images\kochi_00012_rgb.png,data\expanded_v2\tiles\kochi\images\kochi_00012_rgbn.npy,data\expanded_v2\tiles\kochi\masks\kochi_00012_mask.png,128,128,256,10,0.006195068359375,geographic_aoi_v2
kochi_00013,kochi,Sentinel-2,S2C_43PFL_20251221_0_L2A,train,data\expanded_v2\tiles\kochi\images\kochi_00013_rgb.png,data\expanded_v2\tiles\kochi\images\kochi_00013_rgbn.npy,data\expanded_v2\tiles\kochi\masks\kochi_00013_mask.png,128,256,256,10,0.0706024169921875,geographic_aoi_v2
kochi_00014,kochi,Sentinel-2,S2C_43PFL_20251221_0_L2A,train,data\expanded_v2\tiles\kochi\images\kochi_00014_rgb.png,data\expanded_v2\tiles\kochi\images\kochi_00014_rgbn.npy,data\expanded_v2\tiles\kochi\masks\kochi_00014_mask.png,128,384,256,10,0.1281280517578125,geographic_aoi_v2
kochi_00015,kochi,Sentinel-2,S2C_43PFL_20251221_0_L2A,train,data\expanded_v2\tiles\kochi\images\kochi_00015_rgb.png,data\expanded_v2\tiles\kochi\images\kochi_00015_rgbn.npy,data\expanded_v2\tiles\kochi\masks\kochi_00015_mask.png,128,512,256,10,0.122711181640625,geographic_aoi_v2
kochi_00016,kochi,Sentinel-2,S2C_43PFL_20251221_0_L2A,train,data\expanded_v2\tiles\kochi\images\kochi_00016_rgb.png,data\expanded_v2\tiles\kochi\images\kochi_00016_rgbn.npy,data\expanded_v2\tiles\kochi\masks\kochi_00016_mask.png,128,640,256,10,0.095794677734375,geographic_aoi_v2
kochi_00017,kochi,Sentinel-2,S2C_43PFL_20251221_0_L2A,train,data\expanded_v2\tiles\kochi\images\kochi_00017_rgb.png,data\expanded_v2\tiles\kochi\images\kochi_00017_rgbn.npy,data\expanded_v2\tiles\kochi\masks\kochi_00017_mask.png,128,768,256,10,0.11114501953125,geographic_aoi_v2
kochi_00018,kochi,Sentinel-2,S2C_43PFL_20251221_0_L2A,train,data\expanded_v2\tiles\kochi\images\kochi_00018_rgb.png,data\expanded_v2\tiles\kochi\images\kochi_00018_rgbn.npy,data\expanded_v2\tiles\kochi\masks\kochi_00018_mask.png,128,896,256,10,0.2334136962890625,geographic_aoi_v2
kochi_00019,kochi,Sentinel-2,S2C_43PFL_20251221_0_L2A,train,data\expanded_v2\tiles\kochi\images\kochi_00019_rgb.png,data\expanded_v2\tiles\kochi\images\kochi_00019_rgbn.npy,data\expanded_v2\tiles\kochi\masks\kochi_00019_mask.png,128,1024,256,10,0.3250274658203125,geographic_aoi_v2
kochi_00020,kochi,Sentinel-2,S2C_43PFL_20251221_0_L2A,train,data\expanded_v2\tiles\kochi\images\kochi_00020_rgb.png,data\expanded_v2\tiles\kochi\images\kochi_00020_rgbn.npy,data\expanded_v2\tiles\kochi\masks\kochi_00020_mask.png,128,1152,256,10,0.31103515625,geographic_aoi_v2
kochi_00021,kochi,Sentinel-2,S2C_43PFL_20251221_0_L2A,train,data\expanded_v2\tiles\kochi\images\kochi_00021_rgb.png,data\expanded_v2\tiles\kochi\images\kochi_00021_rgbn.npy,data\expanded_v2\tiles\kochi\masks\kochi_00021_mask.png,128,1280,256,10,0.295806884765625,geographic_aoi_v2
kochi_00022,kochi,Sentinel-2,S2C_43PFL_20251221_0_L2A,train,data\expanded_v2\tiles\kochi\images\kochi_00022_rgb.png,data\expanded_v2\tiles\kochi\images\kochi_00022_rgbn.npy,data\expanded_v2\tiles\kochi\masks\kochi_00022_mask.png,256,0,256,10,0.0,geographic_aoi_v2
kochi_00023,kochi,Sentinel-2,S2C_43PFL_20251221_0_L2A,train,data\expanded_v2\tiles\kochi\images\kochi_00023_rgb.png,data\expanded_v2\tiles\kochi\images\kochi_00023_rgbn.npy,data\expanded_v2\tiles\kochi\masks\kochi_00023_mask.png,256,128,256,10,0.000274658203125,geographic_aoi_v2
kochi_00024,kochi,Sentinel-2,S2C_43PFL_20251221_0_L2A,train,data\expanded_v2\tiles\kochi\images\kochi_00024_rgb.png,data\expanded_v2\tiles\kochi\images\kochi_00024_rgbn.npy,data\expanded_v2\tiles\kochi\masks\kochi_00024_mask.png,256,256,256,10,0.0307464599609375,geographic_aoi_v2
kochi_00025,kochi,Sentinel-2,S2C_43PFL_20251221_0_L2A,train,data\expanded_v2\tiles\kochi\images\kochi_00025_rgb.png,data\expanded_v2\tiles\kochi\images\kochi_00025_rgbn.npy,data\expanded_v2\tiles\kochi\masks\kochi_00025_mask.png,256,384,256,10,0.0842437744140625,geographic_aoi_v2
kochi_00026,kochi,Sentinel-2,S2C_43PFL_20251221_0_L2A,train,data\expanded_v2\tiles\kochi\images\kochi_00026_rgb.png,data\expanded_v2\tiles\kochi\images\kochi_00026_rgbn.npy,data\expanded_v2\tiles\kochi\masks\kochi_00026_mask.png,256,512,256,10,0.1031951904296875,geographic_aoi_v2
kochi_00027,kochi,Sentinel-2,S2C_43PFL_20251221_0_L2A,train,data\expanded_v2\tiles\kochi\images\kochi_00027_rgb.png,data\expanded_v2\tiles\kochi\images\kochi_00027_rgbn.npy,data\expanded_v2\tiles\kochi\masks\kochi_00027_mask.png,256,640,256,10,0.0715789794921875,geographic_aoi_v2
kochi_00028,kochi,Sentinel-2,S2C_43PFL_20251221_0_L2A,train,data\expanded_v2\tiles\kochi\images\kochi_00028_rgb.png,data\expanded_v2\tiles\kochi\images\kochi_00028_rgbn.npy,data\expanded_v2\tiles\kochi\masks\kochi_00028_mask.png,256,768,256,10,0.06658935546875,geographic_aoi_v2
kochi_00029,kochi,Sentinel-2,S2C_43PFL_20251221_0_L2A,train,data\expanded_v2\tiles\kochi\images\kochi_00029_rgb.png,data\expanded_v2\tiles\kochi\images\kochi_00029_rgbn.npy,data\expanded_v2\tiles\kochi\masks\kochi_00029_mask.png,256,896,256,10,0.1814422607421875,geographic_aoi_v2
kochi_00030,kochi,Sentinel-2,S2C_43PFL_20251221_0_L2A,train,data\expanded_v2\tiles\kochi\images\kochi_00030_rgb.png,data\expanded_v2\tiles\kochi\images\kochi_00030_rgbn.npy,data\expanded_v2\tiles\kochi\masks\kochi_00030_mask.png,256,1024,256,10,0.2913360595703125,geographic_aoi_v2
kochi_00031,kochi,Sentinel-2,S2C_43PFL_20251221_0_L2A,train,data\expanded_v2\tiles\kochi\images\kochi_00031_rgb.png,data\expanded_v2\tiles\kochi\images\kochi_00031_rgbn.npy,data\expanded_v2\tiles\kochi\masks\kochi_00031_mask.png,256,1152,256,10,0.2823333740234375,geographic_aoi_v2
kochi_00032,kochi,Sentinel-2,S2C_43PFL_20251221_0_L2A,train,data\expanded_v2\tiles\kochi\images\kochi_00032_rgb.png,data\expanded_v2\tiles\kochi\images\kochi_00032_rgbn.npy,data\expanded_v2\tiles\kochi\masks\kochi_00032_mask.png,256,1280,256,10,0.263336181640625,geographic_aoi_v2
kochi_00033,kochi,Sentinel-2,S2C_43PFL_20251221_0_L2A,train,data\expanded_v2\tiles\kochi\images\kochi_00033_rgb.png,data\expanded_v2\tiles\kochi\images\kochi_00033_rgbn.npy,data\expanded_v2\tiles\kochi\masks\kochi_00033_mask.png,384,0,256,10,0.0,geographic_aoi_v2
kochi_00034,kochi,Sentinel-2,S2C_43PFL_20251221_0_L2A,train,data\expanded_v2\tiles\kochi\images\kochi_00034_rgb.png,data\expanded_v2\tiles\kochi\images\kochi_00034_rgbn.npy,data\expanded_v2\tiles\kochi\masks\kochi_00034_mask.png,384,128,256,10,0.0,geographic_aoi_v2
kochi_00035,kochi,Sentinel-2,S2C_43PFL_20251221_0_L2A,train,data\expanded_v2\tiles\kochi\images\kochi_00035_rgb.png,data\expanded_v2\tiles\kochi\images\kochi_00035_rgbn.npy,data\expanded_v2\tiles\kochi\masks\kochi_00035_mask.png,384,256,256,10,0.002899169921875,geographic_aoi_v2
kochi_00036,kochi,Sentinel-2,S2C_43PFL_20251221_0_L2A,train,data\expanded_v2\tiles\kochi\images\kochi_00036_rgb.png,data\expanded_v2\tiles\kochi\images\kochi_00036_rgbn.npy,data\expanded_v2\tiles\kochi\masks\kochi_00036_mask.png,384,384,256,10,0.0806121826171875,geographic_aoi_v2
kochi_00037,kochi,Sentinel-2,S2C_43PFL_20251221_0_L2A,train,data\expanded_v2\tiles\kochi\images\kochi_00037_rgb.png,data\expanded_v2\tiles\kochi\images\kochi_00037_rgbn.npy,data\expanded_v2\tiles\kochi\masks\kochi_00037_mask.png,384,512,256,10,0.183837890625,geographic_aoi_v2
kochi_00038,kochi,Sentinel-2,S2C_43PFL_20251221_0_L2A,train,data\expanded_v2\tiles\kochi\images\kochi_00038_rgb.png,data\expanded_v2\tiles\kochi\images\kochi_00038_rgbn.npy,data\expanded_v2\tiles\kochi\masks\kochi_00038_mask.png,384,640,256,10,0.15447998046875,geographic_aoi_v2
kochi_00039,kochi,Sentinel-2,S2C_43PFL_20251221_0_L2A,train,data\expanded_v2\tiles\kochi\images\kochi_00039_rgb.png,data\expanded_v2\tiles\kochi\images\kochi_00039_rgbn.npy,data\expanded_v2\tiles\kochi\masks\kochi_00039_mask.png,384,768,256,10,0.1049957275390625,geographic_aoi_v2
kochi_00040,kochi,Sentinel-2,S2C_43PFL_20251221_0_L2A,train,data\expanded_v2\tiles\kochi\images\kochi_00040_rgb.png,data\expanded_v2\tiles\kochi\images\kochi_00040_rgbn.npy,data\expanded_v2\tiles\kochi\masks\kochi_00040_mask.png,384,896,256,10,0.15753173828125,geographic_aoi_v2
kochi_00041,kochi,Sentinel-2,S2C_43PFL_20251221_0_L2A,train,data\expanded_v2\tiles\kochi\images\kochi_00041_rgb.png,data\expanded_v2\tiles\kochi\images\kochi_00041_rgbn.npy,data\expanded_v2\tiles\kochi\masks\kochi_00041_mask.png,384,1024,256,10,0.2699432373046875,geographic_aoi_v2
kochi_00042,kochi,Sentinel-2,S2C_43PFL_20251221_0_L2A,train,data\expanded_v2\tiles\kochi\images\kochi_00042_rgb.png,data\expanded_v2\tiles\kochi\images\kochi_00042_rgbn.npy,data\expanded_v2\tiles\kochi\masks\kochi_00042_mask.png,384,1152,256,10,0.2902374267578125,geographic_aoi_v2
kochi_00043,kochi,Sentinel-2,S2C_43PFL_20251221_0_L2A,train,data\expanded_v2\tiles\kochi\images\kochi_00043_rgb.png,data\expanded_v2\tiles\kochi\images\kochi_00043_rgbn.npy,data\expanded_v2\tiles\kochi\masks\kochi_00043_mask.png,512,0,256,10,0.0,geographic_aoi_v2
kochi_00044,kochi,Sentinel-2,S2C_43PFL_20251221_0_L2A,train,data\expanded_v2\tiles\kochi\images\kochi_00044_rgb.png,data\expanded_v2\tiles\kochi\images\kochi_00044_rgbn.npy,data\expanded_v2\tiles\kochi\masks\kochi_00044_mask.png,512,128,256,10,0.0,geographic_aoi_v2
kochi_00045,kochi,Sentinel-2,S2C_43PFL_20251221_0_L2A,train,data\expanded_v2\tiles\kochi\images\kochi_00045_rgb.png,data\expanded_v2\tiles\kochi\images\kochi_00045_rgbn.npy,data\expanded_v2\tiles\kochi\masks\kochi_00045_mask.png,512,256,256,10,0.0,geographic_aoi_v2
kochi_00046,kochi,Sentinel-2,S2C_43PFL_20251221_0_L2A,train,data\expanded_v2\tiles\kochi\images\kochi_00046_rgb.png,data\expanded_v2\tiles\kochi\images\kochi_00046_rgbn.npy,data\expanded_v2\tiles\kochi\masks\kochi_00046_mask.png,512,384,256,10,0.0864105224609375,geographic_aoi_v2
kochi_00047,kochi,Sentinel-2,S2C_43PFL_20251221_0_L2A,train,data\expanded_v2\tiles\kochi\images\kochi_00047_rgb.png,data\expanded_v2\tiles\kochi\images\kochi_00047_rgbn.npy,data\expanded_v2\tiles\kochi\masks\kochi_00047_mask.png,512,512,256,10,0.2753143310546875,geographic_aoi_v2
kochi_00048,kochi,Sentinel-2,S2C_43PFL_20251221_0_L2A,train,data\expanded_v2\tiles\kochi\images\kochi_00048_rgb.png,data\expanded_v2\tiles\kochi\images\kochi_00048_rgbn.npy,data\expanded_v2\tiles\kochi\masks\kochi_00048_mask.png,512,640,256,10,0.264739990234375,geographic_aoi_v2
kochi_00049,kochi,Sentinel-2,S2C_43PFL_20251221_0_L2A,train,data\expanded_v2\tiles\kochi\images\kochi_00049_rgb.png,data\expanded_v2\tiles\kochi\images\kochi_00049_rgbn.npy,data\expanded_v2\tiles\kochi\masks\kochi_00049_mask.png,512,768,256,10,0.1686859130859375,geographic_aoi_v2
kochi_00050,kochi,Sentinel-2,S2C_43PFL_20251221_0_L2A,train,data\expanded_v2\tiles\kochi\images\kochi_00050_rgb.png,data\expanded_v2\tiles\kochi\images\kochi_00050_rgbn.npy,data\expanded_v2\tiles\kochi\masks\kochi_00050_mask.png,512,896,256,10,0.1603240966796875,geographic_aoi_v2
kochi_00051,kochi,Sentinel-2,S2C_43PFL_20251221_0_L2A,train,data\expanded_v2\tiles\kochi\images\kochi_00051_rgb.png,data\expanded_v2\tiles\kochi\images\kochi_00051_rgbn.npy,data\expanded_v2\tiles\kochi\masks\kochi_00051_mask.png,512,1024,256,10,0.24041748046875,geographic_aoi_v2
kochi_00052,kochi,Sentinel-2,S2C_43PFL_20251221_0_L2A,train,data\expanded_v2\tiles\kochi\images\kochi_00052_rgb.png,data\expanded_v2\tiles\kochi\images\kochi_00052_rgbn.npy,data\expanded_v2\tiles\kochi\masks\kochi_00052_mask.png,512,1152,256,10,0.2675323486328125,geographic_aoi_v2
kochi_00053,kochi,Sentinel-2,S2C_43PFL_20251221_0_L2A,train,data\expanded_v2\tiles\kochi\images\kochi_00053_rgb.png,data\expanded_v2\tiles\kochi\images\kochi_00053_rgbn.npy,data\expanded_v2\tiles\kochi\masks\kochi_00053_mask.png,640,0,256,10,0.0,geographic_aoi_v2
kochi_00054,kochi,Sentinel-2,S2C_43PFL_20251221_0_L2A,train,data\expanded_v2\tiles\kochi\images\kochi_00054_rgb.png,data\expanded_v2\tiles\kochi\images\kochi_00054_rgbn.npy,data\expanded_v2\tiles\kochi\masks\kochi_00054_mask.png,640,128,256,10,0.0,geographic_aoi_v2
kochi_00055,kochi,Sentinel-2,S2C_43PFL_20251221_0_L2A,train,data\expanded_v2\tiles\kochi\images\kochi_00055_rgb.png,data\expanded_v2\tiles\kochi\images\kochi_00055_rgbn.npy,data\expanded_v2\tiles\kochi\masks\kochi_00055_mask.png,640,256,256,10,0.0,geographic_aoi_v2
kochi_00056,kochi,Sentinel-2,S2C_43PFL_20251221_0_L2A,train,data\expanded_v2\tiles\kochi\images\kochi_00056_rgb.png,data\expanded_v2\tiles\kochi\images\kochi_00056_rgbn.npy,data\expanded_v2\tiles\kochi\masks\kochi_00056_mask.png,640,384,256,10,0.0326385498046875,geographic_aoi_v2
kochi_00057,kochi,Sentinel-2,S2C_43PFL_20251221_0_L2A,train,data\expanded_v2\tiles\kochi\images\kochi_00057_rgb.png,data\expanded_v2\tiles\kochi\images\kochi_00057_rgbn.npy,data\expanded_v2\tiles\kochi\masks\kochi_00057_mask.png,640,512,256,10,0.2172088623046875,geographic_aoi_v2
kochi_00058,kochi,Sentinel-2,S2C_43PFL_20251221_0_L2A,train,data\expanded_v2\tiles\kochi\images\kochi_00058_rgb.png,data\expanded_v2\tiles\kochi\images\kochi_00058_rgbn.npy,data\expanded_v2\tiles\kochi\masks\kochi_00058_mask.png,640,640,256,10,0.28753662109375,geographic_aoi_v2
kochi_00059,kochi,Sentinel-2,S2C_43PFL_20251221_0_L2A,train,data\expanded_v2\tiles\kochi\images\kochi_00059_rgb.png,data\expanded_v2\tiles\kochi\images\kochi_00059_rgbn.npy,data\expanded_v2\tiles\kochi\masks\kochi_00059_mask.png,640,768,256,10,0.1815338134765625,geographic_aoi_v2
kochi_00060,kochi,Sentinel-2,S2C_43PFL_20251221_0_L2A,train,data\expanded_v2\tiles\kochi\images\kochi_00060_rgb.png,data\expanded_v2\tiles\kochi\images\kochi_00060_rgbn.npy,data\expanded_v2\tiles\kochi\masks\kochi_00060_mask.png,640,896,256,10,0.1383209228515625,geographic_aoi_v2
kochi_00061,kochi,Sentinel-2,S2C_43PFL_20251221_0_L2A,train,data\expanded_v2\tiles\kochi\images\kochi_00061_rgb.png,data\expanded_v2\tiles\kochi\images\kochi_00061_rgbn.npy,data\expanded_v2\tiles\kochi\masks\kochi_00061_mask.png,640,1024,256,10,0.1728363037109375,geographic_aoi_v2
kochi_00062,kochi,Sentinel-2,S2C_43PFL_20251221_0_L2A,train,data\expanded_v2\tiles\kochi\images\kochi_00062_rgb.png,data\expanded_v2\tiles\kochi\images\kochi_00062_rgbn.npy,data\expanded_v2\tiles\kochi\masks\kochi_00062_mask.png,640,1152,256,10,0.1968536376953125,geographic_aoi_v2
kochi_00063,kochi,Sentinel-2,S2C_43PFL_20251221_0_L2A,train,data\expanded_v2\tiles\kochi\images\kochi_00063_rgb.png,data\expanded_v2\tiles\kochi\images\kochi_00063_rgbn.npy,data\expanded_v2\tiles\kochi\masks\kochi_00063_mask.png,768,0,256,10,0.0,geographic_aoi_v2
kochi_00064,kochi,Sentinel-2,S2C_43PFL_20251221_0_L2A,train,data\expanded_v2\tiles\kochi\images\kochi_00064_rgb.png,data\expanded_v2\tiles\kochi\images\kochi_00064_rgbn.npy,data\expanded_v2\tiles\kochi\masks\kochi_00064_mask.png,768,128,256,10,0.0,geographic_aoi_v2
kochi_00065,kochi,Sentinel-2,S2C_43PFL_20251221_0_L2A,train,data\expanded_v2\tiles\kochi\images\kochi_00065_rgb.png,data\expanded_v2\tiles\kochi\images\kochi_00065_rgbn.npy,data\expanded_v2\tiles\kochi\masks\kochi_00065_mask.png,768,256,256,10,0.0,geographic_aoi_v2
kochi_00066,kochi,Sentinel-2,S2C_43PFL_20251221_0_L2A,train,data\expanded_v2\tiles\kochi\images\kochi_00066_rgb.png,data\expanded_v2\tiles\kochi\images\kochi_00066_rgbn.npy,data\expanded_v2\tiles\kochi\masks\kochi_00066_mask.png,768,384,256,10,0.002899169921875,geographic_aoi_v2
kochi_00067,kochi,Sentinel-2,S2C_43PFL_20251221_0_L2A,train,data\expanded_v2\tiles\kochi\images\kochi_00067_rgb.png,data\expanded_v2\tiles\kochi\images\kochi_00067_rgbn.npy,data\expanded_v2\tiles\kochi\masks\kochi_00067_mask.png,768,512,256,10,0.130950927734375,geographic_aoi_v2
kochi_00068,kochi,Sentinel-2,S2C_43PFL_20251221_0_L2A,train,data\expanded_v2\tiles\kochi\images\kochi_00068_rgb.png,data\expanded_v2\tiles\kochi\images\kochi_00068_rgbn.npy,data\expanded_v2\tiles\kochi\masks\kochi_00068_mask.png,768,640,256,10,0.2536163330078125,geographic_aoi_v2
kochi_00069,kochi,Sentinel-2,S2C_43PFL_20251221_0_L2A,train,data\expanded_v2\tiles\kochi\images\kochi_00069_rgb.png,data\expanded_v2\tiles\kochi\images\kochi_00069_rgbn.npy,data\expanded_v2\tiles\kochi\masks\kochi_00069_mask.png,768,768,256,10,0.22650146484375,geographic_aoi_v2
kochi_00070,kochi,Sentinel-2,S2C_43PFL_20251221_0_L2A,train,data\expanded_v2\tiles\kochi\images\kochi_00070_rgb.png,data\expanded_v2\tiles\kochi\images\kochi_00070_rgbn.npy,data\expanded_v2\tiles\kochi\masks\kochi_00070_mask.png,768,896,256,10,0.1650390625,geographic_aoi_v2
kochi_00071,kochi,Sentinel-2,S2C_43PFL_20251221_0_L2A,train,data\expanded_v2\tiles\kochi\images\kochi_00071_rgb.png,data\expanded_v2\tiles\kochi\images\kochi_00071_rgbn.npy,data\expanded_v2\tiles\kochi\masks\kochi_00071_mask.png,768,1024,256,10,0.106475830078125,geographic_aoi_v2
kochi_00072,kochi,Sentinel-2,S2C_43PFL_20251221_0_L2A,train,data\expanded_v2\tiles\kochi\images\kochi_00072_rgb.png,data\expanded_v2\tiles\kochi\images\kochi_00072_rgbn.npy,data\expanded_v2\tiles\kochi\masks\kochi_00072_mask.png,768,1152,256,10,0.1273651123046875,geographic_aoi_v2
kochi_00073,kochi,Sentinel-2,S2C_43PFL_20251221_0_L2A,train,data\expanded_v2\tiles\kochi\images\kochi_00073_rgb.png,data\expanded_v2\tiles\kochi\images\kochi_00073_rgbn.npy,data\expanded_v2\tiles\kochi\masks\kochi_00073_mask.png,896,0,256,10,0.0,geographic_aoi_v2
kochi_00074,kochi,Sentinel-2,S2C_43PFL_20251221_0_L2A,train,data\expanded_v2\tiles\kochi\images\kochi_00074_rgb.png,data\expanded_v2\tiles\kochi\images\kochi_00074_rgbn.npy,data\expanded_v2\tiles\kochi\masks\kochi_00074_mask.png,896,128,256,10,0.0,geographic_aoi_v2
kochi_00075,kochi,Sentinel-2,S2C_43PFL_20251221_0_L2A,train,data\expanded_v2\tiles\kochi\images\kochi_00075_rgb.png,data\expanded_v2\tiles\kochi\images\kochi_00075_rgbn.npy,data\expanded_v2\tiles\kochi\masks\kochi_00075_mask.png,896,256,256,10,0.0,geographic_aoi_v2
kochi_00076,kochi,Sentinel-2,S2C_43PFL_20251221_0_L2A,train,data\expanded_v2\tiles\kochi\images\kochi_00076_rgb.png,data\expanded_v2\tiles\kochi\images\kochi_00076_rgbn.npy,data\expanded_v2\tiles\kochi\masks\kochi_00076_mask.png,896,384,256,10,0.0,geographic_aoi_v2
kochi_00077,kochi,Sentinel-2,S2C_43PFL_20251221_0_L2A,train,data\expanded_v2\tiles\kochi\images\kochi_00077_rgb.png,data\expanded_v2\tiles\kochi\images\kochi_00077_rgbn.npy,data\expanded_v2\tiles\kochi\masks\kochi_00077_mask.png,896,512,256,10,0.0578155517578125,geographic_aoi_v2
kochi_00078,kochi,Sentinel-2,S2C_43PFL_20251221_0_L2A,train,data\expanded_v2\tiles\kochi\images\kochi_00078_rgb.png,data\expanded_v2\tiles\kochi\images\kochi_00078_rgbn.npy,data\expanded_v2\tiles\kochi\masks\kochi_00078_mask.png,896,640,256,10,0.14312744140625,geographic_aoi_v2
kochi_00079,kochi,Sentinel-2,S2C_43PFL_20251221_0_L2A,train,data\expanded_v2\tiles\kochi\images\kochi_00079_rgb.png,data\expanded_v2\tiles\kochi\images\kochi_00079_rgbn.npy,data\expanded_v2\tiles\kochi\masks\kochi_00079_mask.png,896,768,256,10,0.23321533203125,geographic_aoi_v2
kochi_00080,kochi,Sentinel-2,S2C_43PFL_20251221_0_L2A,train,data\expanded_v2\tiles\kochi\images\kochi_00080_rgb.png,data\expanded_v2\tiles\kochi\images\kochi_00080_rgbn.npy,data\expanded_v2\tiles\kochi\masks\kochi_00080_mask.png,896,896,256,10,0.259002685546875,geographic_aoi_v2
kochi_00081,kochi,Sentinel-2,S2C_43PFL_20251221_0_L2A,train,data\expanded_v2\tiles\kochi\images\kochi_00081_rgb.png,data\expanded_v2\tiles\kochi\images\kochi_00081_rgbn.npy,data\expanded_v2\tiles\kochi\masks\kochi_00081_mask.png,896,1024,256,10,0.1421661376953125,geographic_aoi_v2
kochi_00082,kochi,Sentinel-2,S2C_43PFL_20251221_0_L2A,train,data\expanded_v2\tiles\kochi\images\kochi_00082_rgb.png,data\expanded_v2\tiles\kochi\images\kochi_00082_rgbn.npy,data\expanded_v2\tiles\kochi\masks\kochi_00082_mask.png,896,1152,256,10,0.1046295166015625,geographic_aoi_v2
kochi_00083,kochi,Sentinel-2,S2C_43PFL_20251221_0_L2A,train,data\expanded_v2\tiles\kochi\images\kochi_00083_rgb.png,data\expanded_v2\tiles\kochi\images\kochi_00083_rgbn.npy,data\expanded_v2\tiles\kochi\masks\kochi_00083_mask.png,1024,0,256,10,0.0,geographic_aoi_v2
kochi_00084,kochi,Sentinel-2,S2C_43PFL_20251221_0_L2A,train,data\expanded_v2\tiles\kochi\images\kochi_00084_rgb.png,data\expanded_v2\tiles\kochi\images\kochi_00084_rgbn.npy,data\expanded_v2\tiles\kochi\masks\kochi_00084_mask.png,1024,128,256,10,0.0,geographic_aoi_v2
kochi_00085,kochi,Sentinel-2,S2C_43PFL_20251221_0_L2A,train,data\expanded_v2\tiles\kochi\images\kochi_00085_rgb.png,data\expanded_v2\tiles\kochi\images\kochi_00085_rgbn.npy,data\expanded_v2\tiles\kochi\masks\kochi_00085_mask.png,1024,256,256,10,0.0,geographic_aoi_v2
kochi_00086,kochi,Sentinel-2,S2C_43PFL_20251221_0_L2A,train,data\expanded_v2\tiles\kochi\images\kochi_00086_rgb.png,data\expanded_v2\tiles\kochi\images\kochi_00086_rgbn.npy,data\expanded_v2\tiles\kochi\masks\kochi_00086_mask.png,1024,384,256,10,0.0,geographic_aoi_v2
kochi_00087,kochi,Sentinel-2,S2C_43PFL_20251221_0_L2A,train,data\expanded_v2\tiles\kochi\images\kochi_00087_rgb.png,data\expanded_v2\tiles\kochi\images\kochi_00087_rgbn.npy,data\expanded_v2\tiles\kochi\masks\kochi_00087_mask.png,1024,512,256,10,0.0164794921875,geographic_aoi_v2
kochi_00088,kochi,Sentinel-2,S2C_43PFL_20251221_0_L2A,train,data\expanded_v2\tiles\kochi\images\kochi_00088_rgb.png,data\expanded_v2\tiles\kochi\images\kochi_00088_rgbn.npy,data\expanded_v2\tiles\kochi\masks\kochi_00088_mask.png,1024,640,256,10,0.0488739013671875,geographic_aoi_v2
kochi_00089,kochi,Sentinel-2,S2C_43PFL_20251221_0_L2A,train,data\expanded_v2\tiles\kochi\images\kochi_00089_rgb.png,data\expanded_v2\tiles\kochi\images\kochi_00089_rgbn.npy,data\expanded_v2\tiles\kochi\masks\kochi_00089_mask.png,1024,768,256,10,0.145111083984375,geographic_aoi_v2
kochi_00090,kochi,Sentinel-2,S2C_43PFL_20251221_0_L2A,train,data\expanded_v2\tiles\kochi\images\kochi_00090_rgb.png,data\expanded_v2\tiles\kochi\images\kochi_00090_rgbn.npy,data\expanded_v2\tiles\kochi\masks\kochi_00090_mask.png,1024,896,256,10,0.225494384765625,geographic_aoi_v2
kochi_00091,kochi,Sentinel-2,S2C_43PFL_20251221_0_L2A,train,data\expanded_v2\tiles\kochi\images\kochi_00091_rgb.png,data\expanded_v2\tiles\kochi\images\kochi_00091_rgbn.npy,data\expanded_v2\tiles\kochi\masks\kochi_00091_mask.png,1024,1024,256,10,0.162872314453125,geographic_aoi_v2
kochi_00092,kochi,Sentinel-2,S2C_43PFL_20251221_0_L2A,train,data\expanded_v2\tiles\kochi\images\kochi_00092_rgb.png,data\expanded_v2\tiles\kochi\images\kochi_00092_rgbn.npy,data\expanded_v2\tiles\kochi\masks\kochi_00092_mask.png,1024,1152,256,10,0.1262054443359375,geographic_aoi_v2
kochi_00093,kochi,Sentinel-2,S2C_43PFL_20251221_0_L2A,train,data\expanded_v2\tiles\kochi\images\kochi_00093_rgb.png,data\expanded_v2\tiles\kochi\images\kochi_00093_rgbn.npy,data\expanded_v2\tiles\kochi\masks\kochi_00093_mask.png,1152,0,256,10,0.0,geographic_aoi_v2
kochi_00094,kochi,Sentinel-2,S2C_43PFL_20251221_0_L2A,train,data\expanded_v2\tiles\kochi\images\kochi_00094_rgb.png,data\expanded_v2\tiles\kochi\images\kochi_00094_rgbn.npy,data\expanded_v2\tiles\kochi\masks\kochi_00094_mask.png,1152,128,256,10,0.0,geographic_aoi_v2
kochi_00095,kochi,Sentinel-2,S2C_43PFL_20251221_0_L2A,train,data\expanded_v2\tiles\kochi\images\kochi_00095_rgb.png,data\expanded_v2\tiles\kochi\images\kochi_00095_rgbn.npy,data\expanded_v2\tiles\kochi\masks\kochi_00095_mask.png,1152,256,256,10,0.0,geographic_aoi_v2
kochi_00096,kochi,Sentinel-2,S2C_43PFL_20251221_0_L2A,train,data\expanded_v2\tiles\kochi\images\kochi_00096_rgb.png,data\expanded_v2\tiles\kochi\images\kochi_00096_rgbn.npy,data\expanded_v2\tiles\kochi\masks\kochi_00096_mask.png,1152,384,256,10,0.0,geographic_aoi_v2
kochi_00097,kochi,Sentinel-2,S2C_43PFL_20251221_0_L2A,train,data\expanded_v2\tiles\kochi\images\kochi_00097_rgb.png,data\expanded_v2\tiles\kochi\images\kochi_00097_rgbn.npy,data\expanded_v2\tiles\kochi\masks\kochi_00097_mask.png,1152,512,256,10,0.0039215087890625,geographic_aoi_v2
kochi_00098,kochi,Sentinel-2,S2C_43PFL_20251221_0_L2A,train,data\expanded_v2\tiles\kochi\images\kochi_00098_rgb.png,data\expanded_v2\tiles\kochi\images\kochi_00098_rgbn.npy,data\expanded_v2\tiles\kochi\masks\kochi_00098_mask.png,1152,640,256,10,0.02764892578125,geographic_aoi_v2
kochi_00099,kochi,Sentinel-2,S2C_43PFL_20251221_0_L2A,train,data\expanded_v2\tiles\kochi\images\kochi_00099_rgb.png,data\expanded_v2\tiles\kochi\images\kochi_00099_rgbn.npy,data\expanded_v2\tiles\kochi\masks\kochi_00099_mask.png,1152,768,256,10,0.0583038330078125,geographic_aoi_v2
kochi_00100,kochi,Sentinel-2,S2C_43PFL_20251221_0_L2A,train,data\expanded_v2\tiles\kochi\images\kochi_00100_rgb.png,data\expanded_v2\tiles\kochi\images\kochi_00100_rgbn.npy,data\expanded_v2\tiles\kochi\masks\kochi_00100_mask.png,1152,896,256,10,0.117523193359375,geographic_aoi_v2
kochi_00101,kochi,Sentinel-2,S2C_43PFL_20251221_0_L2A,train,data\expanded_v2\tiles\kochi\images\kochi_00101_rgb.png,data\expanded_v2\tiles\kochi\images\kochi_00101_rgbn.npy,data\expanded_v2\tiles\kochi\masks\kochi_00101_mask.png,1152,1024,256,10,0.122100830078125,geographic_aoi_v2
kochi_00102,kochi,Sentinel-2,S2C_43PFL_20251221_0_L2A,train,data\expanded_v2\tiles\kochi\images\kochi_00102_rgb.png,data\expanded_v2\tiles\kochi\images\kochi_00102_rgbn.npy,data\expanded_v2\tiles\kochi\masks\kochi_00102_mask.png,1152,1152,256,10,0.1135406494140625,geographic_aoi_v2
kochi_00103,kochi,Sentinel-2,S2C_43PFL_20251221_0_L2A,train,data\expanded_v2\tiles\kochi\images\kochi_00103_rgb.png,data\expanded_v2\tiles\kochi\images\kochi_00103_rgbn.npy,data\expanded_v2\tiles\kochi\masks\kochi_00103_mask.png,1280,0,256,10,0.0,geographic_aoi_v2
kochi_00104,kochi,Sentinel-2,S2C_43PFL_20251221_0_L2A,train,data\expanded_v2\tiles\kochi\images\kochi_00104_rgb.png,data\expanded_v2\tiles\kochi\images\kochi_00104_rgbn.npy,data\expanded_v2\tiles\kochi\masks\kochi_00104_mask.png,1280,128,256,10,0.0,geographic_aoi_v2
kochi_00105,kochi,Sentinel-2,S2C_43PFL_20251221_0_L2A,train,data\expanded_v2\tiles\kochi\images\kochi_00105_rgb.png,data\expanded_v2\tiles\kochi\images\kochi_00105_rgbn.npy,data\expanded_v2\tiles\kochi\masks\kochi_00105_mask.png,1280,256,256,10,0.0,geographic_aoi_v2
kochi_00106,kochi,Sentinel-2,S2C_43PFL_20251221_0_L2A,train,data\expanded_v2\tiles\kochi\images\kochi_00106_rgb.png,data\expanded_v2\tiles\kochi\images\kochi_00106_rgbn.npy,data\expanded_v2\tiles\kochi\masks\kochi_00106_mask.png,1280,384,256,10,0.0,geographic_aoi_v2
kochi_00107,kochi,Sentinel-2,S2C_43PFL_20251221_0_L2A,train,data\expanded_v2\tiles\kochi\images\kochi_00107_rgb.png,data\expanded_v2\tiles\kochi\images\kochi_00107_rgbn.npy,data\expanded_v2\tiles\kochi\masks\kochi_00107_mask.png,1280,512,256,10,0.0,geographic_aoi_v2
kochi_00108,kochi,Sentinel-2,S2C_43PFL_20251221_0_L2A,train,data\expanded_v2\tiles\kochi\images\kochi_00108_rgb.png,data\expanded_v2\tiles\kochi\images\kochi_00108_rgbn.npy,data\expanded_v2\tiles\kochi\masks\kochi_00108_mask.png,1280,640,256,10,0.027984619140625,geographic_aoi_v2
kochi_00109,kochi,Sentinel-2,S2C_43PFL_20251221_0_L2A,train,data\expanded_v2\tiles\kochi\images\kochi_00109_rgb.png,data\expanded_v2\tiles\kochi\images\kochi_00109_rgbn.npy,data\expanded_v2\tiles\kochi\masks\kochi_00109_mask.png,1280,768,256,10,0.032501220703125,geographic_aoi_v2
kochi_00110,kochi,Sentinel-2,S2C_43PFL_20251221_0_L2A,train,data\expanded_v2\tiles\kochi\images\kochi_00110_rgb.png,data\expanded_v2\tiles\kochi\images\kochi_00110_rgbn.npy,data\expanded_v2\tiles\kochi\masks\kochi_00110_mask.png,1280,896,256,10,0.0928497314453125,geographic_aoi_v2
kochi_00111,kochi,Sentinel-2,S2C_43PFL_20251221_0_L2A,train,data\expanded_v2\tiles\kochi\images\kochi_00111_rgb.png,data\expanded_v2\tiles\kochi\images\kochi_00111_rgbn.npy,data\expanded_v2\tiles\kochi\masks\kochi_00111_mask.png,1280,1024,256,10,0.1282806396484375,geographic_aoi_v2
kochi_00112,kochi,Sentinel-2,S2C_43PFL_20251221_0_L2A,train,data\expanded_v2\tiles\kochi\images\kochi_00112_rgb.png,data\expanded_v2\tiles\kochi\images\kochi_00112_rgbn.npy,data\expanded_v2\tiles\kochi\masks\kochi_00112_mask.png,1280,1152,256,10,0.1185760498046875,geographic_aoi_v2
kochi_00113,kochi,Sentinel-2,S2C_43PFL_20251221_0_L2A,train,data\expanded_v2\tiles\kochi\images\kochi_00113_rgb.png,data\expanded_v2\tiles\kochi\images\kochi_00113_rgbn.npy,data\expanded_v2\tiles\kochi\masks\kochi_00113_mask.png,1408,0,256,10,0.0,geographic_aoi_v2
kochi_00114,kochi,Sentinel-2,S2C_43PFL_20251221_0_L2A,train,data\expanded_v2\tiles\kochi\images\kochi_00114_rgb.png,data\expanded_v2\tiles\kochi\images\kochi_00114_rgbn.npy,data\expanded_v2\tiles\kochi\masks\kochi_00114_mask.png,1408,128,256,10,0.0,geographic_aoi_v2
kochi_00115,kochi,Sentinel-2,S2C_43PFL_20251221_0_L2A,train,data\expanded_v2\tiles\kochi\images\kochi_00115_rgb.png,data\expanded_v2\tiles\kochi\images\kochi_00115_rgbn.npy,data\expanded_v2\tiles\kochi\masks\kochi_00115_mask.png,1408,256,256,10,0.0,geographic_aoi_v2
kochi_00116,kochi,Sentinel-2,S2C_43PFL_20251221_0_L2A,train,data\expanded_v2\tiles\kochi\images\kochi_00116_rgb.png,data\expanded_v2\tiles\kochi\images\kochi_00116_rgbn.npy,data\expanded_v2\tiles\kochi\masks\kochi_00116_mask.png,1408,384,256,10,0.0,geographic_aoi_v2
kochi_00117,kochi,Sentinel-2,S2C_43PFL_20251221_0_L2A,train,data\expanded_v2\tiles\kochi\images\kochi_00117_rgb.png,data\expanded_v2\tiles\kochi\images\kochi_00117_rgbn.npy,data\expanded_v2\tiles\kochi\masks\kochi_00117_mask.png,1408,512,256,10,0.0,geographic_aoi_v2
kochi_00118,kochi,Sentinel-2,S2C_43PFL_20251221_0_L2A,train,data\expanded_v2\tiles\kochi\images\kochi_00118_rgb.png,data\expanded_v2\tiles\kochi\images\kochi_00118_rgbn.npy,data\expanded_v2\tiles\kochi\masks\kochi_00118_mask.png,1408,640,256,10,0.034088134765625,geographic_aoi_v2
kochi_00119,kochi,Sentinel-2,S2C_43PFL_20251221_0_L2A,train,data\expanded_v2\tiles\kochi\images\kochi_00119_rgb.png,data\expanded_v2\tiles\kochi\images\kochi_00119_rgbn.npy,data\expanded_v2\tiles\kochi\masks\kochi_00119_mask.png,1408,768,256,10,0.0427398681640625,geographic_aoi_v2
kochi_00120,kochi,Sentinel-2,S2C_43PFL_20251221_0_L2A,train,data\expanded_v2\tiles\kochi\images\kochi_00120_rgb.png,data\expanded_v2\tiles\kochi\images\kochi_00120_rgbn.npy,data\expanded_v2\tiles\kochi\masks\kochi_00120_mask.png,1408,896,256,10,0.0724945068359375,geographic_aoi_v2
kochi_00121,kochi,Sentinel-2,S2C_43PFL_20251221_0_L2A,train,data\expanded_v2\tiles\kochi\images\kochi_00121_rgb.png,data\expanded_v2\tiles\kochi\images\kochi_00121_rgbn.npy,data\expanded_v2\tiles\kochi\masks\kochi_00121_mask.png,1408,1024,256,10,0.1293792724609375,geographic_aoi_v2
bhubaneswar_00000,bhubaneswar,Sentinel-2,S2C_45QUC_20251212_0_L2A,train,data\expanded_v2\tiles\bhubaneswar\images\bhubaneswar_00000_rgb.png,data\expanded_v2\tiles\bhubaneswar\images\bhubaneswar_00000_rgbn.npy,data\expanded_v2\tiles\bhubaneswar\masks\bhubaneswar_00000_mask.png,0,0,256,10,0.053680419921875,geographic_aoi_v2
bhubaneswar_00001,bhubaneswar,Sentinel-2,S2C_45QUC_20251212_0_L2A,train,data\expanded_v2\tiles\bhubaneswar\images\bhubaneswar_00001_rgb.png,data\expanded_v2\tiles\bhubaneswar\images\bhubaneswar_00001_rgbn.npy,data\expanded_v2\tiles\bhubaneswar\masks\bhubaneswar_00001_mask.png,0,128,256,10,0.10821533203125,geographic_aoi_v2
bhubaneswar_00002,bhubaneswar,Sentinel-2,S2C_45QUC_20251212_0_L2A,train,data\expanded_v2\tiles\bhubaneswar\images\bhubaneswar_00002_rgb.png,data\expanded_v2\tiles\bhubaneswar\images\bhubaneswar_00002_rgbn.npy,data\expanded_v2\tiles\bhubaneswar\masks\bhubaneswar_00002_mask.png,0,256,256,10,0.1045379638671875,geographic_aoi_v2
bhubaneswar_00003,bhubaneswar,Sentinel-2,S2C_45QUC_20251212_0_L2A,train,data\expanded_v2\tiles\bhubaneswar\images\bhubaneswar_00003_rgb.png,data\expanded_v2\tiles\bhubaneswar\images\bhubaneswar_00003_rgbn.npy,data\expanded_v2\tiles\bhubaneswar\masks\bhubaneswar_00003_mask.png,0,384,256,10,0.0949859619140625,geographic_aoi_v2
bhubaneswar_00004,bhubaneswar,Sentinel-2,S2C_45QUC_20251212_0_L2A,train,data\expanded_v2\tiles\bhubaneswar\images\bhubaneswar_00004_rgb.png,data\expanded_v2\tiles\bhubaneswar\images\bhubaneswar_00004_rgbn.npy,data\expanded_v2\tiles\bhubaneswar\masks\bhubaneswar_00004_mask.png,0,512,256,10,0.113067626953125,geographic_aoi_v2
bhubaneswar_00005,bhubaneswar,Sentinel-2,S2C_45QUC_20251212_0_L2A,train,data\expanded_v2\tiles\bhubaneswar\images\bhubaneswar_00005_rgb.png,data\expanded_v2\tiles\bhubaneswar\images\bhubaneswar_00005_rgbn.npy,data\expanded_v2\tiles\bhubaneswar\masks\bhubaneswar_00005_mask.png,0,640,256,10,0.163299560546875,geographic_aoi_v2
bhubaneswar_00006,bhubaneswar,Sentinel-2,S2C_45QUC_20251212_0_L2A,train,data\expanded_v2\tiles\bhubaneswar\images\bhubaneswar_00006_rgb.png,data\expanded_v2\tiles\bhubaneswar\images\bhubaneswar_00006_rgbn.npy,data\expanded_v2\tiles\bhubaneswar\masks\bhubaneswar_00006_mask.png,0,768,256,10,0.227142333984375,geographic_aoi_v2
bhubaneswar_00007,bhubaneswar,Sentinel-2,S2C_45QUC_20251212_0_L2A,train,data\expanded_v2\tiles\bhubaneswar\images\bhubaneswar_00007_rgb.png,data\expanded_v2\tiles\bhubaneswar\images\bhubaneswar_00007_rgbn.npy,data\expanded_v2\tiles\bhubaneswar\masks\bhubaneswar_00007_mask.png,0,896,256,10,0.1817474365234375,geographic_aoi_v2
bhubaneswar_00008,bhubaneswar,Sentinel-2,S2C_45QUC_20251212_0_L2A,train,data\expanded_v2\tiles\bhubaneswar\images\bhubaneswar_00008_rgb.png,data\expanded_v2\tiles\bhubaneswar\images\bhubaneswar_00008_rgbn.npy,data\expanded_v2\tiles\bhubaneswar\masks\bhubaneswar_00008_mask.png,0,1024,256,10,0.074859619140625,geographic_aoi_v2
bhubaneswar_00009,bhubaneswar,Sentinel-2,S2C_45QUC_20251212_0_L2A,train,data\expanded_v2\tiles\bhubaneswar\images\bhubaneswar_00009_rgb.png,data\expanded_v2\tiles\bhubaneswar\images\bhubaneswar_00009_rgbn.npy,data\expanded_v2\tiles\bhubaneswar\masks\bhubaneswar_00009_mask.png,0,1152,256,10,0.05108642578125,geographic_aoi_v2
bhubaneswar_00010,bhubaneswar,Sentinel-2,S2C_45QUC_20251212_0_L2A,train,data\expanded_v2\tiles\bhubaneswar\images\bhubaneswar_00010_rgb.png,data\expanded_v2\tiles\bhubaneswar\images\bhubaneswar_00010_rgbn.npy,data\expanded_v2\tiles\bhubaneswar\masks\bhubaneswar_00010_mask.png,0,1280,256,10,0.0506439208984375,geographic_aoi_v2
bhubaneswar_00011,bhubaneswar,Sentinel-2,S2C_45QUC_20251212_0_L2A,train,data\expanded_v2\tiles\bhubaneswar\images\bhubaneswar_00011_rgb.png,data\expanded_v2\tiles\bhubaneswar\images\bhubaneswar_00011_rgbn.npy,data\expanded_v2\tiles\bhubaneswar\masks\bhubaneswar_00011_mask.png,0,1408,256,10,0.10894775390625,geographic_aoi_v2
bhubaneswar_00012,bhubaneswar,Sentinel-2,S2C_45QUC_20251212_0_L2A,train,data\expanded_v2\tiles\bhubaneswar\images\bhubaneswar_00012_rgb.png,data\expanded_v2\tiles\bhubaneswar\images\bhubaneswar_00012_rgbn.npy,data\expanded_v2\tiles\bhubaneswar\masks\bhubaneswar_00012_mask.png,0,1536,256,10,0.127044677734375,geographic_aoi_v2
bhubaneswar_00013,bhubaneswar,Sentinel-2,S2C_45QUC_20251212_0_L2A,train,data\expanded_v2\tiles\bhubaneswar\images\bhubaneswar_00013_rgb.png,data\expanded_v2\tiles\bhubaneswar\images\bhubaneswar_00013_rgbn.npy,data\expanded_v2\tiles\bhubaneswar\masks\bhubaneswar_00013_mask.png,128,0,256,10,0.042572021484375,geographic_aoi_v2
bhubaneswar_00014,bhubaneswar,Sentinel-2,S2C_45QUC_20251212_0_L2A,train,data\expanded_v2\tiles\bhubaneswar\images\bhubaneswar_00014_rgb.png,data\expanded_v2\tiles\bhubaneswar\images\bhubaneswar_00014_rgbn.npy,data\expanded_v2\tiles\bhubaneswar\masks\bhubaneswar_00014_mask.png,128,128,256,10,0.0583038330078125,geographic_aoi_v2
bhubaneswar_00015,bhubaneswar,Sentinel-2,S2C_45QUC_20251212_0_L2A,train,data\expanded_v2\tiles\bhubaneswar\images\bhubaneswar_00015_rgb.png,data\expanded_v2\tiles\bhubaneswar\images\bhubaneswar_00015_rgbn.npy,data\expanded_v2\tiles\bhubaneswar\masks\bhubaneswar_00015_mask.png,128,256,256,10,0.0638427734375,geographic_aoi_v2
bhubaneswar_00016,bhubaneswar,Sentinel-2,S2C_45QUC_20251212_0_L2A,train,data\expanded_v2\tiles\bhubaneswar\images\bhubaneswar_00016_rgb.png,data\expanded_v2\tiles\bhubaneswar\images\bhubaneswar_00016_rgbn.npy,data\expanded_v2\tiles\bhubaneswar\masks\bhubaneswar_00016_mask.png,128,384,256,10,0.0690765380859375,geographic_aoi_v2
bhubaneswar_00017,bhubaneswar,Sentinel-2,S2C_45QUC_20251212_0_L2A,train,data\expanded_v2\tiles\bhubaneswar\images\bhubaneswar_00017_rgb.png,data\expanded_v2\tiles\bhubaneswar\images\bhubaneswar_00017_rgbn.npy,data\expanded_v2\tiles\bhubaneswar\masks\bhubaneswar_00017_mask.png,128,512,256,10,0.124420166015625,geographic_aoi_v2
bhubaneswar_00018,bhubaneswar,Sentinel-2,S2C_45QUC_20251212_0_L2A,train,data\expanded_v2\tiles\bhubaneswar\images\bhubaneswar_00018_rgb.png,data\expanded_v2\tiles\bhubaneswar\images\bhubaneswar_00018_rgbn.npy,data\expanded_v2\tiles\bhubaneswar\masks\bhubaneswar_00018_mask.png,128,640,256,10,0.235137939453125,geographic_aoi_v2
bhubaneswar_00019,bhubaneswar,Sentinel-2,S2C_45QUC_20251212_0_L2A,train,data\expanded_v2\tiles\bhubaneswar\images\bhubaneswar_00019_rgb.png,data\expanded_v2\tiles\bhubaneswar\images\bhubaneswar_00019_rgbn.npy,data\expanded_v2\tiles\bhubaneswar\masks\bhubaneswar_00019_mask.png,128,768,256,10,0.2981414794921875,geographic_aoi_v2
bhubaneswar_00020,bhubaneswar,Sentinel-2,S2C_45QUC_20251212_0_L2A,train,data\expanded_v2\tiles\bhubaneswar\images\bhubaneswar_00020_rgb.png,data\expanded_v2\tiles\bhubaneswar\images\bhubaneswar_00020_rgbn.npy,data\expanded_v2\tiles\bhubaneswar\masks\bhubaneswar_00020_mask.png,128,896,256,10,0.21575927734375,geographic_aoi_v2
bhubaneswar_00021,bhubaneswar,Sentinel-2,S2C_45QUC_20251212_0_L2A,train,data\expanded_v2\tiles\bhubaneswar\images\bhubaneswar_00021_rgb.png,data\expanded_v2\tiles\bhubaneswar\images\bhubaneswar_00021_rgbn.npy,data\expanded_v2\tiles\bhubaneswar\masks\bhubaneswar_00021_mask.png,128,1024,256,10,0.089813232421875,geographic_aoi_v2
bhubaneswar_00022,bhubaneswar,Sentinel-2,S2C_45QUC_20251212_0_L2A,train,data\expanded_v2\tiles\bhubaneswar\images\bhubaneswar_00022_rgb.png,data\expanded_v2\tiles\bhubaneswar\images\bhubaneswar_00022_rgbn.npy,data\expanded_v2\tiles\bhubaneswar\masks\bhubaneswar_00022_mask.png,128,1152,256,10,0.055999755859375,geographic_aoi_v2
bhubaneswar_00023,bhubaneswar,Sentinel-2,S2C_45QUC_20251212_0_L2A,train,data\expanded_v2\tiles\bhubaneswar\images\bhubaneswar_00023_rgb.png,data\expanded_v2\tiles\bhubaneswar\images\bhubaneswar_00023_rgbn.npy,data\expanded_v2\tiles\bhubaneswar\masks\bhubaneswar_00023_mask.png,128,1280,256,10,0.085174560546875,geographic_aoi_v2
bhubaneswar_00024,bhubaneswar,Sentinel-2,S2C_45QUC_20251212_0_L2A,train,data\expanded_v2\tiles\bhubaneswar\images\bhubaneswar_00024_rgb.png,data\expanded_v2\tiles\bhubaneswar\images\bhubaneswar_00024_rgbn.npy,data\expanded_v2\tiles\bhubaneswar\masks\bhubaneswar_00024_mask.png,128,1408,256,10,0.1424560546875,geographic_aoi_v2
bhubaneswar_00025,bhubaneswar,Sentinel-2,S2C_45QUC_20251212_0_L2A,train,data\expanded_v2\tiles\bhubaneswar\images\bhubaneswar_00025_rgb.png,data\expanded_v2\tiles\bhubaneswar\images\bhubaneswar_00025_rgbn.npy,data\expanded_v2\tiles\bhubaneswar\masks\bhubaneswar_00025_mask.png,128,1536,256,10,0.149169921875,geographic_aoi_v2
bhubaneswar_00026,bhubaneswar,Sentinel-2,S2C_45QUC_20251212_0_L2A,train,data\expanded_v2\tiles\bhubaneswar\images\bhubaneswar_00026_rgb.png,data\expanded_v2\tiles\bhubaneswar\images\bhubaneswar_00026_rgbn.npy,data\expanded_v2\tiles\bhubaneswar\masks\bhubaneswar_00026_mask.png,256,0,256,10,0.039031982421875,geographic_aoi_v2
bhubaneswar_00027,bhubaneswar,Sentinel-2,S2C_45QUC_20251212_0_L2A,train,data\expanded_v2\tiles\bhubaneswar\images\bhubaneswar_00027_rgb.png,data\expanded_v2\tiles\bhubaneswar\images\bhubaneswar_00027_rgbn.npy,data\expanded_v2\tiles\bhubaneswar\masks\bhubaneswar_00027_mask.png,256,128,256,10,0.0549774169921875,geographic_aoi_v2
bhubaneswar_00028,bhubaneswar,Sentinel-2,S2C_45QUC_20251212_0_L2A,train,data\expanded_v2\tiles\bhubaneswar\images\bhubaneswar_00028_rgb.png,data\expanded_v2\tiles\bhubaneswar\images\bhubaneswar_00028_rgbn.npy,data\expanded_v2\tiles\bhubaneswar\masks\bhubaneswar_00028_mask.png,256,256,256,10,0.049346923828125,geographic_aoi_v2
bhubaneswar_00029,bhubaneswar,Sentinel-2,S2C_45QUC_20251212_0_L2A,train,data\expanded_v2\tiles\bhubaneswar\images\bhubaneswar_00029_rgb.png,data\expanded_v2\tiles\bhubaneswar\images\bhubaneswar_00029_rgbn.npy,data\expanded_v2\tiles\bhubaneswar\masks\bhubaneswar_00029_mask.png,256,384,256,10,0.0301971435546875,geographic_aoi_v2
bhubaneswar_00030,bhubaneswar,Sentinel-2,S2C_45QUC_20251212_0_L2A,train,data\expanded_v2\tiles\bhubaneswar\images\bhubaneswar_00030_rgb.png,data\expanded_v2\tiles\bhubaneswar\images\bhubaneswar_00030_rgbn.npy,data\expanded_v2\tiles\bhubaneswar\masks\bhubaneswar_00030_mask.png,256,512,256,10,0.166778564453125,geographic_aoi_v2
bhubaneswar_00031,bhubaneswar,Sentinel-2,S2C_45QUC_20251212_0_L2A,train,data\expanded_v2\tiles\bhubaneswar\images\bhubaneswar_00031_rgb.png,data\expanded_v2\tiles\bhubaneswar\images\bhubaneswar_00031_rgbn.npy,data\expanded_v2\tiles\bhubaneswar\masks\bhubaneswar_00031_mask.png,256,640,256,10,0.2883758544921875,geographic_aoi_v2
bhubaneswar_00032,bhubaneswar,Sentinel-2,S2C_45QUC_20251212_0_L2A,train,data\expanded_v2\tiles\bhubaneswar\images\bhubaneswar_00032_rgb.png,data\expanded_v2\tiles\bhubaneswar\images\bhubaneswar_00032_rgbn.npy,data\expanded_v2\tiles\bhubaneswar\masks\bhubaneswar_00032_mask.png,256,768,256,10,0.2589874267578125,geographic_aoi_v2
bhubaneswar_00033,bhubaneswar,Sentinel-2,S2C_45QUC_20251212_0_L2A,train,data\expanded_v2\tiles\bhubaneswar\images\bhubaneswar_00033_rgb.png,data\expanded_v2\tiles\bhubaneswar\images\bhubaneswar_00033_rgbn.npy,data\expanded_v2\tiles\bhubaneswar\masks\bhubaneswar_00033_mask.png,256,896,256,10,0.153778076171875,geographic_aoi_v2
bhubaneswar_00034,bhubaneswar,Sentinel-2,S2C_45QUC_20251212_0_L2A,train,data\expanded_v2\tiles\bhubaneswar\images\bhubaneswar_00034_rgb.png,data\expanded_v2\tiles\bhubaneswar\images\bhubaneswar_00034_rgbn.npy,data\expanded_v2\tiles\bhubaneswar\masks\bhubaneswar_00034_mask.png,256,1024,256,10,0.0672607421875,geographic_aoi_v2
bhubaneswar_00035,bhubaneswar,Sentinel-2,S2C_45QUC_20251212_0_L2A,train,data\expanded_v2\tiles\bhubaneswar\images\bhubaneswar_00035_rgb.png,data\expanded_v2\tiles\bhubaneswar\images\bhubaneswar_00035_rgbn.npy,data\expanded_v2\tiles\bhubaneswar\masks\bhubaneswar_00035_mask.png,256,1152,256,10,0.06597900390625,geographic_aoi_v2
bhubaneswar_00036,bhubaneswar,Sentinel-2,S2C_45QUC_20251212_0_L2A,train,data\expanded_v2\tiles\bhubaneswar\images\bhubaneswar_00036_rgb.png,data\expanded_v2\tiles\bhubaneswar\images\bhubaneswar_00036_rgbn.npy,data\expanded_v2\tiles\bhubaneswar\masks\bhubaneswar_00036_mask.png,256,1280,256,10,0.1240997314453125,geographic_aoi_v2
bhubaneswar_00037,bhubaneswar,Sentinel-2,S2C_45QUC_20251212_0_L2A,train,data\expanded_v2\tiles\bhubaneswar\images\bhubaneswar_00037_rgb.png,data\expanded_v2\tiles\bhubaneswar\images\bhubaneswar_00037_rgbn.npy,data\expanded_v2\tiles\bhubaneswar\masks\bhubaneswar_00037_mask.png,256,1408,256,10,0.1561126708984375,geographic_aoi_v2
bhubaneswar_00038,bhubaneswar,Sentinel-2,S2C_45QUC_20251212_0_L2A,train,data\expanded_v2\tiles\bhubaneswar\images\bhubaneswar_00038_rgb.png,data\expanded_v2\tiles\bhubaneswar\images\bhubaneswar_00038_rgbn.npy,data\expanded_v2\tiles\bhubaneswar\masks\bhubaneswar_00038_mask.png,256,1536,256,10,0.118804931640625,geographic_aoi_v2
bhubaneswar_00039,bhubaneswar,Sentinel-2,S2C_45QUC_20251212_0_L2A,train,data\expanded_v2\tiles\bhubaneswar\images\bhubaneswar_00039_rgb.png,data\expanded_v2\tiles\bhubaneswar\images\bhubaneswar_00039_rgbn.npy,data\expanded_v2\tiles\bhubaneswar\masks\bhubaneswar_00039_mask.png,384,0,256,10,0.045257568359375,geographic_aoi_v2
bhubaneswar_00040,bhubaneswar,Sentinel-2,S2C_45QUC_20251212_0_L2A,train,data\expanded_v2\tiles\bhubaneswar\images\bhubaneswar_00040_rgb.png,data\expanded_v2\tiles\bhubaneswar\images\bhubaneswar_00040_rgbn.npy,data\expanded_v2\tiles\bhubaneswar\masks\bhubaneswar_00040_mask.png,384,128,256,10,0.0792999267578125,geographic_aoi_v2
bhubaneswar_00041,bhubaneswar,Sentinel-2,S2C_45QUC_20251212_0_L2A,train,data\expanded_v2\tiles\bhubaneswar\images\bhubaneswar_00041_rgb.png,data\expanded_v2\tiles\bhubaneswar\images\bhubaneswar_00041_rgbn.npy,data\expanded_v2\tiles\bhubaneswar\masks\bhubaneswar_00041_mask.png,384,256,256,10,0.063079833984375,geographic_aoi_v2
bhubaneswar_00042,bhubaneswar,Sentinel-2,S2C_45QUC_20251212_0_L2A,train,data\expanded_v2\tiles\bhubaneswar\images\bhubaneswar_00042_rgb.png,data\expanded_v2\tiles\bhubaneswar\images\bhubaneswar_00042_rgbn.npy,data\expanded_v2\tiles\bhubaneswar\masks\bhubaneswar_00042_mask.png,384,384,256,10,0.033905029296875,geographic_aoi_v2
bhubaneswar_00043,bhubaneswar,Sentinel-2,S2C_45QUC_20251212_0_L2A,train,data\expanded_v2\tiles\bhubaneswar\images\bhubaneswar_00043_rgb.png,data\expanded_v2\tiles\bhubaneswar\images\bhubaneswar_00043_rgbn.npy,data\expanded_v2\tiles\bhubaneswar\masks\bhubaneswar_00043_mask.png,384,512,256,10,0.1961822509765625,geographic_aoi_v2
bhubaneswar_00044,bhubaneswar,Sentinel-2,S2C_45QUC_20251212_0_L2A,train,data\expanded_v2\tiles\bhubaneswar\images\bhubaneswar_00044_rgb.png,data\expanded_v2\tiles\bhubaneswar\images\bhubaneswar_00044_rgbn.npy,data\expanded_v2\tiles\bhubaneswar\masks\bhubaneswar_00044_mask.png,384,640,256,10,0.349853515625,geographic_aoi_v2
bhubaneswar_00045,bhubaneswar,Sentinel-2,S2C_45QUC_20251212_0_L2A,train,data\expanded_v2\tiles\bhubaneswar\images\bhubaneswar_00045_rgb.png,data\expanded_v2\tiles\bhubaneswar\images\bhubaneswar_00045_rgbn.npy,data\expanded_v2\tiles\bhubaneswar\masks\bhubaneswar_00045_mask.png,384,768,256,10,0.2805938720703125,geographic_aoi_v2
bhubaneswar_00046,bhubaneswar,Sentinel-2,S2C_45QUC_20251212_0_L2A,train,data\expanded_v2\tiles\bhubaneswar\images\bhubaneswar_00046_rgb.png,data\expanded_v2\tiles\bhubaneswar\images\bhubaneswar_00046_rgbn.npy,data\expanded_v2\tiles\bhubaneswar\masks\bhubaneswar_00046_mask.png,384,896,256,10,0.1622161865234375,geographic_aoi_v2
bhubaneswar_00047,bhubaneswar,Sentinel-2,S2C_45QUC_20251212_0_L2A,train,data\expanded_v2\tiles\bhubaneswar\images\bhubaneswar_00047_rgb.png,data\expanded_v2\tiles\bhubaneswar\images\bhubaneswar_00047_rgbn.npy,data\expanded_v2\tiles\bhubaneswar\masks\bhubaneswar_00047_mask.png,384,1024,256,10,0.097900390625,geographic_aoi_v2
bhubaneswar_00048,bhubaneswar,Sentinel-2,S2C_45QUC_20251212_0_L2A,train,data\expanded_v2\tiles\bhubaneswar\images\bhubaneswar_00048_rgb.png,data\expanded_v2\tiles\bhubaneswar\images\bhubaneswar_00048_rgbn.npy,data\expanded_v2\tiles\bhubaneswar\masks\bhubaneswar_00048_mask.png,384,1152,256,10,0.0819549560546875,geographic_aoi_v2
bhubaneswar_00049,bhubaneswar,Sentinel-2,S2C_45QUC_20251212_0_L2A,train,data\expanded_v2\tiles\bhubaneswar\images\bhubaneswar_00049_rgb.png,data\expanded_v2\tiles\bhubaneswar\images\bhubaneswar_00049_rgbn.npy,data\expanded_v2\tiles\bhubaneswar\masks\bhubaneswar_00049_mask.png,384,1280,256,10,0.153656005859375,geographic_aoi_v2
bhubaneswar_00050,bhubaneswar,Sentinel-2,S2C_45QUC_20251212_0_L2A,train,data\expanded_v2\tiles\bhubaneswar\images\bhubaneswar_00050_rgb.png,data\expanded_v2\tiles\bhubaneswar\images\bhubaneswar_00050_rgbn.npy,data\expanded_v2\tiles\bhubaneswar\masks\bhubaneswar_00050_mask.png,384,1408,256,10,0.1678924560546875,geographic_aoi_v2
bhubaneswar_00051,bhubaneswar,Sentinel-2,S2C_45QUC_20251212_0_L2A,train,data\expanded_v2\tiles\bhubaneswar\images\bhubaneswar_00051_rgb.png,data\expanded_v2\tiles\bhubaneswar\images\bhubaneswar_00051_rgbn.npy,data\expanded_v2\tiles\bhubaneswar\masks\bhubaneswar_00051_mask.png,384,1536,256,10,0.088287353515625,geographic_aoi_v2
bhubaneswar_00052,bhubaneswar,Sentinel-2,S2C_45QUC_20251212_0_L2A,train,data\expanded_v2\tiles\bhubaneswar\images\bhubaneswar_00052_rgb.png,data\expanded_v2\tiles\bhubaneswar\images\bhubaneswar_00052_rgbn.npy,data\expanded_v2\tiles\bhubaneswar\masks\bhubaneswar_00052_mask.png,512,0,256,10,0.030731201171875,geographic_aoi_v2
bhubaneswar_00053,bhubaneswar,Sentinel-2,S2C_45QUC_20251212_0_L2A,train,data\expanded_v2\tiles\bhubaneswar\images\bhubaneswar_00053_rgb.png,data\expanded_v2\tiles\bhubaneswar\images\bhubaneswar_00053_rgbn.npy,data\expanded_v2\tiles\bhubaneswar\masks\bhubaneswar_00053_mask.png,512,128,256,10,0.0703125,geographic_aoi_v2
bhubaneswar_00054,bhubaneswar,Sentinel-2,S2C_45QUC_20251212_0_L2A,train,data\expanded_v2\tiles\bhubaneswar\images\bhubaneswar_00054_rgb.png,data\expanded_v2\tiles\bhubaneswar\images\bhubaneswar_00054_rgbn.npy,data\expanded_v2\tiles\bhubaneswar\masks\bhubaneswar_00054_mask.png,512,256,256,10,0.0848846435546875,geographic_aoi_v2
bhubaneswar_00055,bhubaneswar,Sentinel-2,S2C_45QUC_20251212_0_L2A,train,data\expanded_v2\tiles\bhubaneswar\images\bhubaneswar_00055_rgb.png,data\expanded_v2\tiles\bhubaneswar\images\bhubaneswar_00055_rgbn.npy,data\expanded_v2\tiles\bhubaneswar\masks\bhubaneswar_00055_mask.png,512,384,256,10,0.046875,geographic_aoi_v2
bhubaneswar_00056,bhubaneswar,Sentinel-2,S2C_45QUC_20251212_0_L2A,train,data\expanded_v2\tiles\bhubaneswar\images\bhubaneswar_00056_rgb.png,data\expanded_v2\tiles\bhubaneswar\images\bhubaneswar_00056_rgbn.npy,data\expanded_v2\tiles\bhubaneswar\masks\bhubaneswar_00056_mask.png,512,512,256,10,0.107421875,geographic_aoi_v2
bhubaneswar_00057,bhubaneswar,Sentinel-2,S2C_45QUC_20251212_0_L2A,train,data\expanded_v2\tiles\bhubaneswar\images\bhubaneswar_00057_rgb.png,data\expanded_v2\tiles\bhubaneswar\images\bhubaneswar_00057_rgbn.npy,data\expanded_v2\tiles\bhubaneswar\masks\bhubaneswar_00057_mask.png,512,640,256,10,0.2708282470703125,geographic_aoi_v2
bhubaneswar_00058,bhubaneswar,Sentinel-2,S2C_45QUC_20251212_0_L2A,train,data\expanded_v2\tiles\bhubaneswar\images\bhubaneswar_00058_rgb.png,data\expanded_v2\tiles\bhubaneswar\images\bhubaneswar_00058_rgbn.npy,data\expanded_v2\tiles\bhubaneswar\masks\bhubaneswar_00058_mask.png,512,768,256,10,0.2859954833984375,geographic_aoi_v2
bhubaneswar_00059,bhubaneswar,Sentinel-2,S2C_45QUC_20251212_0_L2A,train,data\expanded_v2\tiles\bhubaneswar\images\bhubaneswar_00059_rgb.png,data\expanded_v2\tiles\bhubaneswar\images\bhubaneswar_00059_rgbn.npy,data\expanded_v2\tiles\bhubaneswar\masks\bhubaneswar_00059_mask.png,512,896,256,10,0.193939208984375,geographic_aoi_v2
bhubaneswar_00060,bhubaneswar,Sentinel-2,S2C_45QUC_20251212_0_L2A,train,data\expanded_v2\tiles\bhubaneswar\images\bhubaneswar_00060_rgb.png,data\expanded_v2\tiles\bhubaneswar\images\bhubaneswar_00060_rgbn.npy,data\expanded_v2\tiles\bhubaneswar\masks\bhubaneswar_00060_mask.png,512,1024,256,10,0.1707916259765625,geographic_aoi_v2
bhubaneswar_00061,bhubaneswar,Sentinel-2,S2C_45QUC_20251212_0_L2A,train,data\expanded_v2\tiles\bhubaneswar\images\bhubaneswar_00061_rgb.png,data\expanded_v2\tiles\bhubaneswar\images\bhubaneswar_00061_rgbn.npy,data\expanded_v2\tiles\bhubaneswar\masks\bhubaneswar_00061_mask.png,512,1152,256,10,0.181243896484375,geographic_aoi_v2
bhubaneswar_00062,bhubaneswar,Sentinel-2,S2C_45QUC_20251212_0_L2A,train,data\expanded_v2\tiles\bhubaneswar\images\bhubaneswar_00062_rgb.png,data\expanded_v2\tiles\bhubaneswar\images\bhubaneswar_00062_rgbn.npy,data\expanded_v2\tiles\bhubaneswar\masks\bhubaneswar_00062_mask.png,512,1280,256,10,0.19622802734375,geographic_aoi_v2
bhubaneswar_00063,bhubaneswar,Sentinel-2,S2C_45QUC_20251212_0_L2A,train,data\expanded_v2\tiles\bhubaneswar\images\bhubaneswar_00063_rgb.png,data\expanded_v2\tiles\bhubaneswar\images\bhubaneswar_00063_rgbn.npy,data\expanded_v2\tiles\bhubaneswar\masks\bhubaneswar_00063_mask.png,512,1408,256,10,0.1900482177734375,geographic_aoi_v2
bhubaneswar_00064,bhubaneswar,Sentinel-2,S2C_45QUC_20251212_0_L2A,train,data\expanded_v2\tiles\bhubaneswar\images\bhubaneswar_00064_rgb.png,data\expanded_v2\tiles\bhubaneswar\images\bhubaneswar_00064_rgbn.npy,data\expanded_v2\tiles\bhubaneswar\masks\bhubaneswar_00064_mask.png,512,1536,256,10,0.1199188232421875,geographic_aoi_v2
bhubaneswar_00065,bhubaneswar,Sentinel-2,S2C_45QUC_20251212_0_L2A,train,data\expanded_v2\tiles\bhubaneswar\images\bhubaneswar_00065_rgb.png,data\expanded_v2\tiles\bhubaneswar\images\bhubaneswar_00065_rgbn.npy,data\expanded_v2\tiles\bhubaneswar\masks\bhubaneswar_00065_mask.png,640,0,256,10,0.0281524658203125,geographic_aoi_v2
bhubaneswar_00066,bhubaneswar,Sentinel-2,S2C_45QUC_20251212_0_L2A,train,data\expanded_v2\tiles\bhubaneswar\images\bhubaneswar_00066_rgb.png,data\expanded_v2\tiles\bhubaneswar\images\bhubaneswar_00066_rgbn.npy,data\expanded_v2\tiles\bhubaneswar\masks\bhubaneswar_00066_mask.png,640,128,256,10,0.082275390625,geographic_aoi_v2
bhubaneswar_00067,bhubaneswar,Sentinel-2,S2C_45QUC_20251212_0_L2A,train,data\expanded_v2\tiles\bhubaneswar\images\bhubaneswar_00067_rgb.png,data\expanded_v2\tiles\bhubaneswar\images\bhubaneswar_00067_rgbn.npy,data\expanded_v2\tiles\bhubaneswar\masks\bhubaneswar_00067_mask.png,640,256,256,10,0.1501617431640625,geographic_aoi_v2
bhubaneswar_00068,bhubaneswar,Sentinel-2,S2C_45QUC_20251212_0_L2A,train,data\expanded_v2\tiles\bhubaneswar\images\bhubaneswar_00068_rgb.png,data\expanded_v2\tiles\bhubaneswar\images\bhubaneswar_00068_rgbn.npy,data\expanded_v2\tiles\bhubaneswar\masks\bhubaneswar_00068_mask.png,640,384,256,10,0.0932159423828125,geographic_aoi_v2
bhubaneswar_00069,bhubaneswar,Sentinel-2,S2C_45QUC_20251212_0_L2A,train,data\expanded_v2\tiles\bhubaneswar\images\bhubaneswar_00069_rgb.png,data\expanded_v2\tiles\bhubaneswar\images\bhubaneswar_00069_rgbn.npy,data\expanded_v2\tiles\bhubaneswar\masks\bhubaneswar_00069_mask.png,640,512,256,10,0.0838165283203125,geographic_aoi_v2
bhubaneswar_00070,bhubaneswar,Sentinel-2,S2C_45QUC_20251212_0_L2A,train,data\expanded_v2\tiles\bhubaneswar\images\bhubaneswar_00070_rgb.png,data\expanded_v2\tiles\bhubaneswar\images\bhubaneswar_00070_rgbn.npy,data\expanded_v2\tiles\bhubaneswar\masks\bhubaneswar_00070_mask.png,640,640,256,10,0.2389984130859375,geographic_aoi_v2
bhubaneswar_00071,bhubaneswar,Sentinel-2,S2C_45QUC_20251212_0_L2A,train,data\expanded_v2\tiles\bhubaneswar\images\bhubaneswar_00071_rgb.png,data\expanded_v2\tiles\bhubaneswar\images\bhubaneswar_00071_rgbn.npy,data\expanded_v2\tiles\bhubaneswar\masks\bhubaneswar_00071_mask.png,640,768,256,10,0.274993896484375,geographic_aoi_v2
bhubaneswar_00072,bhubaneswar,Sentinel-2,S2C_45QUC_20251212_0_L2A,train,data\expanded_v2\tiles\bhubaneswar\images\bhubaneswar_00072_rgb.png,data\expanded_v2\tiles\bhubaneswar\images\bhubaneswar_00072_rgbn.npy,data\expanded_v2\tiles\bhubaneswar\masks\bhubaneswar_00072_mask.png,640,896,256,10,0.1980133056640625,geographic_aoi_v2
bhubaneswar_00073,bhubaneswar,Sentinel-2,S2C_45QUC_20251212_0_L2A,train,data\expanded_v2\tiles\bhubaneswar\images\bhubaneswar_00073_rgb.png,data\expanded_v2\tiles\bhubaneswar\images\bhubaneswar_00073_rgbn.npy,data\expanded_v2\tiles\bhubaneswar\masks\bhubaneswar_00073_mask.png,640,1024,256,10,0.2006683349609375,geographic_aoi_v2
bhubaneswar_00074,bhubaneswar,Sentinel-2,S2C_45QUC_20251212_0_L2A,train,data\expanded_v2\tiles\bhubaneswar\images\bhubaneswar_00074_rgb.png,data\expanded_v2\tiles\bhubaneswar\images\bhubaneswar_00074_rgbn.npy,data\expanded_v2\tiles\bhubaneswar\masks\bhubaneswar_00074_mask.png,640,1152,256,10,0.26263427734375,geographic_aoi_v2
bhubaneswar_00075,bhubaneswar,Sentinel-2,S2C_45QUC_20251212_0_L2A,train,data\expanded_v2\tiles\bhubaneswar\images\bhubaneswar_00075_rgb.png,data\expanded_v2\tiles\bhubaneswar\images\bhubaneswar_00075_rgbn.npy,data\expanded_v2\tiles\bhubaneswar\masks\bhubaneswar_00075_mask.png,640,1280,256,10,0.2151947021484375,geographic_aoi_v2
bhubaneswar_00076,bhubaneswar,Sentinel-2,S2C_45QUC_20251212_0_L2A,train,data\expanded_v2\tiles\bhubaneswar\images\bhubaneswar_00076_rgb.png,data\expanded_v2\tiles\bhubaneswar\images\bhubaneswar_00076_rgbn.npy,data\expanded_v2\tiles\bhubaneswar\masks\bhubaneswar_00076_mask.png,640,1408,256,10,0.1748199462890625,geographic_aoi_v2
bhubaneswar_00077,bhubaneswar,Sentinel-2,S2C_45QUC_20251212_0_L2A,train,data\expanded_v2\tiles\bhubaneswar\images\bhubaneswar_00077_rgb.png,data\expanded_v2\tiles\bhubaneswar\images\bhubaneswar_00077_rgbn.npy,data\expanded_v2\tiles\bhubaneswar\masks\bhubaneswar_00077_mask.png,640,1536,256,10,0.142181396484375,geographic_aoi_v2
bhubaneswar_00078,bhubaneswar,Sentinel-2,S2C_45QUC_20251212_0_L2A,train,data\expanded_v2\tiles\bhubaneswar\images\bhubaneswar_00078_rgb.png,data\expanded_v2\tiles\bhubaneswar\images\bhubaneswar_00078_rgbn.npy,data\expanded_v2\tiles\bhubaneswar\masks\bhubaneswar_00078_mask.png,768,0,256,10,0.103485107421875,geographic_aoi_v2
bhubaneswar_00079,bhubaneswar,Sentinel-2,S2C_45QUC_20251212_0_L2A,train,data\expanded_v2\tiles\bhubaneswar\images\bhubaneswar_00079_rgb.png,data\expanded_v2\tiles\bhubaneswar\images\bhubaneswar_00079_rgbn.npy,data\expanded_v2\tiles\bhubaneswar\masks\bhubaneswar_00079_mask.png,768,128,256,10,0.1574249267578125,geographic_aoi_v2
bhubaneswar_00080,bhubaneswar,Sentinel-2,S2C_45QUC_20251212_0_L2A,train,data\expanded_v2\tiles\bhubaneswar\images\bhubaneswar_00080_rgb.png,data\expanded_v2\tiles\bhubaneswar\images\bhubaneswar_00080_rgbn.npy,data\expanded_v2\tiles\bhubaneswar\masks\bhubaneswar_00080_mask.png,768,256,256,10,0.2181243896484375,geographic_aoi_v2
bhubaneswar_00081,bhubaneswar,Sentinel-2,S2C_45QUC_20251212_0_L2A,train,data\expanded_v2\tiles\bhubaneswar\images\bhubaneswar_00081_rgb.png,data\expanded_v2\tiles\bhubaneswar\images\bhubaneswar_00081_rgbn.npy,data\expanded_v2\tiles\bhubaneswar\masks\bhubaneswar_00081_mask.png,768,384,256,10,0.147796630859375,geographic_aoi_v2
bhubaneswar_00082,bhubaneswar,Sentinel-2,S2C_45QUC_20251212_0_L2A,train,data\expanded_v2\tiles\bhubaneswar\images\bhubaneswar_00082_rgb.png,data\expanded_v2\tiles\bhubaneswar\images\bhubaneswar_00082_rgbn.npy,data\expanded_v2\tiles\bhubaneswar\masks\bhubaneswar_00082_mask.png,768,512,256,10,0.1661376953125,geographic_aoi_v2
bhubaneswar_00083,bhubaneswar,Sentinel-2,S2C_45QUC_20251212_0_L2A,train,data\expanded_v2\tiles\bhubaneswar\images\bhubaneswar_00083_rgb.png,data\expanded_v2\tiles\bhubaneswar\images\bhubaneswar_00083_rgbn.npy,data\expanded_v2\tiles\bhubaneswar\masks\bhubaneswar_00083_mask.png,768,640,256,10,0.2944488525390625,geographic_aoi_v2
bhubaneswar_00084,bhubaneswar,Sentinel-2,S2C_45QUC_20251212_0_L2A,train,data\expanded_v2\tiles\bhubaneswar\images\bhubaneswar_00084_rgb.png,data\expanded_v2\tiles\bhubaneswar\images\bhubaneswar_00084_rgbn.npy,data\expanded_v2\tiles\bhubaneswar\masks\bhubaneswar_00084_mask.png,768,768,256,10,0.288726806640625,geographic_aoi_v2
bhubaneswar_00085,bhubaneswar,Sentinel-2,S2C_45QUC_20251212_0_L2A,train,data\expanded_v2\tiles\bhubaneswar\images\bhubaneswar_00085_rgb.png,data\expanded_v2\tiles\bhubaneswar\images\bhubaneswar_00085_rgbn.npy,data\expanded_v2\tiles\bhubaneswar\masks\bhubaneswar_00085_mask.png,768,896,256,10,0.244659423828125,geographic_aoi_v2
bhubaneswar_00086,bhubaneswar,Sentinel-2,S2C_45QUC_20251212_0_L2A,train,data\expanded_v2\tiles\bhubaneswar\images\bhubaneswar_00086_rgb.png,data\expanded_v2\tiles\bhubaneswar\images\bhubaneswar_00086_rgbn.npy,data\expanded_v2\tiles\bhubaneswar\masks\bhubaneswar_00086_mask.png,768,1024,256,10,0.2525787353515625,geographic_aoi_v2
bhubaneswar_00087,bhubaneswar,Sentinel-2,S2C_45QUC_20251212_0_L2A,train,data\expanded_v2\tiles\bhubaneswar\images\bhubaneswar_00087_rgb.png,data\expanded_v2\tiles\bhubaneswar\images\bhubaneswar_00087_rgbn.npy,data\expanded_v2\tiles\bhubaneswar\masks\bhubaneswar_00087_mask.png,768,1152,256,10,0.298187255859375,geographic_aoi_v2
bhubaneswar_00088,bhubaneswar,Sentinel-2,S2C_45QUC_20251212_0_L2A,train,data\expanded_v2\tiles\bhubaneswar\images\bhubaneswar_00088_rgb.png,data\expanded_v2\tiles\bhubaneswar\images\bhubaneswar_00088_rgbn.npy,data\expanded_v2\tiles\bhubaneswar\masks\bhubaneswar_00088_mask.png,768,1280,256,10,0.2249908447265625,geographic_aoi_v2
bhubaneswar_00089,bhubaneswar,Sentinel-2,S2C_45QUC_20251212_0_L2A,train,data\expanded_v2\tiles\bhubaneswar\images\bhubaneswar_00089_rgb.png,data\expanded_v2\tiles\bhubaneswar\images\bhubaneswar_00089_rgbn.npy,data\expanded_v2\tiles\bhubaneswar\masks\bhubaneswar_00089_mask.png,768,1408,256,10,0.130584716796875,geographic_aoi_v2
bhubaneswar_00090,bhubaneswar,Sentinel-2,S2C_45QUC_20251212_0_L2A,train,data\expanded_v2\tiles\bhubaneswar\images\bhubaneswar_00090_rgb.png,data\expanded_v2\tiles\bhubaneswar\images\bhubaneswar_00090_rgbn.npy,data\expanded_v2\tiles\bhubaneswar\masks\bhubaneswar_00090_mask.png,768,1536,256,10,0.117218017578125,geographic_aoi_v2
bhubaneswar_00091,bhubaneswar,Sentinel-2,S2C_45QUC_20251212_0_L2A,train,data\expanded_v2\tiles\bhubaneswar\images\bhubaneswar_00091_rgb.png,data\expanded_v2\tiles\bhubaneswar\images\bhubaneswar_00091_rgbn.npy,data\expanded_v2\tiles\bhubaneswar\masks\bhubaneswar_00091_mask.png,896,0,256,10,0.1576385498046875,geographic_aoi_v2
bhubaneswar_00092,bhubaneswar,Sentinel-2,S2C_45QUC_20251212_0_L2A,train,data\expanded_v2\tiles\bhubaneswar\images\bhubaneswar_00092_rgb.png,data\expanded_v2\tiles\bhubaneswar\images\bhubaneswar_00092_rgbn.npy,data\expanded_v2\tiles\bhubaneswar\masks\bhubaneswar_00092_mask.png,896,128,256,10,0.241851806640625,geographic_aoi_v2
bhubaneswar_00093,bhubaneswar,Sentinel-2,S2C_45QUC_20251212_0_L2A,train,data\expanded_v2\tiles\bhubaneswar\images\bhubaneswar_00093_rgb.png,data\expanded_v2\tiles\bhubaneswar\images\bhubaneswar_00093_rgbn.npy,data\expanded_v2\tiles\bhubaneswar\masks\bhubaneswar_00093_mask.png,896,256,256,10,0.232391357421875,geographic_aoi_v2
bhubaneswar_00094,bhubaneswar,Sentinel-2,S2C_45QUC_20251212_0_L2A,train,data\expanded_v2\tiles\bhubaneswar\images\bhubaneswar_00094_rgb.png,data\expanded_v2\tiles\bhubaneswar\images\bhubaneswar_00094_rgbn.npy,data\expanded_v2\tiles\bhubaneswar\masks\bhubaneswar_00094_mask.png,896,384,256,10,0.1906585693359375,geographic_aoi_v2
bhubaneswar_00095,bhubaneswar,Sentinel-2,S2C_45QUC_20251212_0_L2A,train,data\expanded_v2\tiles\bhubaneswar\images\bhubaneswar_00095_rgb.png,data\expanded_v2\tiles\bhubaneswar\images\bhubaneswar_00095_rgbn.npy,data\expanded_v2\tiles\bhubaneswar\masks\bhubaneswar_00095_mask.png,896,512,256,10,0.2697601318359375,geographic_aoi_v2
bhubaneswar_00096,bhubaneswar,Sentinel-2,S2C_45QUC_20251212_0_L2A,train,data\expanded_v2\tiles\bhubaneswar\images\bhubaneswar_00096_rgb.png,data\expanded_v2\tiles\bhubaneswar\images\bhubaneswar_00096_rgbn.npy,data\expanded_v2\tiles\bhubaneswar\masks\bhubaneswar_00096_mask.png,896,640,256,10,0.3178253173828125,geographic_aoi_v2
bhubaneswar_00097,bhubaneswar,Sentinel-2,S2C_45QUC_20251212_0_L2A,train,data\expanded_v2\tiles\bhubaneswar\images\bhubaneswar_00097_rgb.png,data\expanded_v2\tiles\bhubaneswar\images\bhubaneswar_00097_rgbn.npy,data\expanded_v2\tiles\bhubaneswar\masks\bhubaneswar_00097_mask.png,896,768,256,10,0.306182861328125,geographic_aoi_v2
bhubaneswar_00098,bhubaneswar,Sentinel-2,S2C_45QUC_20251212_0_L2A,train,data\expanded_v2\tiles\bhubaneswar\images\bhubaneswar_00098_rgb.png,data\expanded_v2\tiles\bhubaneswar\images\bhubaneswar_00098_rgbn.npy,data\expanded_v2\tiles\bhubaneswar\masks\bhubaneswar_00098_mask.png,896,896,256,10,0.3045654296875,geographic_aoi_v2
bhubaneswar_00099,bhubaneswar,Sentinel-2,S2C_45QUC_20251212_0_L2A,train,data\expanded_v2\tiles\bhubaneswar\images\bhubaneswar_00099_rgb.png,data\expanded_v2\tiles\bhubaneswar\images\bhubaneswar_00099_rgbn.npy,data\expanded_v2\tiles\bhubaneswar\masks\bhubaneswar_00099_mask.png,896,1024,256,10,0.3090362548828125,geographic_aoi_v2
bhubaneswar_00100,bhubaneswar,Sentinel-2,S2C_45QUC_20251212_0_L2A,train,data\expanded_v2\tiles\bhubaneswar\images\bhubaneswar_00100_rgb.png,data\expanded_v2\tiles\bhubaneswar\images\bhubaneswar_00100_rgbn.npy,data\expanded_v2\tiles\bhubaneswar\masks\bhubaneswar_00100_mask.png,896,1152,256,10,0.311767578125,geographic_aoi_v2
bhubaneswar_00101,bhubaneswar,Sentinel-2,S2C_45QUC_20251212_0_L2A,train,data\expanded_v2\tiles\bhubaneswar\images\bhubaneswar_00101_rgb.png,data\expanded_v2\tiles\bhubaneswar\images\bhubaneswar_00101_rgbn.npy,data\expanded_v2\tiles\bhubaneswar\masks\bhubaneswar_00101_mask.png,896,1280,256,10,0.23944091796875,geographic_aoi_v2
bhubaneswar_00102,bhubaneswar,Sentinel-2,S2C_45QUC_20251212_0_L2A,train,data\expanded_v2\tiles\bhubaneswar\images\bhubaneswar_00102_rgb.png,data\expanded_v2\tiles\bhubaneswar\images\bhubaneswar_00102_rgbn.npy,data\expanded_v2\tiles\bhubaneswar\masks\bhubaneswar_00102_mask.png,896,1408,256,10,0.1257476806640625,geographic_aoi_v2
bhubaneswar_00103,bhubaneswar,Sentinel-2,S2C_45QUC_20251212_0_L2A,train,data\expanded_v2\tiles\bhubaneswar\images\bhubaneswar_00103_rgb.png,data\expanded_v2\tiles\bhubaneswar\images\bhubaneswar_00103_rgbn.npy,data\expanded_v2\tiles\bhubaneswar\masks\bhubaneswar_00103_mask.png,896,1536,256,10,0.105682373046875,geographic_aoi_v2
bhubaneswar_00104,bhubaneswar,Sentinel-2,S2C_45QUC_20251212_0_L2A,train,data\expanded_v2\tiles\bhubaneswar\images\bhubaneswar_00104_rgb.png,data\expanded_v2\tiles\bhubaneswar\images\bhubaneswar_00104_rgbn.npy,data\expanded_v2\tiles\bhubaneswar\masks\bhubaneswar_00104_mask.png,1024,0,256,10,0.1585845947265625,geographic_aoi_v2
bhubaneswar_00105,bhubaneswar,Sentinel-2,S2C_45QUC_20251212_0_L2A,train,data\expanded_v2\tiles\bhubaneswar\images\bhubaneswar_00105_rgb.png,data\expanded_v2\tiles\bhubaneswar\images\bhubaneswar_00105_rgbn.npy,data\expanded_v2\tiles\bhubaneswar\masks\bhubaneswar_00105_mask.png,1024,128,256,10,0.2605438232421875,geographic_aoi_v2
bhubaneswar_00106,bhubaneswar,Sentinel-2,S2C_45QUC_20251212_0_L2A,train,data\expanded_v2\tiles\bhubaneswar\images\bhubaneswar_00106_rgb.png,data\expanded_v2\tiles\bhubaneswar\images\bhubaneswar_00106_rgbn.npy,data\expanded_v2\tiles\bhubaneswar\masks\bhubaneswar_00106_mask.png,1024,256,256,10,0.22119140625,geographic_aoi_v2
bhubaneswar_00107,bhubaneswar,Sentinel-2,S2C_45QUC_20251212_0_L2A,train,data\expanded_v2\tiles\bhubaneswar\images\bhubaneswar_00107_rgb.png,data\expanded_v2\tiles\bhubaneswar\images\bhubaneswar_00107_rgbn.npy,data\expanded_v2\tiles\bhubaneswar\masks\bhubaneswar_00107_mask.png,1024,384,256,10,0.2176513671875,geographic_aoi_v2
bhubaneswar_00108,bhubaneswar,Sentinel-2,S2C_45QUC_20251212_0_L2A,train,data\expanded_v2\tiles\bhubaneswar\images\bhubaneswar_00108_rgb.png,data\expanded_v2\tiles\bhubaneswar\images\bhubaneswar_00108_rgbn.npy,data\expanded_v2\tiles\bhubaneswar\masks\bhubaneswar_00108_mask.png,1024,512,256,10,0.26922607421875,geographic_aoi_v2
bhubaneswar_00109,bhubaneswar,Sentinel-2,S2C_45QUC_20251212_0_L2A,train,data\expanded_v2\tiles\bhubaneswar\images\bhubaneswar_00109_rgb.png,data\expanded_v2\tiles\bhubaneswar\images\bhubaneswar_00109_rgbn.npy,data\expanded_v2\tiles\bhubaneswar\masks\bhubaneswar_00109_mask.png,1024,640,256,10,0.2877960205078125,geographic_aoi_v2
bhubaneswar_00110,bhubaneswar,Sentinel-2,S2C_45QUC_20251212_0_L2A,train,data\expanded_v2\tiles\bhubaneswar\images\bhubaneswar_00110_rgb.png,data\expanded_v2\tiles\bhubaneswar\images\bhubaneswar_00110_rgbn.npy,data\expanded_v2\tiles\bhubaneswar\masks\bhubaneswar_00110_mask.png,1024,768,256,10,0.3129119873046875,geographic_aoi_v2
bhubaneswar_00111,bhubaneswar,Sentinel-2,S2C_45QUC_20251212_0_L2A,train,data\expanded_v2\tiles\bhubaneswar\images\bhubaneswar_00111_rgb.png,data\expanded_v2\tiles\bhubaneswar\images\bhubaneswar_00111_rgbn.npy,data\expanded_v2\tiles\bhubaneswar\masks\bhubaneswar_00111_mask.png,1024,896,256,10,0.3469390869140625,geographic_aoi_v2
bhubaneswar_00112,bhubaneswar,Sentinel-2,S2C_45QUC_20251212_0_L2A,train,data\expanded_v2\tiles\bhubaneswar\images\bhubaneswar_00112_rgb.png,data\expanded_v2\tiles\bhubaneswar\images\bhubaneswar_00112_rgbn.npy,data\expanded_v2\tiles\bhubaneswar\masks\bhubaneswar_00112_mask.png,1024,1024,256,10,0.3399505615234375,geographic_aoi_v2
bhubaneswar_00113,bhubaneswar,Sentinel-2,S2C_45QUC_20251212_0_L2A,train,data\expanded_v2\tiles\bhubaneswar\images\bhubaneswar_00113_rgb.png,data\expanded_v2\tiles\bhubaneswar\images\bhubaneswar_00113_rgbn.npy,data\expanded_v2\tiles\bhubaneswar\masks\bhubaneswar_00113_mask.png,1024,1152,256,10,0.2572021484375,geographic_aoi_v2
bhubaneswar_00114,bhubaneswar,Sentinel-2,S2C_45QUC_20251212_0_L2A,train,data\expanded_v2\tiles\bhubaneswar\images\bhubaneswar_00114_rgb.png,data\expanded_v2\tiles\bhubaneswar\images\bhubaneswar_00114_rgbn.npy,data\expanded_v2\tiles\bhubaneswar\masks\bhubaneswar_00114_mask.png,1024,1280,256,10,0.18182373046875,geographic_aoi_v2
bhubaneswar_00115,bhubaneswar,Sentinel-2,S2C_45QUC_20251212_0_L2A,train,data\expanded_v2\tiles\bhubaneswar\images\bhubaneswar_00115_rgb.png,data\expanded_v2\tiles\bhubaneswar\images\bhubaneswar_00115_rgbn.npy,data\expanded_v2\tiles\bhubaneswar\masks\bhubaneswar_00115_mask.png,1024,1408,256,10,0.124237060546875,geographic_aoi_v2
bhubaneswar_00116,bhubaneswar,Sentinel-2,S2C_45QUC_20251212_0_L2A,train,data\expanded_v2\tiles\bhubaneswar\images\bhubaneswar_00116_rgb.png,data\expanded_v2\tiles\bhubaneswar\images\bhubaneswar_00116_rgbn.npy,data\expanded_v2\tiles\bhubaneswar\masks\bhubaneswar_00116_mask.png,1024,1536,256,10,0.0858306884765625,geographic_aoi_v2
bhubaneswar_00117,bhubaneswar,Sentinel-2,S2C_45QUC_20251212_0_L2A,train,data\expanded_v2\tiles\bhubaneswar\images\bhubaneswar_00117_rgb.png,data\expanded_v2\tiles\bhubaneswar\images\bhubaneswar_00117_rgbn.npy,data\expanded_v2\tiles\bhubaneswar\masks\bhubaneswar_00117_mask.png,1152,0,256,10,0.1722259521484375,geographic_aoi_v2
bhubaneswar_00118,bhubaneswar,Sentinel-2,S2C_45QUC_20251212_0_L2A,train,data\expanded_v2\tiles\bhubaneswar\images\bhubaneswar_00118_rgb.png,data\expanded_v2\tiles\bhubaneswar\images\bhubaneswar_00118_rgbn.npy,data\expanded_v2\tiles\bhubaneswar\masks\bhubaneswar_00118_mask.png,1152,128,256,10,0.224334716796875,geographic_aoi_v2
bhubaneswar_00119,bhubaneswar,Sentinel-2,S2C_45QUC_20251212_0_L2A,train,data\expanded_v2\tiles\bhubaneswar\images\bhubaneswar_00119_rgb.png,data\expanded_v2\tiles\bhubaneswar\images\bhubaneswar_00119_rgbn.npy,data\expanded_v2\tiles\bhubaneswar\masks\bhubaneswar_00119_mask.png,1152,256,256,10,0.2130584716796875,geographic_aoi_v2
bhubaneswar_00120,bhubaneswar,Sentinel-2,S2C_45QUC_20251212_0_L2A,train,data\expanded_v2\tiles\bhubaneswar\images\bhubaneswar_00120_rgb.png,data\expanded_v2\tiles\bhubaneswar\images\bhubaneswar_00120_rgbn.npy,data\expanded_v2\tiles\bhubaneswar\masks\bhubaneswar_00120_mask.png,1152,384,256,10,0.268707275390625,geographic_aoi_v2
bhubaneswar_00121,bhubaneswar,Sentinel-2,S2C_45QUC_20251212_0_L2A,train,data\expanded_v2\tiles\bhubaneswar\images\bhubaneswar_00121_rgb.png,data\expanded_v2\tiles\bhubaneswar\images\bhubaneswar_00121_rgbn.npy,data\expanded_v2\tiles\bhubaneswar\masks\bhubaneswar_00121_mask.png,1152,512,256,10,0.2409515380859375,geographic_aoi_v2
bhubaneswar_00122,bhubaneswar,Sentinel-2,S2C_45QUC_20251212_0_L2A,train,data\expanded_v2\tiles\bhubaneswar\images\bhubaneswar_00122_rgb.png,data\expanded_v2\tiles\bhubaneswar\images\bhubaneswar_00122_rgbn.npy,data\expanded_v2\tiles\bhubaneswar\masks\bhubaneswar_00122_mask.png,1152,640,256,10,0.2177734375,geographic_aoi_v2
bhubaneswar_00123,bhubaneswar,Sentinel-2,S2C_45QUC_20251212_0_L2A,train,data\expanded_v2\tiles\bhubaneswar\images\bhubaneswar_00123_rgb.png,data\expanded_v2\tiles\bhubaneswar\images\bhubaneswar_00123_rgbn.npy,data\expanded_v2\tiles\bhubaneswar\masks\bhubaneswar_00123_mask.png,1152,768,256,10,0.2863311767578125,geographic_aoi_v2
bhubaneswar_00124,bhubaneswar,Sentinel-2,S2C_45QUC_20251212_0_L2A,train,data\expanded_v2\tiles\bhubaneswar\images\bhubaneswar_00124_rgb.png,data\expanded_v2\tiles\bhubaneswar\images\bhubaneswar_00124_rgbn.npy,data\expanded_v2\tiles\bhubaneswar\masks\bhubaneswar_00124_mask.png,1152,896,256,10,0.3618927001953125,geographic_aoi_v2
bhubaneswar_00125,bhubaneswar,Sentinel-2,S2C_45QUC_20251212_0_L2A,train,data\expanded_v2\tiles\bhubaneswar\images\bhubaneswar_00125_rgb.png,data\expanded_v2\tiles\bhubaneswar\images\bhubaneswar_00125_rgbn.npy,data\expanded_v2\tiles\bhubaneswar\masks\bhubaneswar_00125_mask.png,1152,1024,256,10,0.3197021484375,geographic_aoi_v2
bhubaneswar_00126,bhubaneswar,Sentinel-2,S2C_45QUC_20251212_0_L2A,train,data\expanded_v2\tiles\bhubaneswar\images\bhubaneswar_00126_rgb.png,data\expanded_v2\tiles\bhubaneswar\images\bhubaneswar_00126_rgbn.npy,data\expanded_v2\tiles\bhubaneswar\masks\bhubaneswar_00126_mask.png,1152,1152,256,10,0.1931304931640625,geographic_aoi_v2
bhubaneswar_00127,bhubaneswar,Sentinel-2,S2C_45QUC_20251212_0_L2A,train,data\expanded_v2\tiles\bhubaneswar\images\bhubaneswar_00127_rgb.png,data\expanded_v2\tiles\bhubaneswar\images\bhubaneswar_00127_rgbn.npy,data\expanded_v2\tiles\bhubaneswar\masks\bhubaneswar_00127_mask.png,1152,1280,256,10,0.120025634765625,geographic_aoi_v2
bhubaneswar_00128,bhubaneswar,Sentinel-2,S2C_45QUC_20251212_0_L2A,train,data\expanded_v2\tiles\bhubaneswar\images\bhubaneswar_00128_rgb.png,data\expanded_v2\tiles\bhubaneswar\images\bhubaneswar_00128_rgbn.npy,data\expanded_v2\tiles\bhubaneswar\masks\bhubaneswar_00128_mask.png,1152,1408,256,10,0.1039886474609375,geographic_aoi_v2
bhubaneswar_00129,bhubaneswar,Sentinel-2,S2C_45QUC_20251212_0_L2A,train,data\expanded_v2\tiles\bhubaneswar\images\bhubaneswar_00129_rgb.png,data\expanded_v2\tiles\bhubaneswar\images\bhubaneswar_00129_rgbn.npy,data\expanded_v2\tiles\bhubaneswar\masks\bhubaneswar_00129_mask.png,1152,1536,256,10,0.0711517333984375,geographic_aoi_v2
bhubaneswar_00130,bhubaneswar,Sentinel-2,S2C_45QUC_20251212_0_L2A,train,data\expanded_v2\tiles\bhubaneswar\images\bhubaneswar_00130_rgb.png,data\expanded_v2\tiles\bhubaneswar\images\bhubaneswar_00130_rgbn.npy,data\expanded_v2\tiles\bhubaneswar\masks\bhubaneswar_00130_mask.png,1280,0,256,10,0.19866943359375,geographic_aoi_v2
bhubaneswar_00131,bhubaneswar,Sentinel-2,S2C_45QUC_20251212_0_L2A,train,data\expanded_v2\tiles\bhubaneswar\images\bhubaneswar_00131_rgb.png,data\expanded_v2\tiles\bhubaneswar\images\bhubaneswar_00131_rgbn.npy,data\expanded_v2\tiles\bhubaneswar\masks\bhubaneswar_00131_mask.png,1280,128,256,10,0.2329559326171875,geographic_aoi_v2
bhubaneswar_00132,bhubaneswar,Sentinel-2,S2C_45QUC_20251212_0_L2A,train,data\expanded_v2\tiles\bhubaneswar\images\bhubaneswar_00132_rgb.png,data\expanded_v2\tiles\bhubaneswar\images\bhubaneswar_00132_rgbn.npy,data\expanded_v2\tiles\bhubaneswar\masks\bhubaneswar_00132_mask.png,1280,256,256,10,0.2412567138671875,geographic_aoi_v2
bhubaneswar_00133,bhubaneswar,Sentinel-2,S2C_45QUC_20251212_0_L2A,train,data\expanded_v2\tiles\bhubaneswar\images\bhubaneswar_00133_rgb.png,data\expanded_v2\tiles\bhubaneswar\images\bhubaneswar_00133_rgbn.npy,data\expanded_v2\tiles\bhubaneswar\masks\bhubaneswar_00133_mask.png,1280,384,256,10,0.3141632080078125,geographic_aoi_v2
bhubaneswar_00134,bhubaneswar,Sentinel-2,S2C_45QUC_20251212_0_L2A,train,data\expanded_v2\tiles\bhubaneswar\images\bhubaneswar_00134_rgb.png,data\expanded_v2\tiles\bhubaneswar\images\bhubaneswar_00134_rgbn.npy,data\expanded_v2\tiles\bhubaneswar\masks\bhubaneswar_00134_mask.png,1280,512,256,10,0.2997283935546875,geographic_aoi_v2
bhubaneswar_00135,bhubaneswar,Sentinel-2,S2C_45QUC_20251212_0_L2A,train,data\expanded_v2\tiles\bhubaneswar\images\bhubaneswar_00135_rgb.png,data\expanded_v2\tiles\bhubaneswar\images\bhubaneswar_00135_rgbn.npy,data\expanded_v2\tiles\bhubaneswar\masks\bhubaneswar_00135_mask.png,1280,640,256,10,0.2039337158203125,geographic_aoi_v2
bhubaneswar_00136,bhubaneswar,Sentinel-2,S2C_45QUC_20251212_0_L2A,train,data\expanded_v2\tiles\bhubaneswar\images\bhubaneswar_00136_rgb.png,data\expanded_v2\tiles\bhubaneswar\images\bhubaneswar_00136_rgbn.npy,data\expanded_v2\tiles\bhubaneswar\masks\bhubaneswar_00136_mask.png,1280,768,256,10,0.2491302490234375,geographic_aoi_v2
bhubaneswar_00137,bhubaneswar,Sentinel-2,S2C_45QUC_20251212_0_L2A,train,data\expanded_v2\tiles\bhubaneswar\images\bhubaneswar_00137_rgb.png,data\expanded_v2\tiles\bhubaneswar\images\bhubaneswar_00137_rgbn.npy,data\expanded_v2\tiles\bhubaneswar\masks\bhubaneswar_00137_mask.png,1280,896,256,10,0.3420257568359375,geographic_aoi_v2
bhubaneswar_00138,bhubaneswar,Sentinel-2,S2C_45QUC_20251212_0_L2A,train,data\expanded_v2\tiles\bhubaneswar\images\bhubaneswar_00138_rgb.png,data\expanded_v2\tiles\bhubaneswar\images\bhubaneswar_00138_rgbn.npy,data\expanded_v2\tiles\bhubaneswar\masks\bhubaneswar_00138_mask.png,1280,1024,256,10,0.3018646240234375,geographic_aoi_v2
bhubaneswar_00139,bhubaneswar,Sentinel-2,S2C_45QUC_20251212_0_L2A,train,data\expanded_v2\tiles\bhubaneswar\images\bhubaneswar_00139_rgb.png,data\expanded_v2\tiles\bhubaneswar\images\bhubaneswar_00139_rgbn.npy,data\expanded_v2\tiles\bhubaneswar\masks\bhubaneswar_00139_mask.png,1280,1152,256,10,0.1964569091796875,geographic_aoi_v2
bhubaneswar_00140,bhubaneswar,Sentinel-2,S2C_45QUC_20251212_0_L2A,train,data\expanded_v2\tiles\bhubaneswar\images\bhubaneswar_00140_rgb.png,data\expanded_v2\tiles\bhubaneswar\images\bhubaneswar_00140_rgbn.npy,data\expanded_v2\tiles\bhubaneswar\masks\bhubaneswar_00140_mask.png,1280,1280,256,10,0.11041259765625,geographic_aoi_v2
bhubaneswar_00141,bhubaneswar,Sentinel-2,S2C_45QUC_20251212_0_L2A,train,data\expanded_v2\tiles\bhubaneswar\images\bhubaneswar_00141_rgb.png,data\expanded_v2\tiles\bhubaneswar\images\bhubaneswar_00141_rgbn.npy,data\expanded_v2\tiles\bhubaneswar\masks\bhubaneswar_00141_mask.png,1280,1408,256,10,0.09259033203125,geographic_aoi_v2
bhubaneswar_00142,bhubaneswar,Sentinel-2,S2C_45QUC_20251212_0_L2A,train,data\expanded_v2\tiles\bhubaneswar\images\bhubaneswar_00142_rgb.png,data\expanded_v2\tiles\bhubaneswar\images\bhubaneswar_00142_rgbn.npy,data\expanded_v2\tiles\bhubaneswar\masks\bhubaneswar_00142_mask.png,1280,1536,256,10,0.077423095703125,geographic_aoi_v2
bhubaneswar_00143,bhubaneswar,Sentinel-2,S2C_45QUC_20251212_0_L2A,train,data\expanded_v2\tiles\bhubaneswar\images\bhubaneswar_00143_rgb.png,data\expanded_v2\tiles\bhubaneswar\images\bhubaneswar_00143_rgbn.npy,data\expanded_v2\tiles\bhubaneswar\masks\bhubaneswar_00143_mask.png,1408,0,256,10,0.218414306640625,geographic_aoi_v2
bhubaneswar_00144,bhubaneswar,Sentinel-2,S2C_45QUC_20251212_0_L2A,train,data\expanded_v2\tiles\bhubaneswar\images\bhubaneswar_00144_rgb.png,data\expanded_v2\tiles\bhubaneswar\images\bhubaneswar_00144_rgbn.npy,data\expanded_v2\tiles\bhubaneswar\masks\bhubaneswar_00144_mask.png,1408,128,256,10,0.227935791015625,geographic_aoi_v2
bhubaneswar_00145,bhubaneswar,Sentinel-2,S2C_45QUC_20251212_0_L2A,train,data\expanded_v2\tiles\bhubaneswar\images\bhubaneswar_00145_rgb.png,data\expanded_v2\tiles\bhubaneswar\images\bhubaneswar_00145_rgbn.npy,data\expanded_v2\tiles\bhubaneswar\masks\bhubaneswar_00145_mask.png,1408,256,256,10,0.2242279052734375,geographic_aoi_v2
bhubaneswar_00146,bhubaneswar,Sentinel-2,S2C_45QUC_20251212_0_L2A,train,data\expanded_v2\tiles\bhubaneswar\images\bhubaneswar_00146_rgb.png,data\expanded_v2\tiles\bhubaneswar\images\bhubaneswar_00146_rgbn.npy,data\expanded_v2\tiles\bhubaneswar\masks\bhubaneswar_00146_mask.png,1408,384,256,10,0.25341796875,geographic_aoi_v2
bhubaneswar_00147,bhubaneswar,Sentinel-2,S2C_45QUC_20251212_0_L2A,train,data\expanded_v2\tiles\bhubaneswar\images\bhubaneswar_00147_rgb.png,data\expanded_v2\tiles\bhubaneswar\images\bhubaneswar_00147_rgbn.npy,data\expanded_v2\tiles\bhubaneswar\masks\bhubaneswar_00147_mask.png,1408,512,256,10,0.246185302734375,geographic_aoi_v2
bhubaneswar_00148,bhubaneswar,Sentinel-2,S2C_45QUC_20251212_0_L2A,train,data\expanded_v2\tiles\bhubaneswar\images\bhubaneswar_00148_rgb.png,data\expanded_v2\tiles\bhubaneswar\images\bhubaneswar_00148_rgbn.npy,data\expanded_v2\tiles\bhubaneswar\masks\bhubaneswar_00148_mask.png,1408,640,256,10,0.21966552734375,geographic_aoi_v2
bhubaneswar_00149,bhubaneswar,Sentinel-2,S2C_45QUC_20251212_0_L2A,train,data\expanded_v2\tiles\bhubaneswar\images\bhubaneswar_00149_rgb.png,data\expanded_v2\tiles\bhubaneswar\images\bhubaneswar_00149_rgbn.npy,data\expanded_v2\tiles\bhubaneswar\masks\bhubaneswar_00149_mask.png,1408,768,256,10,0.258148193359375,geographic_aoi_v2
bhubaneswar_00150,bhubaneswar,Sentinel-2,S2C_45QUC_20251212_0_L2A,train,data\expanded_v2\tiles\bhubaneswar\images\bhubaneswar_00150_rgb.png,data\expanded_v2\tiles\bhubaneswar\images\bhubaneswar_00150_rgbn.npy,data\expanded_v2\tiles\bhubaneswar\masks\bhubaneswar_00150_mask.png,1408,896,256,10,0.3111419677734375,geographic_aoi_v2
bhubaneswar_00151,bhubaneswar,Sentinel-2,S2C_45QUC_20251212_0_L2A,train,data\expanded_v2\tiles\bhubaneswar\images\bhubaneswar_00151_rgb.png,data\expanded_v2\tiles\bhubaneswar\images\bhubaneswar_00151_rgbn.npy,data\expanded_v2\tiles\bhubaneswar\masks\bhubaneswar_00151_mask.png,1408,1024,256,10,0.3096160888671875,geographic_aoi_v2
bhubaneswar_00152,bhubaneswar,Sentinel-2,S2C_45QUC_20251212_0_L2A,train,data\expanded_v2\tiles\bhubaneswar\images\bhubaneswar_00152_rgb.png,data\expanded_v2\tiles\bhubaneswar\images\bhubaneswar_00152_rgbn.npy,data\expanded_v2\tiles\bhubaneswar\masks\bhubaneswar_00152_mask.png,1408,1152,256,10,0.2059478759765625,geographic_aoi_v2
bhubaneswar_00153,bhubaneswar,Sentinel-2,S2C_45QUC_20251212_0_L2A,train,data\expanded_v2\tiles\bhubaneswar\images\bhubaneswar_00153_rgb.png,data\expanded_v2\tiles\bhubaneswar\images\bhubaneswar_00153_rgbn.npy,data\expanded_v2\tiles\bhubaneswar\masks\bhubaneswar_00153_mask.png,1408,1280,256,10,0.1074676513671875,geographic_aoi_v2
bhubaneswar_00154,bhubaneswar,Sentinel-2,S2C_45QUC_20251212_0_L2A,train,data\expanded_v2\tiles\bhubaneswar\images\bhubaneswar_00154_rgb.png,data\expanded_v2\tiles\bhubaneswar\images\bhubaneswar_00154_rgbn.npy,data\expanded_v2\tiles\bhubaneswar\masks\bhubaneswar_00154_mask.png,1408,1408,256,10,0.085205078125,geographic_aoi_v2
bhubaneswar_00155,bhubaneswar,Sentinel-2,S2C_45QUC_20251212_0_L2A,train,data\expanded_v2\tiles\bhubaneswar\images\bhubaneswar_00155_rgb.png,data\expanded_v2\tiles\bhubaneswar\images\bhubaneswar_00155_rgbn.npy,data\expanded_v2\tiles\bhubaneswar\masks\bhubaneswar_00155_mask.png,1408,1536,256,10,0.0567474365234375,geographic_aoi_v2
coimbatore_00000,coimbatore,Sentinel-2,S2C_43PGN_20250221_0_L2A,train,data\expanded_v2\tiles\coimbatore\images\coimbatore_00000_rgb.png,data\expanded_v2\tiles\coimbatore\images\coimbatore_00000_rgbn.npy,data\expanded_v2\tiles\coimbatore\masks\coimbatore_00000_mask.png,0,0,256,10,0.098052978515625,geographic_aoi_v2
coimbatore_00001,coimbatore,Sentinel-2,S2C_43PGN_20250221_0_L2A,train,data\expanded_v2\tiles\coimbatore\images\coimbatore_00001_rgb.png,data\expanded_v2\tiles\coimbatore\images\coimbatore_00001_rgbn.npy,data\expanded_v2\tiles\coimbatore\masks\coimbatore_00001_mask.png,0,128,256,10,0.1178131103515625,geographic_aoi_v2
coimbatore_00002,coimbatore,Sentinel-2,S2C_43PGN_20250221_0_L2A,train,data\expanded_v2\tiles\coimbatore\images\coimbatore_00002_rgb.png,data\expanded_v2\tiles\coimbatore\images\coimbatore_00002_rgbn.npy,data\expanded_v2\tiles\coimbatore\masks\coimbatore_00002_mask.png,0,256,256,10,0.1805267333984375,geographic_aoi_v2
coimbatore_00003,coimbatore,Sentinel-2,S2C_43PGN_20250221_0_L2A,train,data\expanded_v2\tiles\coimbatore\images\coimbatore_00003_rgb.png,data\expanded_v2\tiles\coimbatore\images\coimbatore_00003_rgbn.npy,data\expanded_v2\tiles\coimbatore\masks\coimbatore_00003_mask.png,0,384,256,10,0.2675323486328125,geographic_aoi_v2
coimbatore_00004,coimbatore,Sentinel-2,S2C_43PGN_20250221_0_L2A,train,data\expanded_v2\tiles\coimbatore\images\coimbatore_00004_rgb.png,data\expanded_v2\tiles\coimbatore\images\coimbatore_00004_rgbn.npy,data\expanded_v2\tiles\coimbatore\masks\coimbatore_00004_mask.png,0,512,256,10,0.3165130615234375,geographic_aoi_v2
coimbatore_00005,coimbatore,Sentinel-2,S2C_43PGN_20250221_0_L2A,train,data\expanded_v2\tiles\coimbatore\images\coimbatore_00005_rgb.png,data\expanded_v2\tiles\coimbatore\images\coimbatore_00005_rgbn.npy,data\expanded_v2\tiles\coimbatore\masks\coimbatore_00005_mask.png,0,640,256,10,0.276641845703125,geographic_aoi_v2
coimbatore_00006,coimbatore,Sentinel-2,S2C_43PGN_20250221_0_L2A,train,data\expanded_v2\tiles\coimbatore\images\coimbatore_00006_rgb.png,data\expanded_v2\tiles\coimbatore\images\coimbatore_00006_rgbn.npy,data\expanded_v2\tiles\coimbatore\masks\coimbatore_00006_mask.png,0,768,256,10,0.177490234375,geographic_aoi_v2
coimbatore_00007,coimbatore,Sentinel-2,S2C_43PGN_20250221_0_L2A,train,data\expanded_v2\tiles\coimbatore\images\coimbatore_00007_rgb.png,data\expanded_v2\tiles\coimbatore\images\coimbatore_00007_rgbn.npy,data\expanded_v2\tiles\coimbatore\masks\coimbatore_00007_mask.png,0,896,256,10,0.1483154296875,geographic_aoi_v2
coimbatore_00008,coimbatore,Sentinel-2,S2C_43PGN_20250221_0_L2A,train,data\expanded_v2\tiles\coimbatore\images\coimbatore_00008_rgb.png,data\expanded_v2\tiles\coimbatore\images\coimbatore_00008_rgbn.npy,data\expanded_v2\tiles\coimbatore\masks\coimbatore_00008_mask.png,0,1024,256,10,0.183074951171875,geographic_aoi_v2
coimbatore_00009,coimbatore,Sentinel-2,S2C_43PGN_20250221_0_L2A,train,data\expanded_v2\tiles\coimbatore\images\coimbatore_00009_rgb.png,data\expanded_v2\tiles\coimbatore\images\coimbatore_00009_rgbn.npy,data\expanded_v2\tiles\coimbatore\masks\coimbatore_00009_mask.png,0,1152,256,10,0.20245361328125,geographic_aoi_v2
coimbatore_00010,coimbatore,Sentinel-2,S2C_43PGN_20250221_0_L2A,train,data\expanded_v2\tiles\coimbatore\images\coimbatore_00010_rgb.png,data\expanded_v2\tiles\coimbatore\images\coimbatore_00010_rgbn.npy,data\expanded_v2\tiles\coimbatore\masks\coimbatore_00010_mask.png,0,1280,256,10,0.2474212646484375,geographic_aoi_v2
coimbatore_00011,coimbatore,Sentinel-2,S2C_43PGN_20250221_0_L2A,train,data\expanded_v2\tiles\coimbatore\images\coimbatore_00011_rgb.png,data\expanded_v2\tiles\coimbatore\images\coimbatore_00011_rgbn.npy,data\expanded_v2\tiles\coimbatore\masks\coimbatore_00011_mask.png,0,1408,256,10,0.2639312744140625,geographic_aoi_v2
coimbatore_00012,coimbatore,Sentinel-2,S2C_43PGN_20250221_0_L2A,train,data\expanded_v2\tiles\coimbatore\images\coimbatore_00012_rgb.png,data\expanded_v2\tiles\coimbatore\images\coimbatore_00012_rgbn.npy,data\expanded_v2\tiles\coimbatore\masks\coimbatore_00012_mask.png,128,0,256,10,0.1605224609375,geographic_aoi_v2
coimbatore_00013,coimbatore,Sentinel-2,S2C_43PGN_20250221_0_L2A,train,data\expanded_v2\tiles\coimbatore\images\coimbatore_00013_rgb.png,data\expanded_v2\tiles\coimbatore\images\coimbatore_00013_rgbn.npy,data\expanded_v2\tiles\coimbatore\masks\coimbatore_00013_mask.png,128,128,256,10,0.1667938232421875,geographic_aoi_v2
coimbatore_00014,coimbatore,Sentinel-2,S2C_43PGN_20250221_0_L2A,train,data\expanded_v2\tiles\coimbatore\images\coimbatore_00014_rgb.png,data\expanded_v2\tiles\coimbatore\images\coimbatore_00014_rgbn.npy,data\expanded_v2\tiles\coimbatore\masks\coimbatore_00014_mask.png,128,256,256,10,0.2033233642578125,geographic_aoi_v2
coimbatore_00015,coimbatore,Sentinel-2,S2C_43PGN_20250221_0_L2A,train,data\expanded_v2\tiles\coimbatore\images\coimbatore_00015_rgb.png,data\expanded_v2\tiles\coimbatore\images\coimbatore_00015_rgbn.npy,data\expanded_v2\tiles\coimbatore\masks\coimbatore_00015_mask.png,128,384,256,10,0.24420166015625,geographic_aoi_v2
coimbatore_00016,coimbatore,Sentinel-2,S2C_43PGN_20250221_0_L2A,train,data\expanded_v2\tiles\coimbatore\images\coimbatore_00016_rgb.png,data\expanded_v2\tiles\coimbatore\images\coimbatore_00016_rgbn.npy,data\expanded_v2\tiles\coimbatore\masks\coimbatore_00016_mask.png,128,512,256,10,0.283416748046875,geographic_aoi_v2
coimbatore_00017,coimbatore,Sentinel-2,S2C_43PGN_20250221_0_L2A,train,data\expanded_v2\tiles\coimbatore\images\coimbatore_00017_rgb.png,data\expanded_v2\tiles\coimbatore\images\coimbatore_00017_rgbn.npy,data\expanded_v2\tiles\coimbatore\masks\coimbatore_00017_mask.png,128,640,256,10,0.269622802734375,geographic_aoi_v2
coimbatore_00018,coimbatore,Sentinel-2,S2C_43PGN_20250221_0_L2A,train,data\expanded_v2\tiles\coimbatore\images\coimbatore_00018_rgb.png,data\expanded_v2\tiles\coimbatore\images\coimbatore_00018_rgbn.npy,data\expanded_v2\tiles\coimbatore\masks\coimbatore_00018_mask.png,128,768,256,10,0.187957763671875,geographic_aoi_v2
coimbatore_00019,coimbatore,Sentinel-2,S2C_43PGN_20250221_0_L2A,train,data\expanded_v2\tiles\coimbatore\images\coimbatore_00019_rgb.png,data\expanded_v2\tiles\coimbatore\images\coimbatore_00019_rgbn.npy,data\expanded_v2\tiles\coimbatore\masks\coimbatore_00019_mask.png,128,896,256,10,0.1428985595703125,geographic_aoi_v2
coimbatore_00020,coimbatore,Sentinel-2,S2C_43PGN_20250221_0_L2A,train,data\expanded_v2\tiles\coimbatore\images\coimbatore_00020_rgb.png,data\expanded_v2\tiles\coimbatore\images\coimbatore_00020_rgbn.npy,data\expanded_v2\tiles\coimbatore\masks\coimbatore_00020_mask.png,128,1024,256,10,0.159088134765625,geographic_aoi_v2
coimbatore_00021,coimbatore,Sentinel-2,S2C_43PGN_20250221_0_L2A,train,data\expanded_v2\tiles\coimbatore\images\coimbatore_00021_rgb.png,data\expanded_v2\tiles\coimbatore\images\coimbatore_00021_rgbn.npy,data\expanded_v2\tiles\coimbatore\masks\coimbatore_00021_mask.png,128,1152,256,10,0.2288665771484375,geographic_aoi_v2
coimbatore_00022,coimbatore,Sentinel-2,S2C_43PGN_20250221_0_L2A,train,data\expanded_v2\tiles\coimbatore\images\coimbatore_00022_rgb.png,data\expanded_v2\tiles\coimbatore\images\coimbatore_00022_rgbn.npy,data\expanded_v2\tiles\coimbatore\masks\coimbatore_00022_mask.png,128,1280,256,10,0.287445068359375,geographic_aoi_v2
coimbatore_00023,coimbatore,Sentinel-2,S2C_43PGN_20250221_0_L2A,train,data\expanded_v2\tiles\coimbatore\images\coimbatore_00023_rgb.png,data\expanded_v2\tiles\coimbatore\images\coimbatore_00023_rgbn.npy,data\expanded_v2\tiles\coimbatore\masks\coimbatore_00023_mask.png,128,1408,256,10,0.2778778076171875,geographic_aoi_v2
coimbatore_00024,coimbatore,Sentinel-2,S2C_43PGN_20250221_0_L2A,train,data\expanded_v2\tiles\coimbatore\images\coimbatore_00024_rgb.png,data\expanded_v2\tiles\coimbatore\images\coimbatore_00024_rgbn.npy,data\expanded_v2\tiles\coimbatore\masks\coimbatore_00024_mask.png,256,0,256,10,0.125030517578125,geographic_aoi_v2
coimbatore_00025,coimbatore,Sentinel-2,S2C_43PGN_20250221_0_L2A,train,data\expanded_v2\tiles\coimbatore\images\coimbatore_00025_rgb.png,data\expanded_v2\tiles\coimbatore\images\coimbatore_00025_rgbn.npy,data\expanded_v2\tiles\coimbatore\masks\coimbatore_00025_mask.png,256,128,256,10,0.1634521484375,geographic_aoi_v2
coimbatore_00026,coimbatore,Sentinel-2,S2C_43PGN_20250221_0_L2A,train,data\expanded_v2\tiles\coimbatore\images\coimbatore_00026_rgb.png,data\expanded_v2\tiles\coimbatore\images\coimbatore_00026_rgbn.npy,data\expanded_v2\tiles\coimbatore\masks\coimbatore_00026_mask.png,256,256,256,10,0.1873931884765625,geographic_aoi_v2
coimbatore_00027,coimbatore,Sentinel-2,S2C_43PGN_20250221_0_L2A,train,data\expanded_v2\tiles\coimbatore\images\coimbatore_00027_rgb.png,data\expanded_v2\tiles\coimbatore\images\coimbatore_00027_rgbn.npy,data\expanded_v2\tiles\coimbatore\masks\coimbatore_00027_mask.png,256,384,256,10,0.194122314453125,geographic_aoi_v2
coimbatore_00028,coimbatore,Sentinel-2,S2C_43PGN_20250221_0_L2A,train,data\expanded_v2\tiles\coimbatore\images\coimbatore_00028_rgb.png,data\expanded_v2\tiles\coimbatore\images\coimbatore_00028_rgbn.npy,data\expanded_v2\tiles\coimbatore\masks\coimbatore_00028_mask.png,256,512,256,10,0.274078369140625,geographic_aoi_v2
coimbatore_00029,coimbatore,Sentinel-2,S2C_43PGN_20250221_0_L2A,train,data\expanded_v2\tiles\coimbatore\images\coimbatore_00029_rgb.png,data\expanded_v2\tiles\coimbatore\images\coimbatore_00029_rgbn.npy,data\expanded_v2\tiles\coimbatore\masks\coimbatore_00029_mask.png,256,640,256,10,0.2904510498046875,geographic_aoi_v2
coimbatore_00030,coimbatore,Sentinel-2,S2C_43PGN_20250221_0_L2A,train,data\expanded_v2\tiles\coimbatore\images\coimbatore_00030_rgb.png,data\expanded_v2\tiles\coimbatore\images\coimbatore_00030_rgbn.npy,data\expanded_v2\tiles\coimbatore\masks\coimbatore_00030_mask.png,256,768,256,10,0.20184326171875,geographic_aoi_v2
coimbatore_00031,coimbatore,Sentinel-2,S2C_43PGN_20250221_0_L2A,train,data\expanded_v2\tiles\coimbatore\images\coimbatore_00031_rgb.png,data\expanded_v2\tiles\coimbatore\images\coimbatore_00031_rgbn.npy,data\expanded_v2\tiles\coimbatore\masks\coimbatore_00031_mask.png,256,896,256,10,0.1532135009765625,geographic_aoi_v2
coimbatore_00032,coimbatore,Sentinel-2,S2C_43PGN_20250221_0_L2A,train,data\expanded_v2\tiles\coimbatore\images\coimbatore_00032_rgb.png,data\expanded_v2\tiles\coimbatore\images\coimbatore_00032_rgbn.npy,data\expanded_v2\tiles\coimbatore\masks\coimbatore_00032_mask.png,256,1024,256,10,0.17718505859375,geographic_aoi_v2
coimbatore_00033,coimbatore,Sentinel-2,S2C_43PGN_20250221_0_L2A,train,data\expanded_v2\tiles\coimbatore\images\coimbatore_00033_rgb.png,data\expanded_v2\tiles\coimbatore\images\coimbatore_00033_rgbn.npy,data\expanded_v2\tiles\coimbatore\masks\coimbatore_00033_mask.png,256,1152,256,10,0.265594482421875,geographic_aoi_v2
coimbatore_00034,coimbatore,Sentinel-2,S2C_43PGN_20250221_0_L2A,train,data\expanded_v2\tiles\coimbatore\images\coimbatore_00034_rgb.png,data\expanded_v2\tiles\coimbatore\images\coimbatore_00034_rgbn.npy,data\expanded_v2\tiles\coimbatore\masks\coimbatore_00034_mask.png,256,1280,256,10,0.316162109375,geographic_aoi_v2
coimbatore_00035,coimbatore,Sentinel-2,S2C_43PGN_20250221_0_L2A,train,data\expanded_v2\tiles\coimbatore\images\coimbatore_00035_rgb.png,data\expanded_v2\tiles\coimbatore\images\coimbatore_00035_rgbn.npy,data\expanded_v2\tiles\coimbatore\masks\coimbatore_00035_mask.png,256,1408,256,10,0.3150634765625,geographic_aoi_v2
coimbatore_00036,coimbatore,Sentinel-2,S2C_43PGN_20250221_0_L2A,train,data\expanded_v2\tiles\coimbatore\images\coimbatore_00036_rgb.png,data\expanded_v2\tiles\coimbatore\images\coimbatore_00036_rgbn.npy,data\expanded_v2\tiles\coimbatore\masks\coimbatore_00036_mask.png,384,0,256,10,0.1078948974609375,geographic_aoi_v2
coimbatore_00037,coimbatore,Sentinel-2,S2C_43PGN_20250221_0_L2A,train,data\expanded_v2\tiles\coimbatore\images\coimbatore_00037_rgb.png,data\expanded_v2\tiles\coimbatore\images\coimbatore_00037_rgbn.npy,data\expanded_v2\tiles\coimbatore\masks\coimbatore_00037_mask.png,384,128,256,10,0.1615753173828125,geographic_aoi_v2
coimbatore_00038,coimbatore,Sentinel-2,S2C_43PGN_20250221_0_L2A,train,data\expanded_v2\tiles\coimbatore\images\coimbatore_00038_rgb.png,data\expanded_v2\tiles\coimbatore\images\coimbatore_00038_rgbn.npy,data\expanded_v2\tiles\coimbatore\masks\coimbatore_00038_mask.png,384,256,256,10,0.1926116943359375,geographic_aoi_v2
coimbatore_00039,coimbatore,Sentinel-2,S2C_43PGN_20250221_0_L2A,train,data\expanded_v2\tiles\coimbatore\images\coimbatore_00039_rgb.png,data\expanded_v2\tiles\coimbatore\images\coimbatore_00039_rgbn.npy,data\expanded_v2\tiles\coimbatore\masks\coimbatore_00039_mask.png,384,384,256,10,0.2498321533203125,geographic_aoi_v2
coimbatore_00040,coimbatore,Sentinel-2,S2C_43PGN_20250221_0_L2A,train,data\expanded_v2\tiles\coimbatore\images\coimbatore_00040_rgb.png,data\expanded_v2\tiles\coimbatore\images\coimbatore_00040_rgbn.npy,data\expanded_v2\tiles\coimbatore\masks\coimbatore_00040_mask.png,384,512,256,10,0.3341827392578125,geographic_aoi_v2
coimbatore_00041,coimbatore,Sentinel-2,S2C_43PGN_20250221_0_L2A,train,data\expanded_v2\tiles\coimbatore\images\coimbatore_00041_rgb.png,data\expanded_v2\tiles\coimbatore\images\coimbatore_00041_rgbn.npy,data\expanded_v2\tiles\coimbatore\masks\coimbatore_00041_mask.png,384,640,256,10,0.337158203125,geographic_aoi_v2
coimbatore_00042,coimbatore,Sentinel-2,S2C_43PGN_20250221_0_L2A,train,data\expanded_v2\tiles\coimbatore\images\coimbatore_00042_rgb.png,data\expanded_v2\tiles\coimbatore\images\coimbatore_00042_rgbn.npy,data\expanded_v2\tiles\coimbatore\masks\coimbatore_00042_mask.png,384,768,256,10,0.2710113525390625,geographic_aoi_v2
coimbatore_00043,coimbatore,Sentinel-2,S2C_43PGN_20250221_0_L2A,train,data\expanded_v2\tiles\coimbatore\images\coimbatore_00043_rgb.png,data\expanded_v2\tiles\coimbatore\images\coimbatore_00043_rgbn.npy,data\expanded_v2\tiles\coimbatore\masks\coimbatore_00043_mask.png,384,896,256,10,0.246734619140625,geographic_aoi_v2
coimbatore_00044,coimbatore,Sentinel-2,S2C_43PGN_20250221_0_L2A,train,data\expanded_v2\tiles\coimbatore\images\coimbatore_00044_rgb.png,data\expanded_v2\tiles\coimbatore\images\coimbatore_00044_rgbn.npy,data\expanded_v2\tiles\coimbatore\masks\coimbatore_00044_mask.png,384,1024,256,10,0.2633056640625,geographic_aoi_v2
coimbatore_00045,coimbatore,Sentinel-2,S2C_43PGN_20250221_0_L2A,train,data\expanded_v2\tiles\coimbatore\images\coimbatore_00045_rgb.png,data\expanded_v2\tiles\coimbatore\images\coimbatore_00045_rgbn.npy,data\expanded_v2\tiles\coimbatore\masks\coimbatore_00045_mask.png,384,1152,256,10,0.313629150390625,geographic_aoi_v2
coimbatore_00046,coimbatore,Sentinel-2,S2C_43PGN_20250221_0_L2A,train,data\expanded_v2\tiles\coimbatore\images\coimbatore_00046_rgb.png,data\expanded_v2\tiles\coimbatore\images\coimbatore_00046_rgbn.npy,data\expanded_v2\tiles\coimbatore\masks\coimbatore_00046_mask.png,384,1280,256,10,0.309112548828125,geographic_aoi_v2
coimbatore_00047,coimbatore,Sentinel-2,S2C_43PGN_20250221_0_L2A,train,data\expanded_v2\tiles\coimbatore\images\coimbatore_00047_rgb.png,data\expanded_v2\tiles\coimbatore\images\coimbatore_00047_rgbn.npy,data\expanded_v2\tiles\coimbatore\masks\coimbatore_00047_mask.png,384,1408,256,10,0.269439697265625,geographic_aoi_v2
coimbatore_00048,coimbatore,Sentinel-2,S2C_43PGN_20250221_0_L2A,train,data\expanded_v2\tiles\coimbatore\images\coimbatore_00048_rgb.png,data\expanded_v2\tiles\coimbatore\images\coimbatore_00048_rgbn.npy,data\expanded_v2\tiles\coimbatore\masks\coimbatore_00048_mask.png,512,0,256,10,0.238250732421875,geographic_aoi_v2
coimbatore_00049,coimbatore,Sentinel-2,S2C_43PGN_20250221_0_L2A,train,data\expanded_v2\tiles\coimbatore\images\coimbatore_00049_rgb.png,data\expanded_v2\tiles\coimbatore\images\coimbatore_00049_rgbn.npy,data\expanded_v2\tiles\coimbatore\masks\coimbatore_00049_mask.png,512,128,256,10,0.2476806640625,geographic_aoi_v2
coimbatore_00050,coimbatore,Sentinel-2,S2C_43PGN_20250221_0_L2A,train,data\expanded_v2\tiles\coimbatore\images\coimbatore_00050_rgb.png,data\expanded_v2\tiles\coimbatore\images\coimbatore_00050_rgbn.npy,data\expanded_v2\tiles\coimbatore\masks\coimbatore_00050_mask.png,512,256,256,10,0.231719970703125,geographic_aoi_v2
coimbatore_00051,coimbatore,Sentinel-2,S2C_43PGN_20250221_0_L2A,train,data\expanded_v2\tiles\coimbatore\images\coimbatore_00051_rgb.png,data\expanded_v2\tiles\coimbatore\images\coimbatore_00051_rgbn.npy,data\expanded_v2\tiles\coimbatore\masks\coimbatore_00051_mask.png,512,384,256,10,0.314849853515625,geographic_aoi_v2
coimbatore_00052,coimbatore,Sentinel-2,S2C_43PGN_20250221_0_L2A,train,data\expanded_v2\tiles\coimbatore\images\coimbatore_00052_rgb.png,data\expanded_v2\tiles\coimbatore\images\coimbatore_00052_rgbn.npy,data\expanded_v2\tiles\coimbatore\masks\coimbatore_00052_mask.png,512,512,256,10,0.3726806640625,geographic_aoi_v2
coimbatore_00053,coimbatore,Sentinel-2,S2C_43PGN_20250221_0_L2A,train,data\expanded_v2\tiles\coimbatore\images\coimbatore_00053_rgb.png,data\expanded_v2\tiles\coimbatore\images\coimbatore_00053_rgbn.npy,data\expanded_v2\tiles\coimbatore\masks\coimbatore_00053_mask.png,512,640,256,10,0.3537445068359375,geographic_aoi_v2
coimbatore_00054,coimbatore,Sentinel-2,S2C_43PGN_20250221_0_L2A,train,data\expanded_v2\tiles\coimbatore\images\coimbatore_00054_rgb.png,data\expanded_v2\tiles\coimbatore\images\coimbatore_00054_rgbn.npy,data\expanded_v2\tiles\coimbatore\masks\coimbatore_00054_mask.png,512,768,256,10,0.329437255859375,geographic_aoi_v2
coimbatore_00055,coimbatore,Sentinel-2,S2C_43PGN_20250221_0_L2A,train,data\expanded_v2\tiles\coimbatore\images\coimbatore_00055_rgb.png,data\expanded_v2\tiles\coimbatore\images\coimbatore_00055_rgbn.npy,data\expanded_v2\tiles\coimbatore\masks\coimbatore_00055_mask.png,512,896,256,10,0.328704833984375,geographic_aoi_v2
coimbatore_00056,coimbatore,Sentinel-2,S2C_43PGN_20250221_0_L2A,train,data\expanded_v2\tiles\coimbatore\images\coimbatore_00056_rgb.png,data\expanded_v2\tiles\coimbatore\images\coimbatore_00056_rgbn.npy,data\expanded_v2\tiles\coimbatore\masks\coimbatore_00056_mask.png,512,1024,256,10,0.3178253173828125,geographic_aoi_v2
coimbatore_00057,coimbatore,Sentinel-2,S2C_43PGN_20250221_0_L2A,train,data\expanded_v2\tiles\coimbatore\images\coimbatore_00057_rgb.png,data\expanded_v2\tiles\coimbatore\images\coimbatore_00057_rgbn.npy,data\expanded_v2\tiles\coimbatore\masks\coimbatore_00057_mask.png,512,1152,256,10,0.304931640625,geographic_aoi_v2
coimbatore_00058,coimbatore,Sentinel-2,S2C_43PGN_20250221_0_L2A,train,data\expanded_v2\tiles\coimbatore\images\coimbatore_00058_rgb.png,data\expanded_v2\tiles\coimbatore\images\coimbatore_00058_rgbn.npy,data\expanded_v2\tiles\coimbatore\masks\coimbatore_00058_mask.png,512,1280,256,10,0.2786712646484375,geographic_aoi_v2
coimbatore_00059,coimbatore,Sentinel-2,S2C_43PGN_20250221_0_L2A,train,data\expanded_v2\tiles\coimbatore\images\coimbatore_00059_rgb.png,data\expanded_v2\tiles\coimbatore\images\coimbatore_00059_rgbn.npy,data\expanded_v2\tiles\coimbatore\masks\coimbatore_00059_mask.png,512,1408,256,10,0.214752197265625,geographic_aoi_v2
coimbatore_00060,coimbatore,Sentinel-2,S2C_43PGN_20250221_0_L2A,train,data\expanded_v2\tiles\coimbatore\images\coimbatore_00060_rgb.png,data\expanded_v2\tiles\coimbatore\images\coimbatore_00060_rgbn.npy,data\expanded_v2\tiles\coimbatore\masks\coimbatore_00060_mask.png,640,0,256,10,0.326080322265625,geographic_aoi_v2
coimbatore_00061,coimbatore,Sentinel-2,S2C_43PGN_20250221_0_L2A,train,data\expanded_v2\tiles\coimbatore\images\coimbatore_00061_rgb.png,data\expanded_v2\tiles\coimbatore\images\coimbatore_00061_rgbn.npy,data\expanded_v2\tiles\coimbatore\masks\coimbatore_00061_mask.png,640,128,256,10,0.3348541259765625,geographic_aoi_v2
coimbatore_00062,coimbatore,Sentinel-2,S2C_43PGN_20250221_0_L2A,train,data\expanded_v2\tiles\coimbatore\images\coimbatore_00062_rgb.png,data\expanded_v2\tiles\coimbatore\images\coimbatore_00062_rgbn.npy,data\expanded_v2\tiles\coimbatore\masks\coimbatore_00062_mask.png,640,256,256,10,0.31597900390625,geographic_aoi_v2
coimbatore_00063,coimbatore,Sentinel-2,S2C_43PGN_20250221_0_L2A,train,data\expanded_v2\tiles\coimbatore\images\coimbatore_00063_rgb.png,data\expanded_v2\tiles\coimbatore\images\coimbatore_00063_rgbn.npy,data\expanded_v2\tiles\coimbatore\masks\coimbatore_00063_mask.png,640,384,256,10,0.3134918212890625,geographic_aoi_v2
coimbatore_00064,coimbatore,Sentinel-2,S2C_43PGN_20250221_0_L2A,train,data\expanded_v2\tiles\coimbatore\images\coimbatore_00064_rgb.png,data\expanded_v2\tiles\coimbatore\images\coimbatore_00064_rgbn.npy,data\expanded_v2\tiles\coimbatore\masks\coimbatore_00064_mask.png,640,512,256,10,0.3197021484375,geographic_aoi_v2
coimbatore_00065,coimbatore,Sentinel-2,S2C_43PGN_20250221_0_L2A,train,data\expanded_v2\tiles\coimbatore\images\coimbatore_00065_rgb.png,data\expanded_v2\tiles\coimbatore\images\coimbatore_00065_rgbn.npy,data\expanded_v2\tiles\coimbatore\masks\coimbatore_00065_mask.png,640,640,256,10,0.3334197998046875,geographic_aoi_v2
coimbatore_00066,coimbatore,Sentinel-2,S2C_43PGN_20250221_0_L2A,train,data\expanded_v2\tiles\coimbatore\images\coimbatore_00066_rgb.png,data\expanded_v2\tiles\coimbatore\images\coimbatore_00066_rgbn.npy,data\expanded_v2\tiles\coimbatore\masks\coimbatore_00066_mask.png,640,768,256,10,0.3595123291015625,geographic_aoi_v2
coimbatore_00067,coimbatore,Sentinel-2,S2C_43PGN_20250221_0_L2A,train,data\expanded_v2\tiles\coimbatore\images\coimbatore_00067_rgb.png,data\expanded_v2\tiles\coimbatore\images\coimbatore_00067_rgbn.npy,data\expanded_v2\tiles\coimbatore\masks\coimbatore_00067_mask.png,640,896,256,10,0.3665313720703125,geographic_aoi_v2
coimbatore_00068,coimbatore,Sentinel-2,S2C_43PGN_20250221_0_L2A,train,data\expanded_v2\tiles\coimbatore\images\coimbatore_00068_rgb.png,data\expanded_v2\tiles\coimbatore\images\coimbatore_00068_rgbn.npy,data\expanded_v2\tiles\coimbatore\masks\coimbatore_00068_mask.png,640,1024,256,10,0.32562255859375,geographic_aoi_v2
coimbatore_00069,coimbatore,Sentinel-2,S2C_43PGN_20250221_0_L2A,train,data\expanded_v2\tiles\coimbatore\images\coimbatore_00069_rgb.png,data\expanded_v2\tiles\coimbatore\images\coimbatore_00069_rgbn.npy,data\expanded_v2\tiles\coimbatore\masks\coimbatore_00069_mask.png,640,1152,256,10,0.2799072265625,geographic_aoi_v2
coimbatore_00070,coimbatore,Sentinel-2,S2C_43PGN_20250221_0_L2A,train,data\expanded_v2\tiles\coimbatore\images\coimbatore_00070_rgb.png,data\expanded_v2\tiles\coimbatore\images\coimbatore_00070_rgbn.npy,data\expanded_v2\tiles\coimbatore\masks\coimbatore_00070_mask.png,640,1280,256,10,0.2662811279296875,geographic_aoi_v2
coimbatore_00071,coimbatore,Sentinel-2,S2C_43PGN_20250221_0_L2A,train,data\expanded_v2\tiles\coimbatore\images\coimbatore_00071_rgb.png,data\expanded_v2\tiles\coimbatore\images\coimbatore_00071_rgbn.npy,data\expanded_v2\tiles\coimbatore\masks\coimbatore_00071_mask.png,640,1408,256,10,0.2716522216796875,geographic_aoi_v2
coimbatore_00072,coimbatore,Sentinel-2,S2C_43PGN_20250221_0_L2A,train,data\expanded_v2\tiles\coimbatore\images\coimbatore_00072_rgb.png,data\expanded_v2\tiles\coimbatore\images\coimbatore_00072_rgbn.npy,data\expanded_v2\tiles\coimbatore\masks\coimbatore_00072_mask.png,768,0,256,10,0.275390625,geographic_aoi_v2
coimbatore_00073,coimbatore,Sentinel-2,S2C_43PGN_20250221_0_L2A,train,data\expanded_v2\tiles\coimbatore\images\coimbatore_00073_rgb.png,data\expanded_v2\tiles\coimbatore\images\coimbatore_00073_rgbn.npy,data\expanded_v2\tiles\coimbatore\masks\coimbatore_00073_mask.png,768,128,256,10,0.2885589599609375,geographic_aoi_v2
coimbatore_00074,coimbatore,Sentinel-2,S2C_43PGN_20250221_0_L2A,train,data\expanded_v2\tiles\coimbatore\images\coimbatore_00074_rgb.png,data\expanded_v2\tiles\coimbatore\images\coimbatore_00074_rgbn.npy,data\expanded_v2\tiles\coimbatore\masks\coimbatore_00074_mask.png,768,256,256,10,0.3030853271484375,geographic_aoi_v2
coimbatore_00075,coimbatore,Sentinel-2,S2C_43PGN_20250221_0_L2A,train,data\expanded_v2\tiles\coimbatore\images\coimbatore_00075_rgb.png,data\expanded_v2\tiles\coimbatore\images\coimbatore_00075_rgbn.npy,data\expanded_v2\tiles\coimbatore\masks\coimbatore_00075_mask.png,768,384,256,10,0.283355712890625,geographic_aoi_v2
coimbatore_00076,coimbatore,Sentinel-2,S2C_43PGN_20250221_0_L2A,train,data\expanded_v2\tiles\coimbatore\images\coimbatore_00076_rgb.png,data\expanded_v2\tiles\coimbatore\images\coimbatore_00076_rgbn.npy,data\expanded_v2\tiles\coimbatore\masks\coimbatore_00076_mask.png,768,512,256,10,0.2871551513671875,geographic_aoi_v2
coimbatore_00077,coimbatore,Sentinel-2,S2C_43PGN_20250221_0_L2A,train,data\expanded_v2\tiles\coimbatore\images\coimbatore_00077_rgb.png,data\expanded_v2\tiles\coimbatore\images\coimbatore_00077_rgbn.npy,data\expanded_v2\tiles\coimbatore\masks\coimbatore_00077_mask.png,768,640,256,10,0.3015289306640625,geographic_aoi_v2
coimbatore_00078,coimbatore,Sentinel-2,S2C_43PGN_20250221_0_L2A,train,data\expanded_v2\tiles\coimbatore\images\coimbatore_00078_rgb.png,data\expanded_v2\tiles\coimbatore\images\coimbatore_00078_rgbn.npy,data\expanded_v2\tiles\coimbatore\masks\coimbatore_00078_mask.png,768,768,256,10,0.32952880859375,geographic_aoi_v2
coimbatore_00079,coimbatore,Sentinel-2,S2C_43PGN_20250221_0_L2A,train,data\expanded_v2\tiles\coimbatore\images\coimbatore_00079_rgb.png,data\expanded_v2\tiles\coimbatore\images\coimbatore_00079_rgbn.npy,data\expanded_v2\tiles\coimbatore\masks\coimbatore_00079_mask.png,768,896,256,10,0.3407440185546875,geographic_aoi_v2
coimbatore_00080,coimbatore,Sentinel-2,S2C_43PGN_20250221_0_L2A,train,data\expanded_v2\tiles\coimbatore\images\coimbatore_00080_rgb.png,data\expanded_v2\tiles\coimbatore\images\coimbatore_00080_rgbn.npy,data\expanded_v2\tiles\coimbatore\masks\coimbatore_00080_mask.png,768,1024,256,10,0.3164825439453125,geographic_aoi_v2
coimbatore_00081,coimbatore,Sentinel-2,S2C_43PGN_20250221_0_L2A,train,data\expanded_v2\tiles\coimbatore\images\coimbatore_00081_rgb.png,data\expanded_v2\tiles\coimbatore\images\coimbatore_00081_rgbn.npy,data\expanded_v2\tiles\coimbatore\masks\coimbatore_00081_mask.png,768,1152,256,10,0.292877197265625,geographic_aoi_v2
coimbatore_00082,coimbatore,Sentinel-2,S2C_43PGN_20250221_0_L2A,train,data\expanded_v2\tiles\coimbatore\images\coimbatore_00082_rgb.png,data\expanded_v2\tiles\coimbatore\images\coimbatore_00082_rgbn.npy,data\expanded_v2\tiles\coimbatore\masks\coimbatore_00082_mask.png,768,1280,256,10,0.2851715087890625,geographic_aoi_v2
coimbatore_00083,coimbatore,Sentinel-2,S2C_43PGN_20250221_0_L2A,train,data\expanded_v2\tiles\coimbatore\images\coimbatore_00083_rgb.png,data\expanded_v2\tiles\coimbatore\images\coimbatore_00083_rgbn.npy,data\expanded_v2\tiles\coimbatore\masks\coimbatore_00083_mask.png,768,1408,256,10,0.3210906982421875,geographic_aoi_v2
coimbatore_00084,coimbatore,Sentinel-2,S2C_43PGN_20250221_0_L2A,train,data\expanded_v2\tiles\coimbatore\images\coimbatore_00084_rgb.png,data\expanded_v2\tiles\coimbatore\images\coimbatore_00084_rgbn.npy,data\expanded_v2\tiles\coimbatore\masks\coimbatore_00084_mask.png,896,0,256,10,0.2136077880859375,geographic_aoi_v2
coimbatore_00085,coimbatore,Sentinel-2,S2C_43PGN_20250221_0_L2A,train,data\expanded_v2\tiles\coimbatore\images\coimbatore_00085_rgb.png,data\expanded_v2\tiles\coimbatore\images\coimbatore_00085_rgbn.npy,data\expanded_v2\tiles\coimbatore\masks\coimbatore_00085_mask.png,896,128,256,10,0.210968017578125,geographic_aoi_v2
coimbatore_00086,coimbatore,Sentinel-2,S2C_43PGN_20250221_0_L2A,train,data\expanded_v2\tiles\coimbatore\images\coimbatore_00086_rgb.png,data\expanded_v2\tiles\coimbatore\images\coimbatore_00086_rgbn.npy,data\expanded_v2\tiles\coimbatore\masks\coimbatore_00086_mask.png,896,256,256,10,0.1829833984375,geographic_aoi_v2
coimbatore_00087,coimbatore,Sentinel-2,S2C_43PGN_20250221_0_L2A,train,data\expanded_v2\tiles\coimbatore\images\coimbatore_00087_rgb.png,data\expanded_v2\tiles\coimbatore\images\coimbatore_00087_rgbn.npy,data\expanded_v2\tiles\coimbatore\masks\coimbatore_00087_mask.png,896,384,256,10,0.197540283203125,geographic_aoi_v2
coimbatore_00088,coimbatore,Sentinel-2,S2C_43PGN_20250221_0_L2A,train,data\expanded_v2\tiles\coimbatore\images\coimbatore_00088_rgb.png,data\expanded_v2\tiles\coimbatore\images\coimbatore_00088_rgbn.npy,data\expanded_v2\tiles\coimbatore\masks\coimbatore_00088_mask.png,896,512,256,10,0.235260009765625,geographic_aoi_v2
coimbatore_00089,coimbatore,Sentinel-2,S2C_43PGN_20250221_0_L2A,train,data\expanded_v2\tiles\coimbatore\images\coimbatore_00089_rgb.png,data\expanded_v2\tiles\coimbatore\images\coimbatore_00089_rgbn.npy,data\expanded_v2\tiles\coimbatore\masks\coimbatore_00089_mask.png,896,640,256,10,0.26251220703125,geographic_aoi_v2
coimbatore_00090,coimbatore,Sentinel-2,S2C_43PGN_20250221_0_L2A,train,data\expanded_v2\tiles\coimbatore\images\coimbatore_00090_rgb.png,data\expanded_v2\tiles\coimbatore\images\coimbatore_00090_rgbn.npy,data\expanded_v2\tiles\coimbatore\masks\coimbatore_00090_mask.png,896,768,256,10,0.30926513671875,geographic_aoi_v2
coimbatore_00091,coimbatore,Sentinel-2,S2C_43PGN_20250221_0_L2A,train,data\expanded_v2\tiles\coimbatore\images\coimbatore_00091_rgb.png,data\expanded_v2\tiles\coimbatore\images\coimbatore_00091_rgbn.npy,data\expanded_v2\tiles\coimbatore\masks\coimbatore_00091_mask.png,896,896,256,10,0.31610107421875,geographic_aoi_v2
coimbatore_00092,coimbatore,Sentinel-2,S2C_43PGN_20250221_0_L2A,train,data\expanded_v2\tiles\coimbatore\images\coimbatore_00092_rgb.png,data\expanded_v2\tiles\coimbatore\images\coimbatore_00092_rgbn.npy,data\expanded_v2\tiles\coimbatore\masks\coimbatore_00092_mask.png,896,1024,256,10,0.31512451171875,geographic_aoi_v2
coimbatore_00093,coimbatore,Sentinel-2,S2C_43PGN_20250221_0_L2A,train,data\expanded_v2\tiles\coimbatore\images\coimbatore_00093_rgb.png,data\expanded_v2\tiles\coimbatore\images\coimbatore_00093_rgbn.npy,data\expanded_v2\tiles\coimbatore\masks\coimbatore_00093_mask.png,896,1152,256,10,0.3264923095703125,geographic_aoi_v2
coimbatore_00094,coimbatore,Sentinel-2,S2C_43PGN_20250221_0_L2A,train,data\expanded_v2\tiles\coimbatore\images\coimbatore_00094_rgb.png,data\expanded_v2\tiles\coimbatore\images\coimbatore_00094_rgbn.npy,data\expanded_v2\tiles\coimbatore\masks\coimbatore_00094_mask.png,896,1280,256,10,0.3080902099609375,geographic_aoi_v2
coimbatore_00095,coimbatore,Sentinel-2,S2C_43PGN_20250221_0_L2A,train,data\expanded_v2\tiles\coimbatore\images\coimbatore_00095_rgb.png,data\expanded_v2\tiles\coimbatore\images\coimbatore_00095_rgbn.npy,data\expanded_v2\tiles\coimbatore\masks\coimbatore_00095_mask.png,896,1408,256,10,0.29827880859375,geographic_aoi_v2
coimbatore_00096,coimbatore,Sentinel-2,S2C_43PGN_20250221_0_L2A,train,data\expanded_v2\tiles\coimbatore\images\coimbatore_00096_rgb.png,data\expanded_v2\tiles\coimbatore\images\coimbatore_00096_rgbn.npy,data\expanded_v2\tiles\coimbatore\masks\coimbatore_00096_mask.png,1024,0,256,10,0.128997802734375,geographic_aoi_v2
coimbatore_00097,coimbatore,Sentinel-2,S2C_43PGN_20250221_0_L2A,train,data\expanded_v2\tiles\coimbatore\images\coimbatore_00097_rgb.png,data\expanded_v2\tiles\coimbatore\images\coimbatore_00097_rgbn.npy,data\expanded_v2\tiles\coimbatore\masks\coimbatore_00097_mask.png,1024,128,256,10,0.1259307861328125,geographic_aoi_v2
coimbatore_00098,coimbatore,Sentinel-2,S2C_43PGN_20250221_0_L2A,train,data\expanded_v2\tiles\coimbatore\images\coimbatore_00098_rgb.png,data\expanded_v2\tiles\coimbatore\images\coimbatore_00098_rgbn.npy,data\expanded_v2\tiles\coimbatore\masks\coimbatore_00098_mask.png,1024,256,256,10,0.091156005859375,geographic_aoi_v2
coimbatore_00099,coimbatore,Sentinel-2,S2C_43PGN_20250221_0_L2A,train,data\expanded_v2\tiles\coimbatore\images\coimbatore_00099_rgb.png,data\expanded_v2\tiles\coimbatore\images\coimbatore_00099_rgbn.npy,data\expanded_v2\tiles\coimbatore\masks\coimbatore_00099_mask.png,1024,384,256,10,0.1222686767578125,geographic_aoi_v2
coimbatore_00100,coimbatore,Sentinel-2,S2C_43PGN_20250221_0_L2A,train,data\expanded_v2\tiles\coimbatore\images\coimbatore_00100_rgb.png,data\expanded_v2\tiles\coimbatore\images\coimbatore_00100_rgbn.npy,data\expanded_v2\tiles\coimbatore\masks\coimbatore_00100_mask.png,1024,512,256,10,0.2266998291015625,geographic_aoi_v2
coimbatore_00101,coimbatore,Sentinel-2,S2C_43PGN_20250221_0_L2A,train,data\expanded_v2\tiles\coimbatore\images\coimbatore_00101_rgb.png,data\expanded_v2\tiles\coimbatore\images\coimbatore_00101_rgbn.npy,data\expanded_v2\tiles\coimbatore\masks\coimbatore_00101_mask.png,1024,640,256,10,0.2781982421875,geographic_aoi_v2
coimbatore_00102,coimbatore,Sentinel-2,S2C_43PGN_20250221_0_L2A,train,data\expanded_v2\tiles\coimbatore\images\coimbatore_00102_rgb.png,data\expanded_v2\tiles\coimbatore\images\coimbatore_00102_rgbn.npy,data\expanded_v2\tiles\coimbatore\masks\coimbatore_00102_mask.png,1024,768,256,10,0.2998809814453125,geographic_aoi_v2
coimbatore_00103,coimbatore,Sentinel-2,S2C_43PGN_20250221_0_L2A,train,data\expanded_v2\tiles\coimbatore\images\coimbatore_00103_rgb.png,data\expanded_v2\tiles\coimbatore\images\coimbatore_00103_rgbn.npy,data\expanded_v2\tiles\coimbatore\masks\coimbatore_00103_mask.png,1024,896,256,10,0.3035888671875,geographic_aoi_v2
coimbatore_00104,coimbatore,Sentinel-2,S2C_43PGN_20250221_0_L2A,train,data\expanded_v2\tiles\coimbatore\images\coimbatore_00104_rgb.png,data\expanded_v2\tiles\coimbatore\images\coimbatore_00104_rgbn.npy,data\expanded_v2\tiles\coimbatore\masks\coimbatore_00104_mask.png,1024,1024,256,10,0.2676544189453125,geographic_aoi_v2
coimbatore_00105,coimbatore,Sentinel-2,S2C_43PGN_20250221_0_L2A,train,data\expanded_v2\tiles\coimbatore\images\coimbatore_00105_rgb.png,data\expanded_v2\tiles\coimbatore\images\coimbatore_00105_rgbn.npy,data\expanded_v2\tiles\coimbatore\masks\coimbatore_00105_mask.png,1024,1152,256,10,0.29632568359375,geographic_aoi_v2
coimbatore_00106,coimbatore,Sentinel-2,S2C_43PGN_20250221_0_L2A,train,data\expanded_v2\tiles\coimbatore\images\coimbatore_00106_rgb.png,data\expanded_v2\tiles\coimbatore\images\coimbatore_00106_rgbn.npy,data\expanded_v2\tiles\coimbatore\masks\coimbatore_00106_mask.png,1024,1280,256,10,0.2608184814453125,geographic_aoi_v2
coimbatore_00107,coimbatore,Sentinel-2,S2C_43PGN_20250221_0_L2A,train,data\expanded_v2\tiles\coimbatore\images\coimbatore_00107_rgb.png,data\expanded_v2\tiles\coimbatore\images\coimbatore_00107_rgbn.npy,data\expanded_v2\tiles\coimbatore\masks\coimbatore_00107_mask.png,1024,1408,256,10,0.16064453125,geographic_aoi_v2
coimbatore_00108,coimbatore,Sentinel-2,S2C_43PGN_20250221_0_L2A,train,data\expanded_v2\tiles\coimbatore\images\coimbatore_00108_rgb.png,data\expanded_v2\tiles\coimbatore\images\coimbatore_00108_rgbn.npy,data\expanded_v2\tiles\coimbatore\masks\coimbatore_00108_mask.png,1152,0,256,10,0.051605224609375,geographic_aoi_v2
coimbatore_00109,coimbatore,Sentinel-2,S2C_43PGN_20250221_0_L2A,train,data\expanded_v2\tiles\coimbatore\images\coimbatore_00109_rgb.png,data\expanded_v2\tiles\coimbatore\images\coimbatore_00109_rgbn.npy,data\expanded_v2\tiles\coimbatore\masks\coimbatore_00109_mask.png,1152,128,256,10,0.05731201171875,geographic_aoi_v2
coimbatore_00110,coimbatore,Sentinel-2,S2C_43PGN_20250221_0_L2A,train,data\expanded_v2\tiles\coimbatore\images\coimbatore_00110_rgb.png,data\expanded_v2\tiles\coimbatore\images\coimbatore_00110_rgbn.npy,data\expanded_v2\tiles\coimbatore\masks\coimbatore_00110_mask.png,1152,256,256,10,0.07574462890625,geographic_aoi_v2
coimbatore_00111,coimbatore,Sentinel-2,S2C_43PGN_20250221_0_L2A,train,data\expanded_v2\tiles\coimbatore\images\coimbatore_00111_rgb.png,data\expanded_v2\tiles\coimbatore\images\coimbatore_00111_rgbn.npy,data\expanded_v2\tiles\coimbatore\masks\coimbatore_00111_mask.png,1152,384,256,10,0.1133270263671875,geographic_aoi_v2
coimbatore_00112,coimbatore,Sentinel-2,S2C_43PGN_20250221_0_L2A,train,data\expanded_v2\tiles\coimbatore\images\coimbatore_00112_rgb.png,data\expanded_v2\tiles\coimbatore\images\coimbatore_00112_rgbn.npy,data\expanded_v2\tiles\coimbatore\masks\coimbatore_00112_mask.png,1152,512,256,10,0.182464599609375,geographic_aoi_v2
coimbatore_00113,coimbatore,Sentinel-2,S2C_43PGN_20250221_0_L2A,train,data\expanded_v2\tiles\coimbatore\images\coimbatore_00113_rgb.png,data\expanded_v2\tiles\coimbatore\images\coimbatore_00113_rgbn.npy,data\expanded_v2\tiles\coimbatore\masks\coimbatore_00113_mask.png,1152,640,256,10,0.199859619140625,geographic_aoi_v2
coimbatore_00114,coimbatore,Sentinel-2,S2C_43PGN_20250221_0_L2A,train,data\expanded_v2\tiles\coimbatore\images\coimbatore_00114_rgb.png,data\expanded_v2\tiles\coimbatore\images\coimbatore_00114_rgbn.npy,data\expanded_v2\tiles\coimbatore\masks\coimbatore_00114_mask.png,1152,768,256,10,0.2433319091796875,geographic_aoi_v2
coimbatore_00115,coimbatore,Sentinel-2,S2C_43PGN_20250221_0_L2A,train,data\expanded_v2\tiles\coimbatore\images\coimbatore_00115_rgb.png,data\expanded_v2\tiles\coimbatore\images\coimbatore_00115_rgbn.npy,data\expanded_v2\tiles\coimbatore\masks\coimbatore_00115_mask.png,1152,896,256,10,0.259552001953125,geographic_aoi_v2
coimbatore_00116,coimbatore,Sentinel-2,S2C_43PGN_20250221_0_L2A,train,data\expanded_v2\tiles\coimbatore\images\coimbatore_00116_rgb.png,data\expanded_v2\tiles\coimbatore\images\coimbatore_00116_rgbn.npy,data\expanded_v2\tiles\coimbatore\masks\coimbatore_00116_mask.png,1152,1024,256,10,0.1526641845703125,geographic_aoi_v2
coimbatore_00117,coimbatore,Sentinel-2,S2C_43PGN_20250221_0_L2A,train,data\expanded_v2\tiles\coimbatore\images\coimbatore_00117_rgb.png,data\expanded_v2\tiles\coimbatore\images\coimbatore_00117_rgbn.npy,data\expanded_v2\tiles\coimbatore\masks\coimbatore_00117_mask.png,1152,1152,256,10,0.1630401611328125,geographic_aoi_v2
coimbatore_00118,coimbatore,Sentinel-2,S2C_43PGN_20250221_0_L2A,train,data\expanded_v2\tiles\coimbatore\images\coimbatore_00118_rgb.png,data\expanded_v2\tiles\coimbatore\images\coimbatore_00118_rgbn.npy,data\expanded_v2\tiles\coimbatore\masks\coimbatore_00118_mask.png,1152,1280,256,10,0.1640167236328125,geographic_aoi_v2
coimbatore_00119,coimbatore,Sentinel-2,S2C_43PGN_20250221_0_L2A,train,data\expanded_v2\tiles\coimbatore\images\coimbatore_00119_rgb.png,data\expanded_v2\tiles\coimbatore\images\coimbatore_00119_rgbn.npy,data\expanded_v2\tiles\coimbatore\masks\coimbatore_00119_mask.png,1152,1408,256,10,0.1283111572265625,geographic_aoi_v2
coimbatore_00120,coimbatore,Sentinel-2,S2C_43PGN_20250221_0_L2A,train,data\expanded_v2\tiles\coimbatore\images\coimbatore_00120_rgb.png,data\expanded_v2\tiles\coimbatore\images\coimbatore_00120_rgbn.npy,data\expanded_v2\tiles\coimbatore\masks\coimbatore_00120_mask.png,1280,0,256,10,0.128753662109375,geographic_aoi_v2
coimbatore_00121,coimbatore,Sentinel-2,S2C_43PGN_20250221_0_L2A,train,data\expanded_v2\tiles\coimbatore\images\coimbatore_00121_rgb.png,data\expanded_v2\tiles\coimbatore\images\coimbatore_00121_rgbn.npy,data\expanded_v2\tiles\coimbatore\masks\coimbatore_00121_mask.png,1280,128,256,10,0.166229248046875,geographic_aoi_v2
coimbatore_00122,coimbatore,Sentinel-2,S2C_43PGN_20250221_0_L2A,train,data\expanded_v2\tiles\coimbatore\images\coimbatore_00122_rgb.png,data\expanded_v2\tiles\coimbatore\images\coimbatore_00122_rgbn.npy,data\expanded_v2\tiles\coimbatore\masks\coimbatore_00122_mask.png,1280,256,256,10,0.167236328125,geographic_aoi_v2
coimbatore_00123,coimbatore,Sentinel-2,S2C_43PGN_20250221_0_L2A,train,data\expanded_v2\tiles\coimbatore\images\coimbatore_00123_rgb.png,data\expanded_v2\tiles\coimbatore\images\coimbatore_00123_rgbn.npy,data\expanded_v2\tiles\coimbatore\masks\coimbatore_00123_mask.png,1280,384,256,10,0.14306640625,geographic_aoi_v2
coimbatore_00124,coimbatore,Sentinel-2,S2C_43PGN_20250221_0_L2A,train,data\expanded_v2\tiles\coimbatore\images\coimbatore_00124_rgb.png,data\expanded_v2\tiles\coimbatore\images\coimbatore_00124_rgbn.npy,data\expanded_v2\tiles\coimbatore\masks\coimbatore_00124_mask.png,1280,512,256,10,0.09912109375,geographic_aoi_v2
coimbatore_00125,coimbatore,Sentinel-2,S2C_43PGN_20250221_0_L2A,train,data\expanded_v2\tiles\coimbatore\images\coimbatore_00125_rgb.png,data\expanded_v2\tiles\coimbatore\images\coimbatore_00125_rgbn.npy,data\expanded_v2\tiles\coimbatore\masks\coimbatore_00125_mask.png,1280,640,256,10,0.1594085693359375,geographic_aoi_v2
coimbatore_00126,coimbatore,Sentinel-2,S2C_43PGN_20250221_0_L2A,train,data\expanded_v2\tiles\coimbatore\images\coimbatore_00126_rgb.png,data\expanded_v2\tiles\coimbatore\images\coimbatore_00126_rgbn.npy,data\expanded_v2\tiles\coimbatore\masks\coimbatore_00126_mask.png,1280,768,256,10,0.223388671875,geographic_aoi_v2
coimbatore_00127,coimbatore,Sentinel-2,S2C_43PGN_20250221_0_L2A,train,data\expanded_v2\tiles\coimbatore\images\coimbatore_00127_rgb.png,data\expanded_v2\tiles\coimbatore\images\coimbatore_00127_rgbn.npy,data\expanded_v2\tiles\coimbatore\masks\coimbatore_00127_mask.png,1280,896,256,10,0.2288360595703125,geographic_aoi_v2
coimbatore_00128,coimbatore,Sentinel-2,S2C_43PGN_20250221_0_L2A,train,data\expanded_v2\tiles\coimbatore\images\coimbatore_00128_rgb.png,data\expanded_v2\tiles\coimbatore\images\coimbatore_00128_rgbn.npy,data\expanded_v2\tiles\coimbatore\masks\coimbatore_00128_mask.png,1280,1024,256,10,0.1930694580078125,geographic_aoi_v2
coimbatore_00129,coimbatore,Sentinel-2,S2C_43PGN_20250221_0_L2A,train,data\expanded_v2\tiles\coimbatore\images\coimbatore_00129_rgb.png,data\expanded_v2\tiles\coimbatore\images\coimbatore_00129_rgbn.npy,data\expanded_v2\tiles\coimbatore\masks\coimbatore_00129_mask.png,1280,1152,256,10,0.1708984375,geographic_aoi_v2
coimbatore_00130,coimbatore,Sentinel-2,S2C_43PGN_20250221_0_L2A,train,data\expanded_v2\tiles\coimbatore\images\coimbatore_00130_rgb.png,data\expanded_v2\tiles\coimbatore\images\coimbatore_00130_rgbn.npy,data\expanded_v2\tiles\coimbatore\masks\coimbatore_00130_mask.png,1280,1280,256,10,0.182769775390625,geographic_aoi_v2
coimbatore_00131,coimbatore,Sentinel-2,S2C_43PGN_20250221_0_L2A,train,data\expanded_v2\tiles\coimbatore\images\coimbatore_00131_rgb.png,data\expanded_v2\tiles\coimbatore\images\coimbatore_00131_rgbn.npy,data\expanded_v2\tiles\coimbatore\masks\coimbatore_00131_mask.png,1280,1408,256,10,0.188995361328125,geographic_aoi_v2
coimbatore_00132,coimbatore,Sentinel-2,S2C_43PGN_20250221_0_L2A,train,data\expanded_v2\tiles\coimbatore\images\coimbatore_00132_rgb.png,data\expanded_v2\tiles\coimbatore\images\coimbatore_00132_rgbn.npy,data\expanded_v2\tiles\coimbatore\masks\coimbatore_00132_mask.png,1408,0,256,10,0.18426513671875,geographic_aoi_v2
coimbatore_00133,coimbatore,Sentinel-2,S2C_43PGN_20250221_0_L2A,train,data\expanded_v2\tiles\coimbatore\images\coimbatore_00133_rgb.png,data\expanded_v2\tiles\coimbatore\images\coimbatore_00133_rgbn.npy,data\expanded_v2\tiles\coimbatore\masks\coimbatore_00133_mask.png,1408,128,256,10,0.22247314453125,geographic_aoi_v2
coimbatore_00134,coimbatore,Sentinel-2,S2C_43PGN_20250221_0_L2A,train,data\expanded_v2\tiles\coimbatore\images\coimbatore_00134_rgb.png,data\expanded_v2\tiles\coimbatore\images\coimbatore_00134_rgbn.npy,data\expanded_v2\tiles\coimbatore\masks\coimbatore_00134_mask.png,1408,256,256,10,0.21954345703125,geographic_aoi_v2
coimbatore_00135,coimbatore,Sentinel-2,S2C_43PGN_20250221_0_L2A,train,data\expanded_v2\tiles\coimbatore\images\coimbatore_00135_rgb.png,data\expanded_v2\tiles\coimbatore\images\coimbatore_00135_rgbn.npy,data\expanded_v2\tiles\coimbatore\masks\coimbatore_00135_mask.png,1408,384,256,10,0.2382659912109375,geographic_aoi_v2
coimbatore_00136,coimbatore,Sentinel-2,S2C_43PGN_20250221_0_L2A,train,data\expanded_v2\tiles\coimbatore\images\coimbatore_00136_rgb.png,data\expanded_v2\tiles\coimbatore\images\coimbatore_00136_rgbn.npy,data\expanded_v2\tiles\coimbatore\masks\coimbatore_00136_mask.png,1408,512,256,10,0.188140869140625,geographic_aoi_v2
coimbatore_00137,coimbatore,Sentinel-2,S2C_43PGN_20250221_0_L2A,train,data\expanded_v2\tiles\coimbatore\images\coimbatore_00137_rgb.png,data\expanded_v2\tiles\coimbatore\images\coimbatore_00137_rgbn.npy,data\expanded_v2\tiles\coimbatore\masks\coimbatore_00137_mask.png,1408,640,256,10,0.2232818603515625,geographic_aoi_v2
coimbatore_00138,coimbatore,Sentinel-2,S2C_43PGN_20250221_0_L2A,train,data\expanded_v2\tiles\coimbatore\images\coimbatore_00138_rgb.png,data\expanded_v2\tiles\coimbatore\images\coimbatore_00138_rgbn.npy,data\expanded_v2\tiles\coimbatore\masks\coimbatore_00138_mask.png,1408,768,256,10,0.274871826171875,geographic_aoi_v2
coimbatore_00139,coimbatore,Sentinel-2,S2C_43PGN_20250221_0_L2A,train,data\expanded_v2\tiles\coimbatore\images\coimbatore_00139_rgb.png,data\expanded_v2\tiles\coimbatore\images\coimbatore_00139_rgbn.npy,data\expanded_v2\tiles\coimbatore\masks\coimbatore_00139_mask.png,1408,896,256,10,0.306793212890625,geographic_aoi_v2
coimbatore_00140,coimbatore,Sentinel-2,S2C_43PGN_20250221_0_L2A,train,data\expanded_v2\tiles\coimbatore\images\coimbatore_00140_rgb.png,data\expanded_v2\tiles\coimbatore\images\coimbatore_00140_rgbn.npy,data\expanded_v2\tiles\coimbatore\masks\coimbatore_00140_mask.png,1408,1024,256,10,0.318572998046875,geographic_aoi_v2
coimbatore_00141,coimbatore,Sentinel-2,S2C_43PGN_20250221_0_L2A,train,data\expanded_v2\tiles\coimbatore\images\coimbatore_00141_rgb.png,data\expanded_v2\tiles\coimbatore\images\coimbatore_00141_rgbn.npy,data\expanded_v2\tiles\coimbatore\masks\coimbatore_00141_mask.png,1408,1152,256,10,0.2648773193359375,geographic_aoi_v2
coimbatore_00142,coimbatore,Sentinel-2,S2C_43PGN_20250221_0_L2A,train,data\expanded_v2\tiles\coimbatore\images\coimbatore_00142_rgb.png,data\expanded_v2\tiles\coimbatore\images\coimbatore_00142_rgbn.npy,data\expanded_v2\tiles\coimbatore\masks\coimbatore_00142_mask.png,1408,1280,256,10,0.237335205078125,geographic_aoi_v2
coimbatore_00143,coimbatore,Sentinel-2,S2C_43PGN_20250221_0_L2A,train,data\expanded_v2\tiles\coimbatore\images\coimbatore_00143_rgb.png,data\expanded_v2\tiles\coimbatore\images\coimbatore_00143_rgbn.npy,data\expanded_v2\tiles\coimbatore\masks\coimbatore_00143_mask.png,1408,1408,256,10,0.158599853515625,geographic_aoi_v2
visakhapatnam_00000,visakhapatnam,Sentinel-2,S2C_44QQE_20250310_1_L2A,train,data\expanded_v2\tiles\visakhapatnam\images\visakhapatnam_00000_rgb.png,data\expanded_v2\tiles\visakhapatnam\images\visakhapatnam_00000_rgbn.npy,data\expanded_v2\tiles\visakhapatnam\masks\visakhapatnam_00000_mask.png,0,0,256,10,0.0279998779296875,geographic_aoi_v2
visakhapatnam_00001,visakhapatnam,Sentinel-2,S2C_44QQE_20250310_1_L2A,train,data\expanded_v2\tiles\visakhapatnam\images\visakhapatnam_00001_rgb.png,data\expanded_v2\tiles\visakhapatnam\images\visakhapatnam_00001_rgbn.npy,data\expanded_v2\tiles\visakhapatnam\masks\visakhapatnam_00001_mask.png,0,128,256,10,0.0023193359375,geographic_aoi_v2
visakhapatnam_00002,visakhapatnam,Sentinel-2,S2C_44QQE_20250310_1_L2A,train,data\expanded_v2\tiles\visakhapatnam\images\visakhapatnam_00002_rgb.png,data\expanded_v2\tiles\visakhapatnam\images\visakhapatnam_00002_rgbn.npy,data\expanded_v2\tiles\visakhapatnam\masks\visakhapatnam_00002_mask.png,0,256,256,10,0.05841064453125,geographic_aoi_v2
visakhapatnam_00003,visakhapatnam,Sentinel-2,S2C_44QQE_20250310_1_L2A,train,data\expanded_v2\tiles\visakhapatnam\images\visakhapatnam_00003_rgb.png,data\expanded_v2\tiles\visakhapatnam\images\visakhapatnam_00003_rgbn.npy,data\expanded_v2\tiles\visakhapatnam\masks\visakhapatnam_00003_mask.png,0,384,256,10,0.06939697265625,geographic_aoi_v2
visakhapatnam_00004,visakhapatnam,Sentinel-2,S2C_44QQE_20250310_1_L2A,train,data\expanded_v2\tiles\visakhapatnam\images\visakhapatnam_00004_rgb.png,data\expanded_v2\tiles\visakhapatnam\images\visakhapatnam_00004_rgbn.npy,data\expanded_v2\tiles\visakhapatnam\masks\visakhapatnam_00004_mask.png,0,512,256,10,0.0738677978515625,geographic_aoi_v2
visakhapatnam_00005,visakhapatnam,Sentinel-2,S2C_44QQE_20250310_1_L2A,train,data\expanded_v2\tiles\visakhapatnam\images\visakhapatnam_00005_rgb.png,data\expanded_v2\tiles\visakhapatnam\images\visakhapatnam_00005_rgbn.npy,data\expanded_v2\tiles\visakhapatnam\masks\visakhapatnam_00005_mask.png,128,0,256,10,0.0157318115234375,geographic_aoi_v2
visakhapatnam_00006,visakhapatnam,Sentinel-2,S2C_44QQE_20250310_1_L2A,train,data\expanded_v2\tiles\visakhapatnam\images\visakhapatnam_00006_rgb.png,data\expanded_v2\tiles\visakhapatnam\images\visakhapatnam_00006_rgbn.npy,data\expanded_v2\tiles\visakhapatnam\masks\visakhapatnam_00006_mask.png,128,128,256,10,0.0002288818359375,geographic_aoi_v2
visakhapatnam_00007,visakhapatnam,Sentinel-2,S2C_44QQE_20250310_1_L2A,train,data\expanded_v2\tiles\visakhapatnam\images\visakhapatnam_00007_rgb.png,data\expanded_v2\tiles\visakhapatnam\images\visakhapatnam_00007_rgbn.npy,data\expanded_v2\tiles\visakhapatnam\masks\visakhapatnam_00007_mask.png,128,256,256,10,0.074432373046875,geographic_aoi_v2
visakhapatnam_00008,visakhapatnam,Sentinel-2,S2C_44QQE_20250310_1_L2A,train,data\expanded_v2\tiles\visakhapatnam\images\visakhapatnam_00008_rgb.png,data\expanded_v2\tiles\visakhapatnam\images\visakhapatnam_00008_rgbn.npy,data\expanded_v2\tiles\visakhapatnam\masks\visakhapatnam_00008_mask.png,128,384,256,10,0.1185455322265625,geographic_aoi_v2
visakhapatnam_00009,visakhapatnam,Sentinel-2,S2C_44QQE_20250310_1_L2A,train,data\expanded_v2\tiles\visakhapatnam\images\visakhapatnam_00009_rgb.png,data\expanded_v2\tiles\visakhapatnam\images\visakhapatnam_00009_rgbn.npy,data\expanded_v2\tiles\visakhapatnam\masks\visakhapatnam_00009_mask.png,128,512,256,10,0.0792236328125,geographic_aoi_v2
visakhapatnam_00010,visakhapatnam,Sentinel-2,S2C_44QQE_20250310_1_L2A,train,data\expanded_v2\tiles\visakhapatnam\images\visakhapatnam_00010_rgb.png,data\expanded_v2\tiles\visakhapatnam\images\visakhapatnam_00010_rgbn.npy,data\expanded_v2\tiles\visakhapatnam\masks\visakhapatnam_00010_mask.png,256,0,256,10,0.0252532958984375,geographic_aoi_v2
visakhapatnam_00011,visakhapatnam,Sentinel-2,S2C_44QQE_20250310_1_L2A,train,data\expanded_v2\tiles\visakhapatnam\images\visakhapatnam_00011_rgb.png,data\expanded_v2\tiles\visakhapatnam\images\visakhapatnam_00011_rgbn.npy,data\expanded_v2\tiles\visakhapatnam\masks\visakhapatnam_00011_mask.png,256,128,256,10,0.003570556640625,geographic_aoi_v2
visakhapatnam_00012,visakhapatnam,Sentinel-2,S2C_44QQE_20250310_1_L2A,train,data\expanded_v2\tiles\visakhapatnam\images\visakhapatnam_00012_rgb.png,data\expanded_v2\tiles\visakhapatnam\images\visakhapatnam_00012_rgbn.npy,data\expanded_v2\tiles\visakhapatnam\masks\visakhapatnam_00012_mask.png,256,256,256,10,0.0868988037109375,geographic_aoi_v2
visakhapatnam_00013,visakhapatnam,Sentinel-2,S2C_44QQE_20250310_1_L2A,train,data\expanded_v2\tiles\visakhapatnam\images\visakhapatnam_00013_rgb.png,data\expanded_v2\tiles\visakhapatnam\images\visakhapatnam_00013_rgbn.npy,data\expanded_v2\tiles\visakhapatnam\masks\visakhapatnam_00013_mask.png,256,384,256,10,0.16046142578125,geographic_aoi_v2
visakhapatnam_00014,visakhapatnam,Sentinel-2,S2C_44QQE_20250310_1_L2A,train,data\expanded_v2\tiles\visakhapatnam\images\visakhapatnam_00014_rgb.png,data\expanded_v2\tiles\visakhapatnam\images\visakhapatnam_00014_rgbn.npy,data\expanded_v2\tiles\visakhapatnam\masks\visakhapatnam_00014_mask.png,256,512,256,10,0.1161041259765625,geographic_aoi_v2
visakhapatnam_00015,visakhapatnam,Sentinel-2,S2C_44QQE_20250310_1_L2A,train,data\expanded_v2\tiles\visakhapatnam\images\visakhapatnam_00015_rgb.png,data\expanded_v2\tiles\visakhapatnam\images\visakhapatnam_00015_rgbn.npy,data\expanded_v2\tiles\visakhapatnam\masks\visakhapatnam_00015_mask.png,384,0,256,10,0.0977325439453125,geographic_aoi_v2
visakhapatnam_00016,visakhapatnam,Sentinel-2,S2C_44QQE_20250310_1_L2A,train,data\expanded_v2\tiles\visakhapatnam\images\visakhapatnam_00016_rgb.png,data\expanded_v2\tiles\visakhapatnam\images\visakhapatnam_00016_rgbn.npy,data\expanded_v2\tiles\visakhapatnam\masks\visakhapatnam_00016_mask.png,384,128,256,10,0.0460662841796875,geographic_aoi_v2
visakhapatnam_00017,visakhapatnam,Sentinel-2,S2C_44QQE_20250310_1_L2A,train,data\expanded_v2\tiles\visakhapatnam\images\visakhapatnam_00017_rgb.png,data\expanded_v2\tiles\visakhapatnam\images\visakhapatnam_00017_rgbn.npy,data\expanded_v2\tiles\visakhapatnam\masks\visakhapatnam_00017_mask.png,384,256,256,10,0.1136932373046875,geographic_aoi_v2
visakhapatnam_00018,visakhapatnam,Sentinel-2,S2C_44QQE_20250310_1_L2A,train,data\expanded_v2\tiles\visakhapatnam\images\visakhapatnam_00018_rgb.png,data\expanded_v2\tiles\visakhapatnam\images\visakhapatnam_00018_rgbn.npy,data\expanded_v2\tiles\visakhapatnam\masks\visakhapatnam_00018_mask.png,384,384,256,10,0.156890869140625,geographic_aoi_v2
visakhapatnam_00019,visakhapatnam,Sentinel-2,S2C_44QQE_20250310_1_L2A,train,data\expanded_v2\tiles\visakhapatnam\images\visakhapatnam_00019_rgb.png,data\expanded_v2\tiles\visakhapatnam\images\visakhapatnam_00019_rgbn.npy,data\expanded_v2\tiles\visakhapatnam\masks\visakhapatnam_00019_mask.png,384,512,256,10,0.162200927734375,geographic_aoi_v2
visakhapatnam_00020,visakhapatnam,Sentinel-2,S2C_44QQE_20250310_1_L2A,train,data\expanded_v2\tiles\visakhapatnam\images\visakhapatnam_00020_rgb.png,data\expanded_v2\tiles\visakhapatnam\images\visakhapatnam_00020_rgbn.npy,data\expanded_v2\tiles\visakhapatnam\masks\visakhapatnam_00020_mask.png,512,0,256,10,0.1719970703125,geographic_aoi_v2
visakhapatnam_00021,visakhapatnam,Sentinel-2,S2C_44QQE_20250310_1_L2A,train,data\expanded_v2\tiles\visakhapatnam\images\visakhapatnam_00021_rgb.png,data\expanded_v2\tiles\visakhapatnam\images\visakhapatnam_00021_rgbn.npy,data\expanded_v2\tiles\visakhapatnam\masks\visakhapatnam_00021_mask.png,512,128,256,10,0.169036865234375,geographic_aoi_v2
visakhapatnam_00022,visakhapatnam,Sentinel-2,S2C_44QQE_20250310_1_L2A,train,data\expanded_v2\tiles\visakhapatnam\images\visakhapatnam_00022_rgb.png,data\expanded_v2\tiles\visakhapatnam\images\visakhapatnam_00022_rgbn.npy,data\expanded_v2\tiles\visakhapatnam\masks\visakhapatnam_00022_mask.png,512,256,256,10,0.1773681640625,geographic_aoi_v2
visakhapatnam_00023,visakhapatnam,Sentinel-2,S2C_44QQE_20250310_1_L2A,train,data\expanded_v2\tiles\visakhapatnam\images\visakhapatnam_00023_rgb.png,data\expanded_v2\tiles\visakhapatnam\images\visakhapatnam_00023_rgbn.npy,data\expanded_v2\tiles\visakhapatnam\masks\visakhapatnam_00023_mask.png,512,384,256,10,0.1660614013671875,geographic_aoi_v2
visakhapatnam_00024,visakhapatnam,Sentinel-2,S2C_44QQE_20250310_1_L2A,train,data\expanded_v2\tiles\visakhapatnam\images\visakhapatnam_00024_rgb.png,data\expanded_v2\tiles\visakhapatnam\images\visakhapatnam_00024_rgbn.npy,data\expanded_v2\tiles\visakhapatnam\masks\visakhapatnam_00024_mask.png,640,0,256,10,0.2131805419921875,geographic_aoi_v2
visakhapatnam_00025,visakhapatnam,Sentinel-2,S2C_44QQE_20250310_1_L2A,train,data\expanded_v2\tiles\visakhapatnam\images\visakhapatnam_00025_rgb.png,data\expanded_v2\tiles\visakhapatnam\images\visakhapatnam_00025_rgbn.npy,data\expanded_v2\tiles\visakhapatnam\masks\visakhapatnam_00025_mask.png,640,128,256,10,0.2959747314453125,geographic_aoi_v2
visakhapatnam_00026,visakhapatnam,Sentinel-2,S2C_44QQE_20250310_1_L2A,train,data\expanded_v2\tiles\visakhapatnam\images\visakhapatnam_00026_rgb.png,data\expanded_v2\tiles\visakhapatnam\images\visakhapatnam_00026_rgbn.npy,data\expanded_v2\tiles\visakhapatnam\masks\visakhapatnam_00026_mask.png,640,256,256,10,0.2892608642578125,geographic_aoi_v2
visakhapatnam_00027,visakhapatnam,Sentinel-2,S2C_44QQE_20250310_1_L2A,train,data\expanded_v2\tiles\visakhapatnam\images\visakhapatnam_00027_rgb.png,data\expanded_v2\tiles\visakhapatnam\images\visakhapatnam_00027_rgbn.npy,data\expanded_v2\tiles\visakhapatnam\masks\visakhapatnam_00027_mask.png,640,384,256,10,0.225067138671875,geographic_aoi_v2
visakhapatnam_00028,visakhapatnam,Sentinel-2,S2C_44QQE_20250310_1_L2A,train,data\expanded_v2\tiles\visakhapatnam\images\visakhapatnam_00028_rgb.png,data\expanded_v2\tiles\visakhapatnam\images\visakhapatnam_00028_rgbn.npy,data\expanded_v2\tiles\visakhapatnam\masks\visakhapatnam_00028_mask.png,768,0,256,10,0.193206787109375,geographic_aoi_v2
visakhapatnam_00029,visakhapatnam,Sentinel-2,S2C_44QQE_20250310_1_L2A,train,data\expanded_v2\tiles\visakhapatnam\images\visakhapatnam_00029_rgb.png,data\expanded_v2\tiles\visakhapatnam\images\visakhapatnam_00029_rgbn.npy,data\expanded_v2\tiles\visakhapatnam\masks\visakhapatnam_00029_mask.png,768,128,256,10,0.23748779296875,geographic_aoi_v2
visakhapatnam_00030,visakhapatnam,Sentinel-2,S2C_44QQE_20250310_1_L2A,train,data\expanded_v2\tiles\visakhapatnam\images\visakhapatnam_00030_rgb.png,data\expanded_v2\tiles\visakhapatnam\images\visakhapatnam_00030_rgbn.npy,data\expanded_v2\tiles\visakhapatnam\masks\visakhapatnam_00030_mask.png,768,256,256,10,0.250396728515625,geographic_aoi_v2
visakhapatnam_00031,visakhapatnam,Sentinel-2,S2C_44QQE_20250310_1_L2A,train,data\expanded_v2\tiles\visakhapatnam\images\visakhapatnam_00031_rgb.png,data\expanded_v2\tiles\visakhapatnam\images\visakhapatnam_00031_rgbn.npy,data\expanded_v2\tiles\visakhapatnam\masks\visakhapatnam_00031_mask.png,768,384,256,10,0.2559356689453125,geographic_aoi_v2
visakhapatnam_00032,visakhapatnam,Sentinel-2,S2C_44QQE_20250310_1_L2A,train,data\expanded_v2\tiles\visakhapatnam\images\visakhapatnam_00032_rgb.png,data\expanded_v2\tiles\visakhapatnam\images\visakhapatnam_00032_rgbn.npy,data\expanded_v2\tiles\visakhapatnam\masks\visakhapatnam_00032_mask.png,896,0,256,10,0.08453369140625,geographic_aoi_v2
visakhapatnam_00033,visakhapatnam,Sentinel-2,S2C_44QQE_20250310_1_L2A,train,data\expanded_v2\tiles\visakhapatnam\images\visakhapatnam_00033_rgb.png,data\expanded_v2\tiles\visakhapatnam\images\visakhapatnam_00033_rgbn.npy,data\expanded_v2\tiles\visakhapatnam\masks\visakhapatnam_00033_mask.png,896,128,256,10,0.0832672119140625,geographic_aoi_v2
visakhapatnam_00034,visakhapatnam,Sentinel-2,S2C_44QQE_20250310_1_L2A,train,data\expanded_v2\tiles\visakhapatnam\images\visakhapatnam_00034_rgb.png,data\expanded_v2\tiles\visakhapatnam\images\visakhapatnam_00034_rgbn.npy,data\expanded_v2\tiles\visakhapatnam\masks\visakhapatnam_00034_mask.png,896,256,256,10,0.1063232421875,geographic_aoi_v2
visakhapatnam_00035,visakhapatnam,Sentinel-2,S2C_44QQE_20250310_1_L2A,train,data\expanded_v2\tiles\visakhapatnam\images\visakhapatnam_00035_rgb.png,data\expanded_v2\tiles\visakhapatnam\images\visakhapatnam_00035_rgbn.npy,data\expanded_v2\tiles\visakhapatnam\masks\visakhapatnam_00035_mask.png,896,384,256,10,0.227386474609375,geographic_aoi_v2
visakhapatnam_00036,visakhapatnam,Sentinel-2,S2C_44QQE_20250310_1_L2A,train,data\expanded_v2\tiles\visakhapatnam\images\visakhapatnam_00036_rgb.png,data\expanded_v2\tiles\visakhapatnam\images\visakhapatnam_00036_rgbn.npy,data\expanded_v2\tiles\visakhapatnam\masks\visakhapatnam_00036_mask.png,1024,0,256,10,0.0829925537109375,geographic_aoi_v2
visakhapatnam_00037,visakhapatnam,Sentinel-2,S2C_44QQE_20250310_1_L2A,train,data\expanded_v2\tiles\visakhapatnam\images\visakhapatnam_00037_rgb.png,data\expanded_v2\tiles\visakhapatnam\images\visakhapatnam_00037_rgbn.npy,data\expanded_v2\tiles\visakhapatnam\masks\visakhapatnam_00037_mask.png,1024,128,256,10,0.0953216552734375,geographic_aoi_v2
visakhapatnam_00038,visakhapatnam,Sentinel-2,S2C_44QQE_20250310_1_L2A,train,data\expanded_v2\tiles\visakhapatnam\images\visakhapatnam_00038_rgb.png,data\expanded_v2\tiles\visakhapatnam\images\visakhapatnam_00038_rgbn.npy,data\expanded_v2\tiles\visakhapatnam\masks\visakhapatnam_00038_mask.png,1024,256,256,10,0.0762481689453125,geographic_aoi_v2
visakhapatnam_00039,visakhapatnam,Sentinel-2,S2C_44QQE_20250310_1_L2A,train,data\expanded_v2\tiles\visakhapatnam\images\visakhapatnam_00039_rgb.png,data\expanded_v2\tiles\visakhapatnam\images\visakhapatnam_00039_rgbn.npy,data\expanded_v2\tiles\visakhapatnam\masks\visakhapatnam_00039_mask.png,1024,384,256,10,0.121917724609375,geographic_aoi_v2
visakhapatnam_00040,visakhapatnam,Sentinel-2,S2C_44QQE_20250310_1_L2A,train,data\expanded_v2\tiles\visakhapatnam\images\visakhapatnam_00040_rgb.png,data\expanded_v2\tiles\visakhapatnam\images\visakhapatnam_00040_rgbn.npy,data\expanded_v2\tiles\visakhapatnam\masks\visakhapatnam_00040_mask.png,1152,0,256,10,0.1389312744140625,geographic_aoi_v2
visakhapatnam_00041,visakhapatnam,Sentinel-2,S2C_44QQE_20250310_1_L2A,train,data\expanded_v2\tiles\visakhapatnam\images\visakhapatnam_00041_rgb.png,data\expanded_v2\tiles\visakhapatnam\images\visakhapatnam_00041_rgbn.npy,data\expanded_v2\tiles\visakhapatnam\masks\visakhapatnam_00041_mask.png,1152,128,256,10,0.1466217041015625,geographic_aoi_v2
visakhapatnam_00042,visakhapatnam,Sentinel-2,S2C_44QQE_20250310_1_L2A,train,data\expanded_v2\tiles\visakhapatnam\images\visakhapatnam_00042_rgb.png,data\expanded_v2\tiles\visakhapatnam\images\visakhapatnam_00042_rgbn.npy,data\expanded_v2\tiles\visakhapatnam\masks\visakhapatnam_00042_mask.png,1152,256,256,10,0.0987091064453125,geographic_aoi_v2
visakhapatnam_00043,visakhapatnam,Sentinel-2,S2C_44QQE_20250310_1_L2A,train,data\expanded_v2\tiles\visakhapatnam\images\visakhapatnam_00043_rgb.png,data\expanded_v2\tiles\visakhapatnam\images\visakhapatnam_00043_rgbn.npy,data\expanded_v2\tiles\visakhapatnam\masks\visakhapatnam_00043_mask.png,1280,0,256,10,0.065765380859375,geographic_aoi_v2
visakhapatnam_00044,visakhapatnam,Sentinel-2,S2C_44QQE_20250310_1_L2A,train,data\expanded_v2\tiles\visakhapatnam\images\visakhapatnam_00044_rgb.png,data\expanded_v2\tiles\visakhapatnam\images\visakhapatnam_00044_rgbn.npy,data\expanded_v2\tiles\visakhapatnam\masks\visakhapatnam_00044_mask.png,1280,128,256,10,0.0872344970703125,geographic_aoi_v2
visakhapatnam_00045,visakhapatnam,Sentinel-2,S2C_44QQE_20250310_1_L2A,train,data\expanded_v2\tiles\visakhapatnam\images\visakhapatnam_00045_rgb.png,data\expanded_v2\tiles\visakhapatnam\images\visakhapatnam_00045_rgbn.npy,data\expanded_v2\tiles\visakhapatnam\masks\visakhapatnam_00045_mask.png,1280,256,256,10,0.0953216552734375,geographic_aoi_v2
visakhapatnam_00046,visakhapatnam,Sentinel-2,S2C_44QQE_20250310_1_L2A,train,data\expanded_v2\tiles\visakhapatnam\images\visakhapatnam_00046_rgb.png,data\expanded_v2\tiles\visakhapatnam\images\visakhapatnam_00046_rgbn.npy,data\expanded_v2\tiles\visakhapatnam\masks\visakhapatnam_00046_mask.png,1408,0,256,10,0.0122222900390625,geographic_aoi_v2
visakhapatnam_00047,visakhapatnam,Sentinel-2,S2C_44QQE_20250310_1_L2A,train,data\expanded_v2\tiles\visakhapatnam\images\visakhapatnam_00047_rgb.png,data\expanded_v2\tiles\visakhapatnam\images\visakhapatnam_00047_rgbn.npy,data\expanded_v2\tiles\visakhapatnam\masks\visakhapatnam_00047_mask.png,1408,128,256,10,0.061981201171875,geographic_aoi_v2
visakhapatnam_00048,visakhapatnam,Sentinel-2,S2C_44QQE_20250310_1_L2A,train,data\expanded_v2\tiles\visakhapatnam\images\visakhapatnam_00048_rgb.png,data\expanded_v2\tiles\visakhapatnam\images\visakhapatnam_00048_rgbn.npy,data\expanded_v2\tiles\visakhapatnam\masks\visakhapatnam_00048_mask.png,1408,256,256,10,0.0931854248046875,geographic_aoi_v2
chandigarh_00000,chandigarh,Sentinel-2,S2B_43RFP_20251119_0_L2A,val,data\expanded_v2\tiles\chandigarh\images\chandigarh_00000_rgb.png,data\expanded_v2\tiles\chandigarh\images\chandigarh_00000_rgbn.npy,data\expanded_v2\tiles\chandigarh\masks\chandigarh_00000_mask.png,0,0,256,10,0.174102783203125,geographic_aoi_v2
chandigarh_00001,chandigarh,Sentinel-2,S2B_43RFP_20251119_0_L2A,val,data\expanded_v2\tiles\chandigarh\images\chandigarh_00001_rgb.png,data\expanded_v2\tiles\chandigarh\images\chandigarh_00001_rgbn.npy,data\expanded_v2\tiles\chandigarh\masks\chandigarh_00001_mask.png,0,128,256,10,0.23858642578125,geographic_aoi_v2
chandigarh_00002,chandigarh,Sentinel-2,S2B_43RFP_20251119_0_L2A,val,data\expanded_v2\tiles\chandigarh\images\chandigarh_00002_rgb.png,data\expanded_v2\tiles\chandigarh\images\chandigarh_00002_rgbn.npy,data\expanded_v2\tiles\chandigarh\masks\chandigarh_00002_mask.png,0,256,256,10,0.2527618408203125,geographic_aoi_v2
chandigarh_00003,chandigarh,Sentinel-2,S2B_43RFP_20251119_0_L2A,val,data\expanded_v2\tiles\chandigarh\images\chandigarh_00003_rgb.png,data\expanded_v2\tiles\chandigarh\images\chandigarh_00003_rgbn.npy,data\expanded_v2\tiles\chandigarh\masks\chandigarh_00003_mask.png,0,384,256,10,0.1812896728515625,geographic_aoi_v2
chandigarh_00004,chandigarh,Sentinel-2,S2B_43RFP_20251119_0_L2A,val,data\expanded_v2\tiles\chandigarh\images\chandigarh_00004_rgb.png,data\expanded_v2\tiles\chandigarh\images\chandigarh_00004_rgbn.npy,data\expanded_v2\tiles\chandigarh\masks\chandigarh_00004_mask.png,0,512,256,10,0.0880126953125,geographic_aoi_v2
chandigarh_00005,chandigarh,Sentinel-2,S2B_43RFP_20251119_0_L2A,val,data\expanded_v2\tiles\chandigarh\images\chandigarh_00005_rgb.png,data\expanded_v2\tiles\chandigarh\images\chandigarh_00005_rgbn.npy,data\expanded_v2\tiles\chandigarh\masks\chandigarh_00005_mask.png,0,640,256,10,0.0710601806640625,geographic_aoi_v2
chandigarh_00006,chandigarh,Sentinel-2,S2B_43RFP_20251119_0_L2A,val,data\expanded_v2\tiles\chandigarh\images\chandigarh_00006_rgb.png,data\expanded_v2\tiles\chandigarh\images\chandigarh_00006_rgbn.npy,data\expanded_v2\tiles\chandigarh\masks\chandigarh_00006_mask.png,0,768,256,10,0.064971923828125,geographic_aoi_v2
chandigarh_00007,chandigarh,Sentinel-2,S2B_43RFP_20251119_0_L2A,val,data\expanded_v2\tiles\chandigarh\images\chandigarh_00007_rgb.png,data\expanded_v2\tiles\chandigarh\images\chandigarh_00007_rgbn.npy,data\expanded_v2\tiles\chandigarh\masks\chandigarh_00007_mask.png,0,896,256,10,0.0323333740234375,geographic_aoi_v2
chandigarh_00008,chandigarh,Sentinel-2,S2B_43RFP_20251119_0_L2A,val,data\expanded_v2\tiles\chandigarh\images\chandigarh_00008_rgb.png,data\expanded_v2\tiles\chandigarh\images\chandigarh_00008_rgbn.npy,data\expanded_v2\tiles\chandigarh\masks\chandigarh_00008_mask.png,0,1024,256,10,0.0274200439453125,geographic_aoi_v2
chandigarh_00009,chandigarh,Sentinel-2,S2B_43RFP_20251119_0_L2A,val,data\expanded_v2\tiles\chandigarh\images\chandigarh_00009_rgb.png,data\expanded_v2\tiles\chandigarh\images\chandigarh_00009_rgbn.npy,data\expanded_v2\tiles\chandigarh\masks\chandigarh_00009_mask.png,0,1152,256,10,0.039764404296875,geographic_aoi_v2
chandigarh_00010,chandigarh,Sentinel-2,S2B_43RFP_20251119_0_L2A,val,data\expanded_v2\tiles\chandigarh\images\chandigarh_00010_rgb.png,data\expanded_v2\tiles\chandigarh\images\chandigarh_00010_rgbn.npy,data\expanded_v2\tiles\chandigarh\masks\chandigarh_00010_mask.png,0,1280,256,10,0.0341796875,geographic_aoi_v2
chandigarh_00011,chandigarh,Sentinel-2,S2B_43RFP_20251119_0_L2A,val,data\expanded_v2\tiles\chandigarh\images\chandigarh_00011_rgb.png,data\expanded_v2\tiles\chandigarh\images\chandigarh_00011_rgbn.npy,data\expanded_v2\tiles\chandigarh\masks\chandigarh_00011_mask.png,0,1408,256,10,0.020172119140625,geographic_aoi_v2
chandigarh_00012,chandigarh,Sentinel-2,S2B_43RFP_20251119_0_L2A,val,data\expanded_v2\tiles\chandigarh\images\chandigarh_00012_rgb.png,data\expanded_v2\tiles\chandigarh\images\chandigarh_00012_rgbn.npy,data\expanded_v2\tiles\chandigarh\masks\chandigarh_00012_mask.png,128,0,256,10,0.131439208984375,geographic_aoi_v2
chandigarh_00013,chandigarh,Sentinel-2,S2B_43RFP_20251119_0_L2A,val,data\expanded_v2\tiles\chandigarh\images\chandigarh_00013_rgb.png,data\expanded_v2\tiles\chandigarh\images\chandigarh_00013_rgbn.npy,data\expanded_v2\tiles\chandigarh\masks\chandigarh_00013_mask.png,128,128,256,10,0.170074462890625,geographic_aoi_v2
chandigarh_00014,chandigarh,Sentinel-2,S2B_43RFP_20251119_0_L2A,val,data\expanded_v2\tiles\chandigarh\images\chandigarh_00014_rgb.png,data\expanded_v2\tiles\chandigarh\images\chandigarh_00014_rgbn.npy,data\expanded_v2\tiles\chandigarh\masks\chandigarh_00014_mask.png,128,256,256,10,0.1648406982421875,geographic_aoi_v2
chandigarh_00015,chandigarh,Sentinel-2,S2B_43RFP_20251119_0_L2A,val,data\expanded_v2\tiles\chandigarh\images\chandigarh_00015_rgb.png,data\expanded_v2\tiles\chandigarh\images\chandigarh_00015_rgbn.npy,data\expanded_v2\tiles\chandigarh\masks\chandigarh_00015_mask.png,128,384,256,10,0.1499481201171875,geographic_aoi_v2
chandigarh_00016,chandigarh,Sentinel-2,S2B_43RFP_20251119_0_L2A,val,data\expanded_v2\tiles\chandigarh\images\chandigarh_00016_rgb.png,data\expanded_v2\tiles\chandigarh\images\chandigarh_00016_rgbn.npy,data\expanded_v2\tiles\chandigarh\masks\chandigarh_00016_mask.png,128,512,256,10,0.1436004638671875,geographic_aoi_v2
chandigarh_00017,chandigarh,Sentinel-2,S2B_43RFP_20251119_0_L2A,val,data\expanded_v2\tiles\chandigarh\images\chandigarh_00017_rgb.png,data\expanded_v2\tiles\chandigarh\images\chandigarh_00017_rgbn.npy,data\expanded_v2\tiles\chandigarh\masks\chandigarh_00017_mask.png,128,640,256,10,0.0905303955078125,geographic_aoi_v2
chandigarh_00018,chandigarh,Sentinel-2,S2B_43RFP_20251119_0_L2A,val,data\expanded_v2\tiles\chandigarh\images\chandigarh_00018_rgb.png,data\expanded_v2\tiles\chandigarh\images\chandigarh_00018_rgbn.npy,data\expanded_v2\tiles\chandigarh\masks\chandigarh_00018_mask.png,128,768,256,10,0.0889739990234375,geographic_aoi_v2
chandigarh_00019,chandigarh,Sentinel-2,S2B_43RFP_20251119_0_L2A,val,data\expanded_v2\tiles\chandigarh\images\chandigarh_00019_rgb.png,data\expanded_v2\tiles\chandigarh\images\chandigarh_00019_rgbn.npy,data\expanded_v2\tiles\chandigarh\masks\chandigarh_00019_mask.png,128,896,256,10,0.133453369140625,geographic_aoi_v2
chandigarh_00020,chandigarh,Sentinel-2,S2B_43RFP_20251119_0_L2A,val,data\expanded_v2\tiles\chandigarh\images\chandigarh_00020_rgb.png,data\expanded_v2\tiles\chandigarh\images\chandigarh_00020_rgbn.npy,data\expanded_v2\tiles\chandigarh\masks\chandigarh_00020_mask.png,128,1024,256,10,0.1158447265625,geographic_aoi_v2
chandigarh_00021,chandigarh,Sentinel-2,S2B_43RFP_20251119_0_L2A,val,data\expanded_v2\tiles\chandigarh\images\chandigarh_00021_rgb.png,data\expanded_v2\tiles\chandigarh\images\chandigarh_00021_rgbn.npy,data\expanded_v2\tiles\chandigarh\masks\chandigarh_00021_mask.png,128,1152,256,10,0.0638427734375,geographic_aoi_v2
chandigarh_00022,chandigarh,Sentinel-2,S2B_43RFP_20251119_0_L2A,val,data\expanded_v2\tiles\chandigarh\images\chandigarh_00022_rgb.png,data\expanded_v2\tiles\chandigarh\images\chandigarh_00022_rgbn.npy,data\expanded_v2\tiles\chandigarh\masks\chandigarh_00022_mask.png,128,1280,256,10,0.020294189453125,geographic_aoi_v2
chandigarh_00023,chandigarh,Sentinel-2,S2B_43RFP_20251119_0_L2A,val,data\expanded_v2\tiles\chandigarh\images\chandigarh_00023_rgb.png,data\expanded_v2\tiles\chandigarh\images\chandigarh_00023_rgbn.npy,data\expanded_v2\tiles\chandigarh\masks\chandigarh_00023_mask.png,128,1408,256,10,0.0024566650390625,geographic_aoi_v2
chandigarh_00024,chandigarh,Sentinel-2,S2B_43RFP_20251119_0_L2A,val,data\expanded_v2\tiles\chandigarh\images\chandigarh_00024_rgb.png,data\expanded_v2\tiles\chandigarh\images\chandigarh_00024_rgbn.npy,data\expanded_v2\tiles\chandigarh\masks\chandigarh_00024_mask.png,256,0,256,10,0.09490966796875,geographic_aoi_v2
chandigarh_00025,chandigarh,Sentinel-2,S2B_43RFP_20251119_0_L2A,val,data\expanded_v2\tiles\chandigarh\images\chandigarh_00025_rgb.png,data\expanded_v2\tiles\chandigarh\images\chandigarh_00025_rgbn.npy,data\expanded_v2\tiles\chandigarh\masks\chandigarh_00025_mask.png,256,128,256,10,0.1204986572265625,geographic_aoi_v2
chandigarh_00026,chandigarh,Sentinel-2,S2B_43RFP_20251119_0_L2A,val,data\expanded_v2\tiles\chandigarh\images\chandigarh_00026_rgb.png,data\expanded_v2\tiles\chandigarh\images\chandigarh_00026_rgbn.npy,data\expanded_v2\tiles\chandigarh\masks\chandigarh_00026_mask.png,256,256,256,10,0.1116485595703125,geographic_aoi_v2
chandigarh_00027,chandigarh,Sentinel-2,S2B_43RFP_20251119_0_L2A,val,data\expanded_v2\tiles\chandigarh\images\chandigarh_00027_rgb.png,data\expanded_v2\tiles\chandigarh\images\chandigarh_00027_rgbn.npy,data\expanded_v2\tiles\chandigarh\masks\chandigarh_00027_mask.png,256,384,256,10,0.13043212890625,geographic_aoi_v2
chandigarh_00028,chandigarh,Sentinel-2,S2B_43RFP_20251119_0_L2A,val,data\expanded_v2\tiles\chandigarh\images\chandigarh_00028_rgb.png,data\expanded_v2\tiles\chandigarh\images\chandigarh_00028_rgbn.npy,data\expanded_v2\tiles\chandigarh\masks\chandigarh_00028_mask.png,256,512,256,10,0.1486663818359375,geographic_aoi_v2
chandigarh_00029,chandigarh,Sentinel-2,S2B_43RFP_20251119_0_L2A,val,data\expanded_v2\tiles\chandigarh\images\chandigarh_00029_rgb.png,data\expanded_v2\tiles\chandigarh\images\chandigarh_00029_rgbn.npy,data\expanded_v2\tiles\chandigarh\masks\chandigarh_00029_mask.png,256,640,256,10,0.117523193359375,geographic_aoi_v2
chandigarh_00030,chandigarh,Sentinel-2,S2B_43RFP_20251119_0_L2A,val,data\expanded_v2\tiles\chandigarh\images\chandigarh_00030_rgb.png,data\expanded_v2\tiles\chandigarh\images\chandigarh_00030_rgbn.npy,data\expanded_v2\tiles\chandigarh\masks\chandigarh_00030_mask.png,256,768,256,10,0.1963348388671875,geographic_aoi_v2
chandigarh_00031,chandigarh,Sentinel-2,S2B_43RFP_20251119_0_L2A,val,data\expanded_v2\tiles\chandigarh\images\chandigarh_00031_rgb.png,data\expanded_v2\tiles\chandigarh\images\chandigarh_00031_rgbn.npy,data\expanded_v2\tiles\chandigarh\masks\chandigarh_00031_mask.png,256,896,256,10,0.2760162353515625,geographic_aoi_v2
chandigarh_00032,chandigarh,Sentinel-2,S2B_43RFP_20251119_0_L2A,val,data\expanded_v2\tiles\chandigarh\images\chandigarh_00032_rgb.png,data\expanded_v2\tiles\chandigarh\images\chandigarh_00032_rgbn.npy,data\expanded_v2\tiles\chandigarh\masks\chandigarh_00032_mask.png,256,1024,256,10,0.18377685546875,geographic_aoi_v2
chandigarh_00033,chandigarh,Sentinel-2,S2B_43RFP_20251119_0_L2A,val,data\expanded_v2\tiles\chandigarh\images\chandigarh_00033_rgb.png,data\expanded_v2\tiles\chandigarh\images\chandigarh_00033_rgbn.npy,data\expanded_v2\tiles\chandigarh\masks\chandigarh_00033_mask.png,256,1152,256,10,0.0643768310546875,geographic_aoi_v2
chandigarh_00034,chandigarh,Sentinel-2,S2B_43RFP_20251119_0_L2A,val,data\expanded_v2\tiles\chandigarh\images\chandigarh_00034_rgb.png,data\expanded_v2\tiles\chandigarh\images\chandigarh_00034_rgbn.npy,data\expanded_v2\tiles\chandigarh\masks\chandigarh_00034_mask.png,256,1280,256,10,0.0106658935546875,geographic_aoi_v2
chandigarh_00035,chandigarh,Sentinel-2,S2B_43RFP_20251119_0_L2A,val,data\expanded_v2\tiles\chandigarh\images\chandigarh_00035_rgb.png,data\expanded_v2\tiles\chandigarh\images\chandigarh_00035_rgbn.npy,data\expanded_v2\tiles\chandigarh\masks\chandigarh_00035_mask.png,256,1408,256,10,0.0,geographic_aoi_v2
chandigarh_00036,chandigarh,Sentinel-2,S2B_43RFP_20251119_0_L2A,val,data\expanded_v2\tiles\chandigarh\images\chandigarh_00036_rgb.png,data\expanded_v2\tiles\chandigarh\images\chandigarh_00036_rgbn.npy,data\expanded_v2\tiles\chandigarh\masks\chandigarh_00036_mask.png,384,0,256,10,0.1422119140625,geographic_aoi_v2
chandigarh_00037,chandigarh,Sentinel-2,S2B_43RFP_20251119_0_L2A,val,data\expanded_v2\tiles\chandigarh\images\chandigarh_00037_rgb.png,data\expanded_v2\tiles\chandigarh\images\chandigarh_00037_rgbn.npy,data\expanded_v2\tiles\chandigarh\masks\chandigarh_00037_mask.png,384,128,256,10,0.1658172607421875,geographic_aoi_v2
chandigarh_00038,chandigarh,Sentinel-2,S2B_43RFP_20251119_0_L2A,val,data\expanded_v2\tiles\chandigarh\images\chandigarh_00038_rgb.png,data\expanded_v2\tiles\chandigarh\images\chandigarh_00038_rgbn.npy,data\expanded_v2\tiles\chandigarh\masks\chandigarh_00038_mask.png,384,256,256,10,0.11053466796875,geographic_aoi_v2
chandigarh_00039,chandigarh,Sentinel-2,S2B_43RFP_20251119_0_L2A,val,data\expanded_v2\tiles\chandigarh\images\chandigarh_00039_rgb.png,data\expanded_v2\tiles\chandigarh\images\chandigarh_00039_rgbn.npy,data\expanded_v2\tiles\chandigarh\masks\chandigarh_00039_mask.png,384,384,256,10,0.14190673828125,geographic_aoi_v2
chandigarh_00040,chandigarh,Sentinel-2,S2B_43RFP_20251119_0_L2A,val,data\expanded_v2\tiles\chandigarh\images\chandigarh_00040_rgb.png,data\expanded_v2\tiles\chandigarh\images\chandigarh_00040_rgbn.npy,data\expanded_v2\tiles\chandigarh\masks\chandigarh_00040_mask.png,384,512,256,10,0.1448516845703125,geographic_aoi_v2
chandigarh_00041,chandigarh,Sentinel-2,S2B_43RFP_20251119_0_L2A,val,data\expanded_v2\tiles\chandigarh\images\chandigarh_00041_rgb.png,data\expanded_v2\tiles\chandigarh\images\chandigarh_00041_rgbn.npy,data\expanded_v2\tiles\chandigarh\masks\chandigarh_00041_mask.png,384,640,256,10,0.1490936279296875,geographic_aoi_v2
chandigarh_00042,chandigarh,Sentinel-2,S2B_43RFP_20251119_0_L2A,val,data\expanded_v2\tiles\chandigarh\images\chandigarh_00042_rgb.png,data\expanded_v2\tiles\chandigarh\images\chandigarh_00042_rgbn.npy,data\expanded_v2\tiles\chandigarh\masks\chandigarh_00042_mask.png,384,768,256,10,0.2784423828125,geographic_aoi_v2
chandigarh_00043,chandigarh,Sentinel-2,S2B_43RFP_20251119_0_L2A,val,data\expanded_v2\tiles\chandigarh\images\chandigarh_00043_rgb.png,data\expanded_v2\tiles\chandigarh\images\chandigarh_00043_rgbn.npy,data\expanded_v2\tiles\chandigarh\masks\chandigarh_00043_mask.png,384,896,256,10,0.2759246826171875,geographic_aoi_v2
chandigarh_00044,chandigarh,Sentinel-2,S2B_43RFP_20251119_0_L2A,val,data\expanded_v2\tiles\chandigarh\images\chandigarh_00044_rgb.png,data\expanded_v2\tiles\chandigarh\images\chandigarh_00044_rgbn.npy,data\expanded_v2\tiles\chandigarh\masks\chandigarh_00044_mask.png,384,1024,256,10,0.1785430908203125,geographic_aoi_v2
chandigarh_00045,chandigarh,Sentinel-2,S2B_43RFP_20251119_0_L2A,val,data\expanded_v2\tiles\chandigarh\images\chandigarh_00045_rgb.png,data\expanded_v2\tiles\chandigarh\images\chandigarh_00045_rgbn.npy,data\expanded_v2\tiles\chandigarh\masks\chandigarh_00045_mask.png,384,1152,256,10,0.1027374267578125,geographic_aoi_v2
chandigarh_00046,chandigarh,Sentinel-2,S2B_43RFP_20251119_0_L2A,val,data\expanded_v2\tiles\chandigarh\images\chandigarh_00046_rgb.png,data\expanded_v2\tiles\chandigarh\images\chandigarh_00046_rgbn.npy,data\expanded_v2\tiles\chandigarh\masks\chandigarh_00046_mask.png,384,1280,256,10,0.01611328125,geographic_aoi_v2
chandigarh_00047,chandigarh,Sentinel-2,S2B_43RFP_20251119_0_L2A,val,data\expanded_v2\tiles\chandigarh\images\chandigarh_00047_rgb.png,data\expanded_v2\tiles\chandigarh\images\chandigarh_00047_rgbn.npy,data\expanded_v2\tiles\chandigarh\masks\chandigarh_00047_mask.png,384,1408,256,10,0.0,geographic_aoi_v2
chandigarh_00048,chandigarh,Sentinel-2,S2B_43RFP_20251119_0_L2A,val,data\expanded_v2\tiles\chandigarh\images\chandigarh_00048_rgb.png,data\expanded_v2\tiles\chandigarh\images\chandigarh_00048_rgbn.npy,data\expanded_v2\tiles\chandigarh\masks\chandigarh_00048_mask.png,512,0,256,10,0.1715850830078125,geographic_aoi_v2
chandigarh_00049,chandigarh,Sentinel-2,S2B_43RFP_20251119_0_L2A,val,data\expanded_v2\tiles\chandigarh\images\chandigarh_00049_rgb.png,data\expanded_v2\tiles\chandigarh\images\chandigarh_00049_rgbn.npy,data\expanded_v2\tiles\chandigarh\masks\chandigarh_00049_mask.png,512,128,256,10,0.1906585693359375,geographic_aoi_v2
chandigarh_00050,chandigarh,Sentinel-2,S2B_43RFP_20251119_0_L2A,val,data\expanded_v2\tiles\chandigarh\images\chandigarh_00050_rgb.png,data\expanded_v2\tiles\chandigarh\images\chandigarh_00050_rgbn.npy,data\expanded_v2\tiles\chandigarh\masks\chandigarh_00050_mask.png,512,256,256,10,0.171722412109375,geographic_aoi_v2
chandigarh_00051,chandigarh,Sentinel-2,S2B_43RFP_20251119_0_L2A,val,data\expanded_v2\tiles\chandigarh\images\chandigarh_00051_rgb.png,data\expanded_v2\tiles\chandigarh\images\chandigarh_00051_rgbn.npy,data\expanded_v2\tiles\chandigarh\masks\chandigarh_00051_mask.png,512,384,256,10,0.2265472412109375,geographic_aoi_v2
chandigarh_00052,chandigarh,Sentinel-2,S2B_43RFP_20251119_0_L2A,val,data\expanded_v2\tiles\chandigarh\images\chandigarh_00052_rgb.png,data\expanded_v2\tiles\chandigarh\images\chandigarh_00052_rgbn.npy,data\expanded_v2\tiles\chandigarh\masks\chandigarh_00052_mask.png,512,512,256,10,0.2316131591796875,geographic_aoi_v2
chandigarh_00053,chandigarh,Sentinel-2,S2B_43RFP_20251119_0_L2A,val,data\expanded_v2\tiles\chandigarh\images\chandigarh_00053_rgb.png,data\expanded_v2\tiles\chandigarh\images\chandigarh_00053_rgbn.npy,data\expanded_v2\tiles\chandigarh\masks\chandigarh_00053_mask.png,512,640,256,10,0.25408935546875,geographic_aoi_v2
chandigarh_00054,chandigarh,Sentinel-2,S2B_43RFP_20251119_0_L2A,val,data\expanded_v2\tiles\chandigarh\images\chandigarh_00054_rgb.png,data\expanded_v2\tiles\chandigarh\images\chandigarh_00054_rgbn.npy,data\expanded_v2\tiles\chandigarh\masks\chandigarh_00054_mask.png,512,768,256,10,0.285369873046875,geographic_aoi_v2
chandigarh_00055,chandigarh,Sentinel-2,S2B_43RFP_20251119_0_L2A,val,data\expanded_v2\tiles\chandigarh\images\chandigarh_00055_rgb.png,data\expanded_v2\tiles\chandigarh\images\chandigarh_00055_rgbn.npy,data\expanded_v2\tiles\chandigarh\masks\chandigarh_00055_mask.png,512,896,256,10,0.239166259765625,geographic_aoi_v2
chandigarh_00056,chandigarh,Sentinel-2,S2B_43RFP_20251119_0_L2A,val,data\expanded_v2\tiles\chandigarh\images\chandigarh_00056_rgb.png,data\expanded_v2\tiles\chandigarh\images\chandigarh_00056_rgbn.npy,data\expanded_v2\tiles\chandigarh\masks\chandigarh_00056_mask.png,512,1024,256,10,0.1769256591796875,geographic_aoi_v2
chandigarh_00057,chandigarh,Sentinel-2,S2B_43RFP_20251119_0_L2A,val,data\expanded_v2\tiles\chandigarh\images\chandigarh_00057_rgb.png,data\expanded_v2\tiles\chandigarh\images\chandigarh_00057_rgbn.npy,data\expanded_v2\tiles\chandigarh\masks\chandigarh_00057_mask.png,512,1152,256,10,0.106964111328125,geographic_aoi_v2
chandigarh_00058,chandigarh,Sentinel-2,S2B_43RFP_20251119_0_L2A,val,data\expanded_v2\tiles\chandigarh\images\chandigarh_00058_rgb.png,data\expanded_v2\tiles\chandigarh\images\chandigarh_00058_rgbn.npy,data\expanded_v2\tiles\chandigarh\masks\chandigarh_00058_mask.png,512,1280,256,10,0.041839599609375,geographic_aoi_v2
chandigarh_00059,chandigarh,Sentinel-2,S2B_43RFP_20251119_0_L2A,val,data\expanded_v2\tiles\chandigarh\images\chandigarh_00059_rgb.png,data\expanded_v2\tiles\chandigarh\images\chandigarh_00059_rgbn.npy,data\expanded_v2\tiles\chandigarh\masks\chandigarh_00059_mask.png,512,1408,256,10,0.014801025390625,geographic_aoi_v2
chandigarh_00060,chandigarh,Sentinel-2,S2B_43RFP_20251119_0_L2A,val,data\expanded_v2\tiles\chandigarh\images\chandigarh_00060_rgb.png,data\expanded_v2\tiles\chandigarh\images\chandigarh_00060_rgbn.npy,data\expanded_v2\tiles\chandigarh\masks\chandigarh_00060_mask.png,640,0,256,10,0.1786346435546875,geographic_aoi_v2
chandigarh_00061,chandigarh,Sentinel-2,S2B_43RFP_20251119_0_L2A,val,data\expanded_v2\tiles\chandigarh\images\chandigarh_00061_rgb.png,data\expanded_v2\tiles\chandigarh\images\chandigarh_00061_rgbn.npy,data\expanded_v2\tiles\chandigarh\masks\chandigarh_00061_mask.png,640,128,256,10,0.2161865234375,geographic_aoi_v2
chandigarh_00062,chandigarh,Sentinel-2,S2B_43RFP_20251119_0_L2A,val,data\expanded_v2\tiles\chandigarh\images\chandigarh_00062_rgb.png,data\expanded_v2\tiles\chandigarh\images\chandigarh_00062_rgbn.npy,data\expanded_v2\tiles\chandigarh\masks\chandigarh_00062_mask.png,640,256,256,10,0.2926483154296875,geographic_aoi_v2
chandigarh_00063,chandigarh,Sentinel-2,S2B_43RFP_20251119_0_L2A,val,data\expanded_v2\tiles\chandigarh\images\chandigarh_00063_rgb.png,data\expanded_v2\tiles\chandigarh\images\chandigarh_00063_rgbn.npy,data\expanded_v2\tiles\chandigarh\masks\chandigarh_00063_mask.png,640,384,256,10,0.3657379150390625,geographic_aoi_v2
chandigarh_00064,chandigarh,Sentinel-2,S2B_43RFP_20251119_0_L2A,val,data\expanded_v2\tiles\chandigarh\images\chandigarh_00064_rgb.png,data\expanded_v2\tiles\chandigarh\images\chandigarh_00064_rgbn.npy,data\expanded_v2\tiles\chandigarh\masks\chandigarh_00064_mask.png,640,512,256,10,0.361968994140625,geographic_aoi_v2
chandigarh_00065,chandigarh,Sentinel-2,S2B_43RFP_20251119_0_L2A,val,data\expanded_v2\tiles\chandigarh\images\chandigarh_00065_rgb.png,data\expanded_v2\tiles\chandigarh\images\chandigarh_00065_rgbn.npy,data\expanded_v2\tiles\chandigarh\masks\chandigarh_00065_mask.png,640,640,256,10,0.3592071533203125,geographic_aoi_v2
chandigarh_00066,chandigarh,Sentinel-2,S2B_43RFP_20251119_0_L2A,val,data\expanded_v2\tiles\chandigarh\images\chandigarh_00066_rgb.png,data\expanded_v2\tiles\chandigarh\images\chandigarh_00066_rgbn.npy,data\expanded_v2\tiles\chandigarh\masks\chandigarh_00066_mask.png,640,768,256,10,0.3279876708984375,geographic_aoi_v2
chandigarh_00067,chandigarh,Sentinel-2,S2B_43RFP_20251119_0_L2A,val,data\expanded_v2\tiles\chandigarh\images\chandigarh_00067_rgb.png,data\expanded_v2\tiles\chandigarh\images\chandigarh_00067_rgbn.npy,data\expanded_v2\tiles\chandigarh\masks\chandigarh_00067_mask.png,640,896,256,10,0.3173980712890625,geographic_aoi_v2
chandigarh_00068,chandigarh,Sentinel-2,S2B_43RFP_20251119_0_L2A,val,data\expanded_v2\tiles\chandigarh\images\chandigarh_00068_rgb.png,data\expanded_v2\tiles\chandigarh\images\chandigarh_00068_rgbn.npy,data\expanded_v2\tiles\chandigarh\masks\chandigarh_00068_mask.png,640,1024,256,10,0.2126922607421875,geographic_aoi_v2
chandigarh_00069,chandigarh,Sentinel-2,S2B_43RFP_20251119_0_L2A,val,data\expanded_v2\tiles\chandigarh\images\chandigarh_00069_rgb.png,data\expanded_v2\tiles\chandigarh\images\chandigarh_00069_rgbn.npy,data\expanded_v2\tiles\chandigarh\masks\chandigarh_00069_mask.png,640,1152,256,10,0.07733154296875,geographic_aoi_v2
chandigarh_00070,chandigarh,Sentinel-2,S2B_43RFP_20251119_0_L2A,val,data\expanded_v2\tiles\chandigarh\images\chandigarh_00070_rgb.png,data\expanded_v2\tiles\chandigarh\images\chandigarh_00070_rgbn.npy,data\expanded_v2\tiles\chandigarh\masks\chandigarh_00070_mask.png,640,1280,256,10,0.0667877197265625,geographic_aoi_v2
chandigarh_00071,chandigarh,Sentinel-2,S2B_43RFP_20251119_0_L2A,val,data\expanded_v2\tiles\chandigarh\images\chandigarh_00071_rgb.png,data\expanded_v2\tiles\chandigarh\images\chandigarh_00071_rgbn.npy,data\expanded_v2\tiles\chandigarh\masks\chandigarh_00071_mask.png,640,1408,256,10,0.048248291015625,geographic_aoi_v2
chandigarh_00072,chandigarh,Sentinel-2,S2B_43RFP_20251119_0_L2A,val,data\expanded_v2\tiles\chandigarh\images\chandigarh_00072_rgb.png,data\expanded_v2\tiles\chandigarh\images\chandigarh_00072_rgbn.npy,data\expanded_v2\tiles\chandigarh\masks\chandigarh_00072_mask.png,768,0,256,10,0.241119384765625,geographic_aoi_v2
chandigarh_00073,chandigarh,Sentinel-2,S2B_43RFP_20251119_0_L2A,val,data\expanded_v2\tiles\chandigarh\images\chandigarh_00073_rgb.png,data\expanded_v2\tiles\chandigarh\images\chandigarh_00073_rgbn.npy,data\expanded_v2\tiles\chandigarh\masks\chandigarh_00073_mask.png,768,128,256,10,0.2805328369140625,geographic_aoi_v2
chandigarh_00074,chandigarh,Sentinel-2,S2B_43RFP_20251119_0_L2A,val,data\expanded_v2\tiles\chandigarh\images\chandigarh_00074_rgb.png,data\expanded_v2\tiles\chandigarh\images\chandigarh_00074_rgbn.npy,data\expanded_v2\tiles\chandigarh\masks\chandigarh_00074_mask.png,768,256,256,10,0.36370849609375,geographic_aoi_v2
chandigarh_00075,chandigarh,Sentinel-2,S2B_43RFP_20251119_0_L2A,val,data\expanded_v2\tiles\chandigarh\images\chandigarh_00075_rgb.png,data\expanded_v2\tiles\chandigarh\images\chandigarh_00075_rgbn.npy,data\expanded_v2\tiles\chandigarh\masks\chandigarh_00075_mask.png,768,384,256,10,0.3906097412109375,geographic_aoi_v2
chandigarh_00076,chandigarh,Sentinel-2,S2B_43RFP_20251119_0_L2A,val,data\expanded_v2\tiles\chandigarh\images\chandigarh_00076_rgb.png,data\expanded_v2\tiles\chandigarh\images\chandigarh_00076_rgbn.npy,data\expanded_v2\tiles\chandigarh\masks\chandigarh_00076_mask.png,768,512,256,10,0.387664794921875,geographic_aoi_v2
chandigarh_00077,chandigarh,Sentinel-2,S2B_43RFP_20251119_0_L2A,val,data\expanded_v2\tiles\chandigarh\images\chandigarh_00077_rgb.png,data\expanded_v2\tiles\chandigarh\images\chandigarh_00077_rgbn.npy,data\expanded_v2\tiles\chandigarh\masks\chandigarh_00077_mask.png,768,640,256,10,0.3847503662109375,geographic_aoi_v2
chandigarh_00078,chandigarh,Sentinel-2,S2B_43RFP_20251119_0_L2A,val,data\expanded_v2\tiles\chandigarh\images\chandigarh_00078_rgb.png,data\expanded_v2\tiles\chandigarh\images\chandigarh_00078_rgbn.npy,data\expanded_v2\tiles\chandigarh\masks\chandigarh_00078_mask.png,768,768,256,10,0.3854217529296875,geographic_aoi_v2
chandigarh_00079,chandigarh,Sentinel-2,S2B_43RFP_20251119_0_L2A,val,data\expanded_v2\tiles\chandigarh\images\chandigarh_00079_rgb.png,data\expanded_v2\tiles\chandigarh\images\chandigarh_00079_rgbn.npy,data\expanded_v2\tiles\chandigarh\masks\chandigarh_00079_mask.png,768,896,256,10,0.3880462646484375,geographic_aoi_v2
chandigarh_00080,chandigarh,Sentinel-2,S2B_43RFP_20251119_0_L2A,val,data\expanded_v2\tiles\chandigarh\images\chandigarh_00080_rgb.png,data\expanded_v2\tiles\chandigarh\images\chandigarh_00080_rgbn.npy,data\expanded_v2\tiles\chandigarh\masks\chandigarh_00080_mask.png,768,1024,256,10,0.2601776123046875,geographic_aoi_v2
chandigarh_00081,chandigarh,Sentinel-2,S2B_43RFP_20251119_0_L2A,val,data\expanded_v2\tiles\chandigarh\images\chandigarh_00081_rgb.png,data\expanded_v2\tiles\chandigarh\images\chandigarh_00081_rgbn.npy,data\expanded_v2\tiles\chandigarh\masks\chandigarh_00081_mask.png,768,1152,256,10,0.1235198974609375,geographic_aoi_v2
chandigarh_00082,chandigarh,Sentinel-2,S2B_43RFP_20251119_0_L2A,val,data\expanded_v2\tiles\chandigarh\images\chandigarh_00082_rgb.png,data\expanded_v2\tiles\chandigarh\images\chandigarh_00082_rgbn.npy,data\expanded_v2\tiles\chandigarh\masks\chandigarh_00082_mask.png,768,1280,256,10,0.1257171630859375,geographic_aoi_v2
chandigarh_00083,chandigarh,Sentinel-2,S2B_43RFP_20251119_0_L2A,val,data\expanded_v2\tiles\chandigarh\images\chandigarh_00083_rgb.png,data\expanded_v2\tiles\chandigarh\images\chandigarh_00083_rgbn.npy,data\expanded_v2\tiles\chandigarh\masks\chandigarh_00083_mask.png,768,1408,256,10,0.150726318359375,geographic_aoi_v2
chandigarh_00084,chandigarh,Sentinel-2,S2B_43RFP_20251119_0_L2A,val,data\expanded_v2\tiles\chandigarh\images\chandigarh_00084_rgb.png,data\expanded_v2\tiles\chandigarh\images\chandigarh_00084_rgbn.npy,data\expanded_v2\tiles\chandigarh\masks\chandigarh_00084_mask.png,896,0,256,10,0.266998291015625,geographic_aoi_v2
chandigarh_00085,chandigarh,Sentinel-2,S2B_43RFP_20251119_0_L2A,val,data\expanded_v2\tiles\chandigarh\images\chandigarh_00085_rgb.png,data\expanded_v2\tiles\chandigarh\images\chandigarh_00085_rgbn.npy,data\expanded_v2\tiles\chandigarh\masks\chandigarh_00085_mask.png,896,128,256,10,0.33416748046875,geographic_aoi_v2
chandigarh_00086,chandigarh,Sentinel-2,S2B_43RFP_20251119_0_L2A,val,data\expanded_v2\tiles\chandigarh\images\chandigarh_00086_rgb.png,data\expanded_v2\tiles\chandigarh\images\chandigarh_00086_rgbn.npy,data\expanded_v2\tiles\chandigarh\masks\chandigarh_00086_mask.png,896,256,256,10,0.37152099609375,geographic_aoi_v2
chandigarh_00087,chandigarh,Sentinel-2,S2B_43RFP_20251119_0_L2A,val,data\expanded_v2\tiles\chandigarh\images\chandigarh_00087_rgb.png,data\expanded_v2\tiles\chandigarh\images\chandigarh_00087_rgbn.npy,data\expanded_v2\tiles\chandigarh\masks\chandigarh_00087_mask.png,896,384,256,10,0.350799560546875,geographic_aoi_v2
chandigarh_00088,chandigarh,Sentinel-2,S2B_43RFP_20251119_0_L2A,val,data\expanded_v2\tiles\chandigarh\images\chandigarh_00088_rgb.png,data\expanded_v2\tiles\chandigarh\images\chandigarh_00088_rgbn.npy,data\expanded_v2\tiles\chandigarh\masks\chandigarh_00088_mask.png,896,512,256,10,0.394439697265625,geographic_aoi_v2
chandigarh_00089,chandigarh,Sentinel-2,S2B_43RFP_20251119_0_L2A,val,data\expanded_v2\tiles\chandigarh\images\chandigarh_00089_rgb.png,data\expanded_v2\tiles\chandigarh\images\chandigarh_00089_rgbn.npy,data\expanded_v2\tiles\chandigarh\masks\chandigarh_00089_mask.png,896,640,256,10,0.4095916748046875,geographic_aoi_v2
chandigarh_00090,chandigarh,Sentinel-2,S2B_43RFP_20251119_0_L2A,val,data\expanded_v2\tiles\chandigarh\images\chandigarh_00090_rgb.png,data\expanded_v2\tiles\chandigarh\images\chandigarh_00090_rgbn.npy,data\expanded_v2\tiles\chandigarh\masks\chandigarh_00090_mask.png,896,768,256,10,0.392333984375,geographic_aoi_v2
chandigarh_00091,chandigarh,Sentinel-2,S2B_43RFP_20251119_0_L2A,val,data\expanded_v2\tiles\chandigarh\images\chandigarh_00091_rgb.png,data\expanded_v2\tiles\chandigarh\images\chandigarh_00091_rgbn.npy,data\expanded_v2\tiles\chandigarh\masks\chandigarh_00091_mask.png,896,896,256,10,0.37542724609375,geographic_aoi_v2
chandigarh_00092,chandigarh,Sentinel-2,S2B_43RFP_20251119_0_L2A,val,data\expanded_v2\tiles\chandigarh\images\chandigarh_00092_rgb.png,data\expanded_v2\tiles\chandigarh\images\chandigarh_00092_rgbn.npy,data\expanded_v2\tiles\chandigarh\masks\chandigarh_00092_mask.png,896,1024,256,10,0.2882232666015625,geographic_aoi_v2
chandigarh_00093,chandigarh,Sentinel-2,S2B_43RFP_20251119_0_L2A,val,data\expanded_v2\tiles\chandigarh\images\chandigarh_00093_rgb.png,data\expanded_v2\tiles\chandigarh\images\chandigarh_00093_rgbn.npy,data\expanded_v2\tiles\chandigarh\masks\chandigarh_00093_mask.png,896,1152,256,10,0.2340850830078125,geographic_aoi_v2
chandigarh_00094,chandigarh,Sentinel-2,S2B_43RFP_20251119_0_L2A,val,data\expanded_v2\tiles\chandigarh\images\chandigarh_00094_rgb.png,data\expanded_v2\tiles\chandigarh\images\chandigarh_00094_rgbn.npy,data\expanded_v2\tiles\chandigarh\masks\chandigarh_00094_mask.png,896,1280,256,10,0.2502899169921875,geographic_aoi_v2
chandigarh_00095,chandigarh,Sentinel-2,S2B_43RFP_20251119_0_L2A,val,data\expanded_v2\tiles\chandigarh\images\chandigarh_00095_rgb.png,data\expanded_v2\tiles\chandigarh\images\chandigarh_00095_rgbn.npy,data\expanded_v2\tiles\chandigarh\masks\chandigarh_00095_mask.png,896,1408,256,10,0.2532501220703125,geographic_aoi_v2
chandigarh_00096,chandigarh,Sentinel-2,S2B_43RFP_20251119_0_L2A,val,data\expanded_v2\tiles\chandigarh\images\chandigarh_00096_rgb.png,data\expanded_v2\tiles\chandigarh\images\chandigarh_00096_rgbn.npy,data\expanded_v2\tiles\chandigarh\masks\chandigarh_00096_mask.png,1024,0,256,10,0.2721405029296875,geographic_aoi_v2
chandigarh_00097,chandigarh,Sentinel-2,S2B_43RFP_20251119_0_L2A,val,data\expanded_v2\tiles\chandigarh\images\chandigarh_00097_rgb.png,data\expanded_v2\tiles\chandigarh\images\chandigarh_00097_rgbn.npy,data\expanded_v2\tiles\chandigarh\masks\chandigarh_00097_mask.png,1024,128,256,10,0.3887786865234375,geographic_aoi_v2
chandigarh_00098,chandigarh,Sentinel-2,S2B_43RFP_20251119_0_L2A,val,data\expanded_v2\tiles\chandigarh\images\chandigarh_00098_rgb.png,data\expanded_v2\tiles\chandigarh\images\chandigarh_00098_rgbn.npy,data\expanded_v2\tiles\chandigarh\masks\chandigarh_00098_mask.png,1024,256,256,10,0.3848876953125,geographic_aoi_v2
chandigarh_00099,chandigarh,Sentinel-2,S2B_43RFP_20251119_0_L2A,val,data\expanded_v2\tiles\chandigarh\images\chandigarh_00099_rgb.png,data\expanded_v2\tiles\chandigarh\images\chandigarh_00099_rgbn.npy,data\expanded_v2\tiles\chandigarh\masks\chandigarh_00099_mask.png,1024,384,256,10,0.3515625,geographic_aoi_v2
chandigarh_00100,chandigarh,Sentinel-2,S2B_43RFP_20251119_0_L2A,val,data\expanded_v2\tiles\chandigarh\images\chandigarh_00100_rgb.png,data\expanded_v2\tiles\chandigarh\images\chandigarh_00100_rgbn.npy,data\expanded_v2\tiles\chandigarh\masks\chandigarh_00100_mask.png,1024,512,256,10,0.417144775390625,geographic_aoi_v2
chandigarh_00101,chandigarh,Sentinel-2,S2B_43RFP_20251119_0_L2A,val,data\expanded_v2\tiles\chandigarh\images\chandigarh_00101_rgb.png,data\expanded_v2\tiles\chandigarh\images\chandigarh_00101_rgbn.npy,data\expanded_v2\tiles\chandigarh\masks\chandigarh_00101_mask.png,1024,640,256,10,0.40802001953125,geographic_aoi_v2
chandigarh_00102,chandigarh,Sentinel-2,S2B_43RFP_20251119_0_L2A,val,data\expanded_v2\tiles\chandigarh\images\chandigarh_00102_rgb.png,data\expanded_v2\tiles\chandigarh\images\chandigarh_00102_rgbn.npy,data\expanded_v2\tiles\chandigarh\masks\chandigarh_00102_mask.png,1024,768,256,10,0.364501953125,geographic_aoi_v2
chandigarh_00103,chandigarh,Sentinel-2,S2B_43RFP_20251119_0_L2A,val,data\expanded_v2\tiles\chandigarh\images\chandigarh_00103_rgb.png,data\expanded_v2\tiles\chandigarh\images\chandigarh_00103_rgbn.npy,data\expanded_v2\tiles\chandigarh\masks\chandigarh_00103_mask.png,1024,896,256,10,0.3248443603515625,geographic_aoi_v2
chandigarh_00104,chandigarh,Sentinel-2,S2B_43RFP_20251119_0_L2A,val,data\expanded_v2\tiles\chandigarh\images\chandigarh_00104_rgb.png,data\expanded_v2\tiles\chandigarh\images\chandigarh_00104_rgbn.npy,data\expanded_v2\tiles\chandigarh\masks\chandigarh_00104_mask.png,1024,1024,256,10,0.23712158203125,geographic_aoi_v2
chandigarh_00105,chandigarh,Sentinel-2,S2B_43RFP_20251119_0_L2A,val,data\expanded_v2\tiles\chandigarh\images\chandigarh_00105_rgb.png,data\expanded_v2\tiles\chandigarh\images\chandigarh_00105_rgbn.npy,data\expanded_v2\tiles\chandigarh\masks\chandigarh_00105_mask.png,1024,1152,256,10,0.22528076171875,geographic_aoi_v2
chandigarh_00106,chandigarh,Sentinel-2,S2B_43RFP_20251119_0_L2A,val,data\expanded_v2\tiles\chandigarh\images\chandigarh_00106_rgb.png,data\expanded_v2\tiles\chandigarh\images\chandigarh_00106_rgbn.npy,data\expanded_v2\tiles\chandigarh\masks\chandigarh_00106_mask.png,1024,1280,256,10,0.290130615234375,geographic_aoi_v2
chandigarh_00107,chandigarh,Sentinel-2,S2B_43RFP_20251119_0_L2A,val,data\expanded_v2\tiles\chandigarh\images\chandigarh_00107_rgb.png,data\expanded_v2\tiles\chandigarh\images\chandigarh_00107_rgbn.npy,data\expanded_v2\tiles\chandigarh\masks\chandigarh_00107_mask.png,1024,1408,256,10,0.287109375,geographic_aoi_v2
chandigarh_00108,chandigarh,Sentinel-2,S2B_43RFP_20251119_0_L2A,val,data\expanded_v2\tiles\chandigarh\images\chandigarh_00108_rgb.png,data\expanded_v2\tiles\chandigarh\images\chandigarh_00108_rgbn.npy,data\expanded_v2\tiles\chandigarh\masks\chandigarh_00108_mask.png,1152,0,256,10,0.3150482177734375,geographic_aoi_v2
chandigarh_00109,chandigarh,Sentinel-2,S2B_43RFP_20251119_0_L2A,val,data\expanded_v2\tiles\chandigarh\images\chandigarh_00109_rgb.png,data\expanded_v2\tiles\chandigarh\images\chandigarh_00109_rgbn.npy,data\expanded_v2\tiles\chandigarh\masks\chandigarh_00109_mask.png,1152,128,256,10,0.3987884521484375,geographic_aoi_v2
chandigarh_00110,chandigarh,Sentinel-2,S2B_43RFP_20251119_0_L2A,val,data\expanded_v2\tiles\chandigarh\images\chandigarh_00110_rgb.png,data\expanded_v2\tiles\chandigarh\images\chandigarh_00110_rgbn.npy,data\expanded_v2\tiles\chandigarh\masks\chandigarh_00110_mask.png,1152,256,256,10,0.3782196044921875,geographic_aoi_v2
chandigarh_00111,chandigarh,Sentinel-2,S2B_43RFP_20251119_0_L2A,val,data\expanded_v2\tiles\chandigarh\images\chandigarh_00111_rgb.png,data\expanded_v2\tiles\chandigarh\images\chandigarh_00111_rgbn.npy,data\expanded_v2\tiles\chandigarh\masks\chandigarh_00111_mask.png,1152,384,256,10,0.3712310791015625,geographic_aoi_v2
chandigarh_00112,chandigarh,Sentinel-2,S2B_43RFP_20251119_0_L2A,val,data\expanded_v2\tiles\chandigarh\images\chandigarh_00112_rgb.png,data\expanded_v2\tiles\chandigarh\images\chandigarh_00112_rgbn.npy,data\expanded_v2\tiles\chandigarh\masks\chandigarh_00112_mask.png,1152,512,256,10,0.4288787841796875,geographic_aoi_v2
chandigarh_00113,chandigarh,Sentinel-2,S2B_43RFP_20251119_0_L2A,val,data\expanded_v2\tiles\chandigarh\images\chandigarh_00113_rgb.png,data\expanded_v2\tiles\chandigarh\images\chandigarh_00113_rgbn.npy,data\expanded_v2\tiles\chandigarh\masks\chandigarh_00113_mask.png,1152,640,256,10,0.367584228515625,geographic_aoi_v2
chandigarh_00114,chandigarh,Sentinel-2,S2B_43RFP_20251119_0_L2A,val,data\expanded_v2\tiles\chandigarh\images\chandigarh_00114_rgb.png,data\expanded_v2\tiles\chandigarh\images\chandigarh_00114_rgbn.npy,data\expanded_v2\tiles\chandigarh\masks\chandigarh_00114_mask.png,1152,768,256,10,0.3053131103515625,geographic_aoi_v2
chandigarh_00115,chandigarh,Sentinel-2,S2B_43RFP_20251119_0_L2A,val,data\expanded_v2\tiles\chandigarh\images\chandigarh_00115_rgb.png,data\expanded_v2\tiles\chandigarh\images\chandigarh_00115_rgbn.npy,data\expanded_v2\tiles\chandigarh\masks\chandigarh_00115_mask.png,1152,896,256,10,0.2842559814453125,geographic_aoi_v2
chandigarh_00116,chandigarh,Sentinel-2,S2B_43RFP_20251119_0_L2A,val,data\expanded_v2\tiles\chandigarh\images\chandigarh_00116_rgb.png,data\expanded_v2\tiles\chandigarh\images\chandigarh_00116_rgbn.npy,data\expanded_v2\tiles\chandigarh\masks\chandigarh_00116_mask.png,1152,1024,256,10,0.1929168701171875,geographic_aoi_v2
chandigarh_00117,chandigarh,Sentinel-2,S2B_43RFP_20251119_0_L2A,val,data\expanded_v2\tiles\chandigarh\images\chandigarh_00117_rgb.png,data\expanded_v2\tiles\chandigarh\images\chandigarh_00117_rgbn.npy,data\expanded_v2\tiles\chandigarh\masks\chandigarh_00117_mask.png,1152,1152,256,10,0.1737518310546875,geographic_aoi_v2
chandigarh_00118,chandigarh,Sentinel-2,S2B_43RFP_20251119_0_L2A,val,data\expanded_v2\tiles\chandigarh\images\chandigarh_00118_rgb.png,data\expanded_v2\tiles\chandigarh\images\chandigarh_00118_rgbn.npy,data\expanded_v2\tiles\chandigarh\masks\chandigarh_00118_mask.png,1152,1280,256,10,0.2790069580078125,geographic_aoi_v2
chandigarh_00119,chandigarh,Sentinel-2,S2B_43RFP_20251119_0_L2A,val,data\expanded_v2\tiles\chandigarh\images\chandigarh_00119_rgb.png,data\expanded_v2\tiles\chandigarh\images\chandigarh_00119_rgbn.npy,data\expanded_v2\tiles\chandigarh\masks\chandigarh_00119_mask.png,1152,1408,256,10,0.331329345703125,geographic_aoi_v2
chandigarh_00120,chandigarh,Sentinel-2,S2B_43RFP_20251119_0_L2A,val,data\expanded_v2\tiles\chandigarh\images\chandigarh_00120_rgb.png,data\expanded_v2\tiles\chandigarh\images\chandigarh_00120_rgbn.npy,data\expanded_v2\tiles\chandigarh\masks\chandigarh_00120_mask.png,1280,0,256,10,0.3470001220703125,geographic_aoi_v2
chandigarh_00121,chandigarh,Sentinel-2,S2B_43RFP_20251119_0_L2A,val,data\expanded_v2\tiles\chandigarh\images\chandigarh_00121_rgb.png,data\expanded_v2\tiles\chandigarh\images\chandigarh_00121_rgbn.npy,data\expanded_v2\tiles\chandigarh\masks\chandigarh_00121_mask.png,1280,128,256,10,0.4177703857421875,geographic_aoi_v2
chandigarh_00122,chandigarh,Sentinel-2,S2B_43RFP_20251119_0_L2A,val,data\expanded_v2\tiles\chandigarh\images\chandigarh_00122_rgb.png,data\expanded_v2\tiles\chandigarh\images\chandigarh_00122_rgbn.npy,data\expanded_v2\tiles\chandigarh\masks\chandigarh_00122_mask.png,1280,256,256,10,0.3809051513671875,geographic_aoi_v2
chandigarh_00123,chandigarh,Sentinel-2,S2B_43RFP_20251119_0_L2A,val,data\expanded_v2\tiles\chandigarh\images\chandigarh_00123_rgb.png,data\expanded_v2\tiles\chandigarh\images\chandigarh_00123_rgbn.npy,data\expanded_v2\tiles\chandigarh\masks\chandigarh_00123_mask.png,1280,384,256,10,0.381378173828125,geographic_aoi_v2
chandigarh_00124,chandigarh,Sentinel-2,S2B_43RFP_20251119_0_L2A,val,data\expanded_v2\tiles\chandigarh\images\chandigarh_00124_rgb.png,data\expanded_v2\tiles\chandigarh\images\chandigarh_00124_rgbn.npy,data\expanded_v2\tiles\chandigarh\masks\chandigarh_00124_mask.png,1280,512,256,10,0.38397216796875,geographic_aoi_v2
chandigarh_00125,chandigarh,Sentinel-2,S2B_43RFP_20251119_0_L2A,val,data\expanded_v2\tiles\chandigarh\images\chandigarh_00125_rgb.png,data\expanded_v2\tiles\chandigarh\images\chandigarh_00125_rgbn.npy,data\expanded_v2\tiles\chandigarh\masks\chandigarh_00125_mask.png,1280,640,256,10,0.2440948486328125,geographic_aoi_v2
chandigarh_00126,chandigarh,Sentinel-2,S2B_43RFP_20251119_0_L2A,val,data\expanded_v2\tiles\chandigarh\images\chandigarh_00126_rgb.png,data\expanded_v2\tiles\chandigarh\images\chandigarh_00126_rgbn.npy,data\expanded_v2\tiles\chandigarh\masks\chandigarh_00126_mask.png,1280,768,256,10,0.169830322265625,geographic_aoi_v2
chandigarh_00127,chandigarh,Sentinel-2,S2B_43RFP_20251119_0_L2A,val,data\expanded_v2\tiles\chandigarh\images\chandigarh_00127_rgb.png,data\expanded_v2\tiles\chandigarh\images\chandigarh_00127_rgbn.npy,data\expanded_v2\tiles\chandigarh\masks\chandigarh_00127_mask.png,1280,896,256,10,0.2213287353515625,geographic_aoi_v2
chandigarh_00128,chandigarh,Sentinel-2,S2B_43RFP_20251119_0_L2A,val,data\expanded_v2\tiles\chandigarh\images\chandigarh_00128_rgb.png,data\expanded_v2\tiles\chandigarh\images\chandigarh_00128_rgbn.npy,data\expanded_v2\tiles\chandigarh\masks\chandigarh_00128_mask.png,1280,1024,256,10,0.1981658935546875,geographic_aoi_v2
chandigarh_00129,chandigarh,Sentinel-2,S2B_43RFP_20251119_0_L2A,val,data\expanded_v2\tiles\chandigarh\images\chandigarh_00129_rgb.png,data\expanded_v2\tiles\chandigarh\images\chandigarh_00129_rgbn.npy,data\expanded_v2\tiles\chandigarh\masks\chandigarh_00129_mask.png,1280,1152,256,10,0.2027587890625,geographic_aoi_v2
chandigarh_00130,chandigarh,Sentinel-2,S2B_43RFP_20251119_0_L2A,val,data\expanded_v2\tiles\chandigarh\images\chandigarh_00130_rgb.png,data\expanded_v2\tiles\chandigarh\images\chandigarh_00130_rgbn.npy,data\expanded_v2\tiles\chandigarh\masks\chandigarh_00130_mask.png,1280,1280,256,10,0.31829833984375,geographic_aoi_v2
chandigarh_00131,chandigarh,Sentinel-2,S2B_43RFP_20251119_0_L2A,val,data\expanded_v2\tiles\chandigarh\images\chandigarh_00131_rgb.png,data\expanded_v2\tiles\chandigarh\images\chandigarh_00131_rgbn.npy,data\expanded_v2\tiles\chandigarh\masks\chandigarh_00131_mask.png,1280,1408,256,10,0.386871337890625,geographic_aoi_v2
chandigarh_00132,chandigarh,Sentinel-2,S2B_43RFP_20251119_0_L2A,val,data\expanded_v2\tiles\chandigarh\images\chandigarh_00132_rgb.png,data\expanded_v2\tiles\chandigarh\images\chandigarh_00132_rgbn.npy,data\expanded_v2\tiles\chandigarh\masks\chandigarh_00132_mask.png,1408,0,256,10,0.3187408447265625,geographic_aoi_v2
chandigarh_00133,chandigarh,Sentinel-2,S2B_43RFP_20251119_0_L2A,val,data\expanded_v2\tiles\chandigarh\images\chandigarh_00133_rgb.png,data\expanded_v2\tiles\chandigarh\images\chandigarh_00133_rgbn.npy,data\expanded_v2\tiles\chandigarh\masks\chandigarh_00133_mask.png,1408,128,256,10,0.4043731689453125,geographic_aoi_v2
chandigarh_00134,chandigarh,Sentinel-2,S2B_43RFP_20251119_0_L2A,val,data\expanded_v2\tiles\chandigarh\images\chandigarh_00134_rgb.png,data\expanded_v2\tiles\chandigarh\images\chandigarh_00134_rgbn.npy,data\expanded_v2\tiles\chandigarh\masks\chandigarh_00134_mask.png,1408,256,256,10,0.3444671630859375,geographic_aoi_v2
chandigarh_00135,chandigarh,Sentinel-2,S2B_43RFP_20251119_0_L2A,val,data\expanded_v2\tiles\chandigarh\images\chandigarh_00135_rgb.png,data\expanded_v2\tiles\chandigarh\images\chandigarh_00135_rgbn.npy,data\expanded_v2\tiles\chandigarh\masks\chandigarh_00135_mask.png,1408,384,256,10,0.303985595703125,geographic_aoi_v2
chandigarh_00136,chandigarh,Sentinel-2,S2B_43RFP_20251119_0_L2A,val,data\expanded_v2\tiles\chandigarh\images\chandigarh_00136_rgb.png,data\expanded_v2\tiles\chandigarh\images\chandigarh_00136_rgbn.npy,data\expanded_v2\tiles\chandigarh\masks\chandigarh_00136_mask.png,1408,512,256,10,0.236358642578125,geographic_aoi_v2
chandigarh_00137,chandigarh,Sentinel-2,S2B_43RFP_20251119_0_L2A,val,data\expanded_v2\tiles\chandigarh\images\chandigarh_00137_rgb.png,data\expanded_v2\tiles\chandigarh\images\chandigarh_00137_rgbn.npy,data\expanded_v2\tiles\chandigarh\masks\chandigarh_00137_mask.png,1408,640,256,10,0.1200714111328125,geographic_aoi_v2
chandigarh_00138,chandigarh,Sentinel-2,S2B_43RFP_20251119_0_L2A,val,data\expanded_v2\tiles\chandigarh\images\chandigarh_00138_rgb.png,data\expanded_v2\tiles\chandigarh\images\chandigarh_00138_rgbn.npy,data\expanded_v2\tiles\chandigarh\masks\chandigarh_00138_mask.png,1408,768,256,10,0.0976409912109375,geographic_aoi_v2
chandigarh_00139,chandigarh,Sentinel-2,S2B_43RFP_20251119_0_L2A,val,data\expanded_v2\tiles\chandigarh\images\chandigarh_00139_rgb.png,data\expanded_v2\tiles\chandigarh\images\chandigarh_00139_rgbn.npy,data\expanded_v2\tiles\chandigarh\masks\chandigarh_00139_mask.png,1408,896,256,10,0.131500244140625,geographic_aoi_v2
chandigarh_00140,chandigarh,Sentinel-2,S2B_43RFP_20251119_0_L2A,val,data\expanded_v2\tiles\chandigarh\images\chandigarh_00140_rgb.png,data\expanded_v2\tiles\chandigarh\images\chandigarh_00140_rgbn.npy,data\expanded_v2\tiles\chandigarh\masks\chandigarh_00140_mask.png,1408,1024,256,10,0.15673828125,geographic_aoi_v2
chandigarh_00141,chandigarh,Sentinel-2,S2B_43RFP_20251119_0_L2A,val,data\expanded_v2\tiles\chandigarh\images\chandigarh_00141_rgb.png,data\expanded_v2\tiles\chandigarh\images\chandigarh_00141_rgbn.npy,data\expanded_v2\tiles\chandigarh\masks\chandigarh_00141_mask.png,1408,1152,256,10,0.241455078125,geographic_aoi_v2
chandigarh_00142,chandigarh,Sentinel-2,S2B_43RFP_20251119_0_L2A,val,data\expanded_v2\tiles\chandigarh\images\chandigarh_00142_rgb.png,data\expanded_v2\tiles\chandigarh\images\chandigarh_00142_rgbn.npy,data\expanded_v2\tiles\chandigarh\masks\chandigarh_00142_mask.png,1408,1280,256,10,0.347442626953125,geographic_aoi_v2
chandigarh_00143,chandigarh,Sentinel-2,S2B_43RFP_20251119_0_L2A,val,data\expanded_v2\tiles\chandigarh\images\chandigarh_00143_rgb.png,data\expanded_v2\tiles\chandigarh\images\chandigarh_00143_rgbn.npy,data\expanded_v2\tiles\chandigarh\masks\chandigarh_00143_mask.png,1408,1408,256,10,0.3801422119140625,geographic_aoi_v2
chandigarh_00144,chandigarh,Sentinel-2,S2B_43RFP_20251119_0_L2A,val,data\expanded_v2\tiles\chandigarh\images\chandigarh_00144_rgb.png,data\expanded_v2\tiles\chandigarh\images\chandigarh_00144_rgbn.npy,data\expanded_v2\tiles\chandigarh\masks\chandigarh_00144_mask.png,1536,0,256,10,0.2607879638671875,geographic_aoi_v2
chandigarh_00145,chandigarh,Sentinel-2,S2B_43RFP_20251119_0_L2A,val,data\expanded_v2\tiles\chandigarh\images\chandigarh_00145_rgb.png,data\expanded_v2\tiles\chandigarh\images\chandigarh_00145_rgbn.npy,data\expanded_v2\tiles\chandigarh\masks\chandigarh_00145_mask.png,1536,128,256,10,0.2876129150390625,geographic_aoi_v2
chandigarh_00146,chandigarh,Sentinel-2,S2B_43RFP_20251119_0_L2A,val,data\expanded_v2\tiles\chandigarh\images\chandigarh_00146_rgb.png,data\expanded_v2\tiles\chandigarh\images\chandigarh_00146_rgbn.npy,data\expanded_v2\tiles\chandigarh\masks\chandigarh_00146_mask.png,1536,256,256,10,0.25042724609375,geographic_aoi_v2
chandigarh_00147,chandigarh,Sentinel-2,S2B_43RFP_20251119_0_L2A,val,data\expanded_v2\tiles\chandigarh\images\chandigarh_00147_rgb.png,data\expanded_v2\tiles\chandigarh\images\chandigarh_00147_rgbn.npy,data\expanded_v2\tiles\chandigarh\masks\chandigarh_00147_mask.png,1536,384,256,10,0.2291259765625,geographic_aoi_v2
chandigarh_00148,chandigarh,Sentinel-2,S2B_43RFP_20251119_0_L2A,val,data\expanded_v2\tiles\chandigarh\images\chandigarh_00148_rgb.png,data\expanded_v2\tiles\chandigarh\images\chandigarh_00148_rgbn.npy,data\expanded_v2\tiles\chandigarh\masks\chandigarh_00148_mask.png,1536,512,256,10,0.1648406982421875,geographic_aoi_v2
chandigarh_00149,chandigarh,Sentinel-2,S2B_43RFP_20251119_0_L2A,val,data\expanded_v2\tiles\chandigarh\images\chandigarh_00149_rgb.png,data\expanded_v2\tiles\chandigarh\images\chandigarh_00149_rgbn.npy,data\expanded_v2\tiles\chandigarh\masks\chandigarh_00149_mask.png,1536,640,256,10,0.135498046875,geographic_aoi_v2
chandigarh_00150,chandigarh,Sentinel-2,S2B_43RFP_20251119_0_L2A,val,data\expanded_v2\tiles\chandigarh\images\chandigarh_00150_rgb.png,data\expanded_v2\tiles\chandigarh\images\chandigarh_00150_rgbn.npy,data\expanded_v2\tiles\chandigarh\masks\chandigarh_00150_mask.png,1536,768,256,10,0.1149444580078125,geographic_aoi_v2
chandigarh_00151,chandigarh,Sentinel-2,S2B_43RFP_20251119_0_L2A,val,data\expanded_v2\tiles\chandigarh\images\chandigarh_00151_rgb.png,data\expanded_v2\tiles\chandigarh\images\chandigarh_00151_rgbn.npy,data\expanded_v2\tiles\chandigarh\masks\chandigarh_00151_mask.png,1536,896,256,10,0.1147918701171875,geographic_aoi_v2
chandigarh_00152,chandigarh,Sentinel-2,S2B_43RFP_20251119_0_L2A,val,data\expanded_v2\tiles\chandigarh\images\chandigarh_00152_rgb.png,data\expanded_v2\tiles\chandigarh\images\chandigarh_00152_rgbn.npy,data\expanded_v2\tiles\chandigarh\masks\chandigarh_00152_mask.png,1536,1024,256,10,0.2047882080078125,geographic_aoi_v2
chandigarh_00153,chandigarh,Sentinel-2,S2B_43RFP_20251119_0_L2A,val,data\expanded_v2\tiles\chandigarh\images\chandigarh_00153_rgb.png,data\expanded_v2\tiles\chandigarh\images\chandigarh_00153_rgbn.npy,data\expanded_v2\tiles\chandigarh\masks\chandigarh_00153_mask.png,1536,1152,256,10,0.3126068115234375,geographic_aoi_v2
chandigarh_00154,chandigarh,Sentinel-2,S2B_43RFP_20251119_0_L2A,val,data\expanded_v2\tiles\chandigarh\images\chandigarh_00154_rgb.png,data\expanded_v2\tiles\chandigarh\images\chandigarh_00154_rgbn.npy,data\expanded_v2\tiles\chandigarh\masks\chandigarh_00154_mask.png,1536,1280,256,10,0.348541259765625,geographic_aoi_v2
chandigarh_00155,chandigarh,Sentinel-2,S2B_43RFP_20251119_0_L2A,val,data\expanded_v2\tiles\chandigarh\images\chandigarh_00155_rgb.png,data\expanded_v2\tiles\chandigarh\images\chandigarh_00155_rgbn.npy,data\expanded_v2\tiles\chandigarh\masks\chandigarh_00155_mask.png,1536,1408,256,10,0.3393402099609375,geographic_aoi_v2
indore_00000,indore,Sentinel-2,S2B_43QEF_20250202_0_L2A,val,data\expanded_v2\tiles\indore\images\indore_00000_rgb.png,data\expanded_v2\tiles\indore\images\indore_00000_rgbn.npy,data\expanded_v2\tiles\indore\masks\indore_00000_mask.png,0,0,256,10,0.063079833984375,geographic_aoi_v2
indore_00001,indore,Sentinel-2,S2B_43QEF_20250202_0_L2A,val,data\expanded_v2\tiles\indore\images\indore_00001_rgb.png,data\expanded_v2\tiles\indore\images\indore_00001_rgbn.npy,data\expanded_v2\tiles\indore\masks\indore_00001_mask.png,0,128,256,10,0.1208343505859375,geographic_aoi_v2
indore_00002,indore,Sentinel-2,S2B_43QEF_20250202_0_L2A,val,data\expanded_v2\tiles\indore\images\indore_00002_rgb.png,data\expanded_v2\tiles\indore\images\indore_00002_rgbn.npy,data\expanded_v2\tiles\indore\masks\indore_00002_mask.png,0,256,256,10,0.1214752197265625,geographic_aoi_v2
indore_00003,indore,Sentinel-2,S2B_43QEF_20250202_0_L2A,val,data\expanded_v2\tiles\indore\images\indore_00003_rgb.png,data\expanded_v2\tiles\indore\images\indore_00003_rgbn.npy,data\expanded_v2\tiles\indore\masks\indore_00003_mask.png,0,384,256,10,0.11187744140625,geographic_aoi_v2
indore_00004,indore,Sentinel-2,S2B_43QEF_20250202_0_L2A,val,data\expanded_v2\tiles\indore\images\indore_00004_rgb.png,data\expanded_v2\tiles\indore\images\indore_00004_rgbn.npy,data\expanded_v2\tiles\indore\masks\indore_00004_mask.png,0,512,256,10,0.16748046875,geographic_aoi_v2
indore_00005,indore,Sentinel-2,S2B_43QEF_20250202_0_L2A,val,data\expanded_v2\tiles\indore\images\indore_00005_rgb.png,data\expanded_v2\tiles\indore\images\indore_00005_rgbn.npy,data\expanded_v2\tiles\indore\masks\indore_00005_mask.png,0,640,256,10,0.2277984619140625,geographic_aoi_v2
indore_00006,indore,Sentinel-2,S2B_43QEF_20250202_0_L2A,val,data\expanded_v2\tiles\indore\images\indore_00006_rgb.png,data\expanded_v2\tiles\indore\images\indore_00006_rgbn.npy,data\expanded_v2\tiles\indore\masks\indore_00006_mask.png,0,768,256,10,0.2250518798828125,geographic_aoi_v2
indore_00007,indore,Sentinel-2,S2B_43QEF_20250202_0_L2A,val,data\expanded_v2\tiles\indore\images\indore_00007_rgb.png,data\expanded_v2\tiles\indore\images\indore_00007_rgbn.npy,data\expanded_v2\tiles\indore\masks\indore_00007_mask.png,0,896,256,10,0.14263916015625,geographic_aoi_v2
indore_00008,indore,Sentinel-2,S2B_43QEF_20250202_0_L2A,val,data\expanded_v2\tiles\indore\images\indore_00008_rgb.png,data\expanded_v2\tiles\indore\images\indore_00008_rgbn.npy,data\expanded_v2\tiles\indore\masks\indore_00008_mask.png,0,1024,256,10,0.175079345703125,geographic_aoi_v2
indore_00009,indore,Sentinel-2,S2B_43QEF_20250202_0_L2A,val,data\expanded_v2\tiles\indore\images\indore_00009_rgb.png,data\expanded_v2\tiles\indore\images\indore_00009_rgbn.npy,data\expanded_v2\tiles\indore\masks\indore_00009_mask.png,0,1152,256,10,0.27398681640625,geographic_aoi_v2
indore_00010,indore,Sentinel-2,S2B_43QEF_20250202_0_L2A,val,data\expanded_v2\tiles\indore\images\indore_00010_rgb.png,data\expanded_v2\tiles\indore\images\indore_00010_rgbn.npy,data\expanded_v2\tiles\indore\masks\indore_00010_mask.png,0,1280,256,10,0.275299072265625,geographic_aoi_v2
indore_00011,indore,Sentinel-2,S2B_43QEF_20250202_0_L2A,val,data\expanded_v2\tiles\indore\images\indore_00011_rgb.png,data\expanded_v2\tiles\indore\images\indore_00011_rgbn.npy,data\expanded_v2\tiles\indore\masks\indore_00011_mask.png,0,1408,256,10,0.2337646484375,geographic_aoi_v2
indore_00012,indore,Sentinel-2,S2B_43QEF_20250202_0_L2A,val,data\expanded_v2\tiles\indore\images\indore_00012_rgb.png,data\expanded_v2\tiles\indore\images\indore_00012_rgbn.npy,data\expanded_v2\tiles\indore\masks\indore_00012_mask.png,128,0,256,10,0.0738067626953125,geographic_aoi_v2
indore_00013,indore,Sentinel-2,S2B_43QEF_20250202_0_L2A,val,data\expanded_v2\tiles\indore\images\indore_00013_rgb.png,data\expanded_v2\tiles\indore\images\indore_00013_rgbn.npy,data\expanded_v2\tiles\indore\masks\indore_00013_mask.png,128,128,256,10,0.16400146484375,geographic_aoi_v2
indore_00014,indore,Sentinel-2,S2B_43QEF_20250202_0_L2A,val,data\expanded_v2\tiles\indore\images\indore_00014_rgb.png,data\expanded_v2\tiles\indore\images\indore_00014_rgbn.npy,data\expanded_v2\tiles\indore\masks\indore_00014_mask.png,128,256,256,10,0.17138671875,geographic_aoi_v2
indore_00015,indore,Sentinel-2,S2B_43QEF_20250202_0_L2A,val,data\expanded_v2\tiles\indore\images\indore_00015_rgb.png,data\expanded_v2\tiles\indore\images\indore_00015_rgbn.npy,data\expanded_v2\tiles\indore\masks\indore_00015_mask.png,128,384,256,10,0.1821746826171875,geographic_aoi_v2
indore_00016,indore,Sentinel-2,S2B_43QEF_20250202_0_L2A,val,data\expanded_v2\tiles\indore\images\indore_00016_rgb.png,data\expanded_v2\tiles\indore\images\indore_00016_rgbn.npy,data\expanded_v2\tiles\indore\masks\indore_00016_mask.png,128,512,256,10,0.227783203125,geographic_aoi_v2
indore_00017,indore,Sentinel-2,S2B_43QEF_20250202_0_L2A,val,data\expanded_v2\tiles\indore\images\indore_00017_rgb.png,data\expanded_v2\tiles\indore\images\indore_00017_rgbn.npy,data\expanded_v2\tiles\indore\masks\indore_00017_mask.png,128,640,256,10,0.205291748046875,geographic_aoi_v2
indore_00018,indore,Sentinel-2,S2B_43QEF_20250202_0_L2A,val,data\expanded_v2\tiles\indore\images\indore_00018_rgb.png,data\expanded_v2\tiles\indore\images\indore_00018_rgbn.npy,data\expanded_v2\tiles\indore\masks\indore_00018_mask.png,128,768,256,10,0.1699066162109375,geographic_aoi_v2
indore_00019,indore,Sentinel-2,S2B_43QEF_20250202_0_L2A,val,data\expanded_v2\tiles\indore\images\indore_00019_rgb.png,data\expanded_v2\tiles\indore\images\indore_00019_rgbn.npy,data\expanded_v2\tiles\indore\masks\indore_00019_mask.png,128,896,256,10,0.1873321533203125,geographic_aoi_v2
indore_00020,indore,Sentinel-2,S2B_43QEF_20250202_0_L2A,val,data\expanded_v2\tiles\indore\images\indore_00020_rgb.png,data\expanded_v2\tiles\indore\images\indore_00020_rgbn.npy,data\expanded_v2\tiles\indore\masks\indore_00020_mask.png,128,1024,256,10,0.2924346923828125,geographic_aoi_v2
indore_00021,indore,Sentinel-2,S2B_43QEF_20250202_0_L2A,val,data\expanded_v2\tiles\indore\images\indore_00021_rgb.png,data\expanded_v2\tiles\indore\images\indore_00021_rgbn.npy,data\expanded_v2\tiles\indore\masks\indore_00021_mask.png,128,1152,256,10,0.3458709716796875,geographic_aoi_v2
indore_00022,indore,Sentinel-2,S2B_43QEF_20250202_0_L2A,val,data\expanded_v2\tiles\indore\images\indore_00022_rgb.png,data\expanded_v2\tiles\indore\images\indore_00022_rgbn.npy,data\expanded_v2\tiles\indore\masks\indore_00022_mask.png,128,1280,256,10,0.297454833984375,geographic_aoi_v2
indore_00023,indore,Sentinel-2,S2B_43QEF_20250202_0_L2A,val,data\expanded_v2\tiles\indore\images\indore_00023_rgb.png,data\expanded_v2\tiles\indore\images\indore_00023_rgbn.npy,data\expanded_v2\tiles\indore\masks\indore_00023_mask.png,128,1408,256,10,0.2492828369140625,geographic_aoi_v2
indore_00024,indore,Sentinel-2,S2B_43QEF_20250202_0_L2A,val,data\expanded_v2\tiles\indore\images\indore_00024_rgb.png,data\expanded_v2\tiles\indore\images\indore_00024_rgbn.npy,data\expanded_v2\tiles\indore\masks\indore_00024_mask.png,256,0,256,10,0.08953857421875,geographic_aoi_v2
indore_00025,indore,Sentinel-2,S2B_43QEF_20250202_0_L2A,val,data\expanded_v2\tiles\indore\images\indore_00025_rgb.png,data\expanded_v2\tiles\indore\images\indore_00025_rgbn.npy,data\expanded_v2\tiles\indore\masks\indore_00025_mask.png,256,128,256,10,0.137420654296875,geographic_aoi_v2
indore_00026,indore,Sentinel-2,S2B_43QEF_20250202_0_L2A,val,data\expanded_v2\tiles\indore\images\indore_00026_rgb.png,data\expanded_v2\tiles\indore\images\indore_00026_rgbn.npy,data\expanded_v2\tiles\indore\masks\indore_00026_mask.png,256,256,256,10,0.18365478515625,geographic_aoi_v2
indore_00027,indore,Sentinel-2,S2B_43QEF_20250202_0_L2A,val,data\expanded_v2\tiles\indore\images\indore_00027_rgb.png,data\expanded_v2\tiles\indore\images\indore_00027_rgbn.npy,data\expanded_v2\tiles\indore\masks\indore_00027_mask.png,256,384,256,10,0.2373809814453125,geographic_aoi_v2
indore_00028,indore,Sentinel-2,S2B_43QEF_20250202_0_L2A,val,data\expanded_v2\tiles\indore\images\indore_00028_rgb.png,data\expanded_v2\tiles\indore\images\indore_00028_rgbn.npy,data\expanded_v2\tiles\indore\masks\indore_00028_mask.png,256,512,256,10,0.2512054443359375,geographic_aoi_v2
indore_00029,indore,Sentinel-2,S2B_43QEF_20250202_0_L2A,val,data\expanded_v2\tiles\indore\images\indore_00029_rgb.png,data\expanded_v2\tiles\indore\images\indore_00029_rgbn.npy,data\expanded_v2\tiles\indore\masks\indore_00029_mask.png,256,640,256,10,0.2199249267578125,geographic_aoi_v2
indore_00030,indore,Sentinel-2,S2B_43QEF_20250202_0_L2A,val,data\expanded_v2\tiles\indore\images\indore_00030_rgb.png,data\expanded_v2\tiles\indore\images\indore_00030_rgbn.npy,data\expanded_v2\tiles\indore\masks\indore_00030_mask.png,256,768,256,10,0.2841796875,geographic_aoi_v2
indore_00031,indore,Sentinel-2,S2B_43QEF_20250202_0_L2A,val,data\expanded_v2\tiles\indore\images\indore_00031_rgb.png,data\expanded_v2\tiles\indore\images\indore_00031_rgbn.npy,data\expanded_v2\tiles\indore\masks\indore_00031_mask.png,256,896,256,10,0.39471435546875,geographic_aoi_v2
indore_00032,indore,Sentinel-2,S2B_43QEF_20250202_0_L2A,val,data\expanded_v2\tiles\indore\images\indore_00032_rgb.png,data\expanded_v2\tiles\indore\images\indore_00032_rgbn.npy,data\expanded_v2\tiles\indore\masks\indore_00032_mask.png,256,1024,256,10,0.433441162109375,geographic_aoi_v2
indore_00033,indore,Sentinel-2,S2B_43QEF_20250202_0_L2A,val,data\expanded_v2\tiles\indore\images\indore_00033_rgb.png,data\expanded_v2\tiles\indore\images\indore_00033_rgbn.npy,data\expanded_v2\tiles\indore\masks\indore_00033_mask.png,256,1152,256,10,0.42474365234375,geographic_aoi_v2
indore_00034,indore,Sentinel-2,S2B_43QEF_20250202_0_L2A,val,data\expanded_v2\tiles\indore\images\indore_00034_rgb.png,data\expanded_v2\tiles\indore\images\indore_00034_rgbn.npy,data\expanded_v2\tiles\indore\masks\indore_00034_mask.png,256,1280,256,10,0.39459228515625,geographic_aoi_v2
indore_00035,indore,Sentinel-2,S2B_43QEF_20250202_0_L2A,val,data\expanded_v2\tiles\indore\images\indore_00035_rgb.png,data\expanded_v2\tiles\indore\images\indore_00035_rgbn.npy,data\expanded_v2\tiles\indore\masks\indore_00035_mask.png,256,1408,256,10,0.3519744873046875,geographic_aoi_v2
indore_00036,indore,Sentinel-2,S2B_43QEF_20250202_0_L2A,val,data\expanded_v2\tiles\indore\images\indore_00036_rgb.png,data\expanded_v2\tiles\indore\images\indore_00036_rgbn.npy,data\expanded_v2\tiles\indore\masks\indore_00036_mask.png,384,0,256,10,0.1467132568359375,geographic_aoi_v2
indore_00037,indore,Sentinel-2,S2B_43QEF_20250202_0_L2A,val,data\expanded_v2\tiles\indore\images\indore_00037_rgb.png,data\expanded_v2\tiles\indore\images\indore_00037_rgbn.npy,data\expanded_v2\tiles\indore\masks\indore_00037_mask.png,384,128,256,10,0.181793212890625,geographic_aoi_v2
indore_00038,indore,Sentinel-2,S2B_43QEF_20250202_0_L2A,val,data\expanded_v2\tiles\indore\images\indore_00038_rgb.png,data\expanded_v2\tiles\indore\images\indore_00038_rgbn.npy,data\expanded_v2\tiles\indore\masks\indore_00038_mask.png,384,256,256,10,0.2199859619140625,geographic_aoi_v2
indore_00039,indore,Sentinel-2,S2B_43QEF_20250202_0_L2A,val,data\expanded_v2\tiles\indore\images\indore_00039_rgb.png,data\expanded_v2\tiles\indore\images\indore_00039_rgbn.npy,data\expanded_v2\tiles\indore\masks\indore_00039_mask.png,384,384,256,10,0.2715911865234375,geographic_aoi_v2
indore_00040,indore,Sentinel-2,S2B_43QEF_20250202_0_L2A,val,data\expanded_v2\tiles\indore\images\indore_00040_rgb.png,data\expanded_v2\tiles\indore\images\indore_00040_rgbn.npy,data\expanded_v2\tiles\indore\masks\indore_00040_mask.png,384,512,256,10,0.34197998046875,geographic_aoi_v2
indore_00041,indore,Sentinel-2,S2B_43QEF_20250202_0_L2A,val,data\expanded_v2\tiles\indore\images\indore_00041_rgb.png,data\expanded_v2\tiles\indore\images\indore_00041_rgbn.npy,data\expanded_v2\tiles\indore\masks\indore_00041_mask.png,384,640,256,10,0.3444976806640625,geographic_aoi_v2
indore_00042,indore,Sentinel-2,S2B_43QEF_20250202_0_L2A,val,data\expanded_v2\tiles\indore\images\indore_00042_rgb.png,data\expanded_v2\tiles\indore\images\indore_00042_rgbn.npy,data\expanded_v2\tiles\indore\masks\indore_00042_mask.png,384,768,256,10,0.3775482177734375,geographic_aoi_v2
indore_00043,indore,Sentinel-2,S2B_43QEF_20250202_0_L2A,val,data\expanded_v2\tiles\indore\images\indore_00043_rgb.png,data\expanded_v2\tiles\indore\images\indore_00043_rgbn.npy,data\expanded_v2\tiles\indore\masks\indore_00043_mask.png,384,896,256,10,0.4662322998046875,geographic_aoi_v2
indore_00044,indore,Sentinel-2,S2B_43QEF_20250202_0_L2A,val,data\expanded_v2\tiles\indore\images\indore_00044_rgb.png,data\expanded_v2\tiles\indore\images\indore_00044_rgbn.npy,data\expanded_v2\tiles\indore\masks\indore_00044_mask.png,384,1024,256,10,0.4532318115234375,geographic_aoi_v2
indore_00045,indore,Sentinel-2,S2B_43QEF_20250202_0_L2A,val,data\expanded_v2\tiles\indore\images\indore_00045_rgb.png,data\expanded_v2\tiles\indore\images\indore_00045_rgbn.npy,data\expanded_v2\tiles\indore\masks\indore_00045_mask.png,384,1152,256,10,0.4479522705078125,geographic_aoi_v2
indore_00046,indore,Sentinel-2,S2B_43QEF_20250202_0_L2A,val,data\expanded_v2\tiles\indore\images\indore_00046_rgb.png,data\expanded_v2\tiles\indore\images\indore_00046_rgbn.npy,data\expanded_v2\tiles\indore\masks\indore_00046_mask.png,384,1280,256,10,0.44183349609375,geographic_aoi_v2
indore_00047,indore,Sentinel-2,S2B_43QEF_20250202_0_L2A,val,data\expanded_v2\tiles\indore\images\indore_00047_rgb.png,data\expanded_v2\tiles\indore\images\indore_00047_rgbn.npy,data\expanded_v2\tiles\indore\masks\indore_00047_mask.png,384,1408,256,10,0.3874969482421875,geographic_aoi_v2
indore_00048,indore,Sentinel-2,S2B_43QEF_20250202_0_L2A,val,data\expanded_v2\tiles\indore\images\indore_00048_rgb.png,data\expanded_v2\tiles\indore\images\indore_00048_rgbn.npy,data\expanded_v2\tiles\indore\masks\indore_00048_mask.png,512,0,256,10,0.2370147705078125,geographic_aoi_v2
indore_00049,indore,Sentinel-2,S2B_43QEF_20250202_0_L2A,val,data\expanded_v2\tiles\indore\images\indore_00049_rgb.png,data\expanded_v2\tiles\indore\images\indore_00049_rgbn.npy,data\expanded_v2\tiles\indore\masks\indore_00049_mask.png,512,128,256,10,0.2355194091796875,geographic_aoi_v2
indore_00050,indore,Sentinel-2,S2B_43QEF_20250202_0_L2A,val,data\expanded_v2\tiles\indore\images\indore_00050_rgb.png,data\expanded_v2\tiles\indore\images\indore_00050_rgbn.npy,data\expanded_v2\tiles\indore\masks\indore_00050_mask.png,512,256,256,10,0.2744598388671875,geographic_aoi_v2
indore_00051,indore,Sentinel-2,S2B_43QEF_20250202_0_L2A,val,data\expanded_v2\tiles\indore\images\indore_00051_rgb.png,data\expanded_v2\tiles\indore\images\indore_00051_rgbn.npy,data\expanded_v2\tiles\indore\masks\indore_00051_mask.png,512,384,256,10,0.370574951171875,geographic_aoi_v2
indore_00052,indore,Sentinel-2,S2B_43QEF_20250202_0_L2A,val,data\expanded_v2\tiles\indore\images\indore_00052_rgb.png,data\expanded_v2\tiles\indore\images\indore_00052_rgbn.npy,data\expanded_v2\tiles\indore\masks\indore_00052_mask.png,512,512,256,10,0.439727783203125,geographic_aoi_v2
indore_00053,indore,Sentinel-2,S2B_43QEF_20250202_0_L2A,val,data\expanded_v2\tiles\indore\images\indore_00053_rgb.png,data\expanded_v2\tiles\indore\images\indore_00053_rgbn.npy,data\expanded_v2\tiles\indore\masks\indore_00053_mask.png,512,640,256,10,0.410552978515625,geographic_aoi_v2
indore_00054,indore,Sentinel-2,S2B_43QEF_20250202_0_L2A,val,data\expanded_v2\tiles\indore\images\indore_00054_rgb.png,data\expanded_v2\tiles\indore\images\indore_00054_rgbn.npy,data\expanded_v2\tiles\indore\masks\indore_00054_mask.png,512,768,256,10,0.3252716064453125,geographic_aoi_v2
indore_00055,indore,Sentinel-2,S2B_43QEF_20250202_0_L2A,val,data\expanded_v2\tiles\indore\images\indore_00055_rgb.png,data\expanded_v2\tiles\indore\images\indore_00055_rgbn.npy,data\expanded_v2\tiles\indore\masks\indore_00055_mask.png,512,896,256,10,0.35919189453125,geographic_aoi_v2
indore_00056,indore,Sentinel-2,S2B_43QEF_20250202_0_L2A,val,data\expanded_v2\tiles\indore\images\indore_00056_rgb.png,data\expanded_v2\tiles\indore\images\indore_00056_rgbn.npy,data\expanded_v2\tiles\indore\masks\indore_00056_mask.png,512,1024,256,10,0.4307403564453125,geographic_aoi_v2
indore_00057,indore,Sentinel-2,S2B_43QEF_20250202_0_L2A,val,data\expanded_v2\tiles\indore\images\indore_00057_rgb.png,data\expanded_v2\tiles\indore\images\indore_00057_rgbn.npy,data\expanded_v2\tiles\indore\masks\indore_00057_mask.png,512,1152,256,10,0.4688720703125,geographic_aoi_v2
indore_00058,indore,Sentinel-2,S2B_43QEF_20250202_0_L2A,val,data\expanded_v2\tiles\indore\images\indore_00058_rgb.png,data\expanded_v2\tiles\indore\images\indore_00058_rgbn.npy,data\expanded_v2\tiles\indore\masks\indore_00058_mask.png,512,1280,256,10,0.4597930908203125,geographic_aoi_v2
indore_00059,indore,Sentinel-2,S2B_43QEF_20250202_0_L2A,val,data\expanded_v2\tiles\indore\images\indore_00059_rgb.png,data\expanded_v2\tiles\indore\images\indore_00059_rgbn.npy,data\expanded_v2\tiles\indore\masks\indore_00059_mask.png,512,1408,256,10,0.364288330078125,geographic_aoi_v2
indore_00060,indore,Sentinel-2,S2B_43QEF_20250202_0_L2A,val,data\expanded_v2\tiles\indore\images\indore_00060_rgb.png,data\expanded_v2\tiles\indore\images\indore_00060_rgbn.npy,data\expanded_v2\tiles\indore\masks\indore_00060_mask.png,640,0,256,10,0.2451324462890625,geographic_aoi_v2
indore_00061,indore,Sentinel-2,S2B_43QEF_20250202_0_L2A,val,data\expanded_v2\tiles\indore\images\indore_00061_rgb.png,data\expanded_v2\tiles\indore\images\indore_00061_rgbn.npy,data\expanded_v2\tiles\indore\masks\indore_00061_mask.png,640,128,256,10,0.1942596435546875,geographic_aoi_v2
indore_00062,indore,Sentinel-2,S2B_43QEF_20250202_0_L2A,val,data\expanded_v2\tiles\indore\images\indore_00062_rgb.png,data\expanded_v2\tiles\indore\images\indore_00062_rgbn.npy,data\expanded_v2\tiles\indore\masks\indore_00062_mask.png,640,256,256,10,0.2276763916015625,geographic_aoi_v2
indore_00063,indore,Sentinel-2,S2B_43QEF_20250202_0_L2A,val,data\expanded_v2\tiles\indore\images\indore_00063_rgb.png,data\expanded_v2\tiles\indore\images\indore_00063_rgbn.npy,data\expanded_v2\tiles\indore\masks\indore_00063_mask.png,640,384,256,10,0.3916168212890625,geographic_aoi_v2
indore_00064,indore,Sentinel-2,S2B_43QEF_20250202_0_L2A,val,data\expanded_v2\tiles\indore\images\indore_00064_rgb.png,data\expanded_v2\tiles\indore\images\indore_00064_rgbn.npy,data\expanded_v2\tiles\indore\masks\indore_00064_mask.png,640,512,256,10,0.43994140625,geographic_aoi_v2
indore_00065,indore,Sentinel-2,S2B_43QEF_20250202_0_L2A,val,data\expanded_v2\tiles\indore\images\indore_00065_rgb.png,data\expanded_v2\tiles\indore\images\indore_00065_rgbn.npy,data\expanded_v2\tiles\indore\masks\indore_00065_mask.png,640,640,256,10,0.390167236328125,geographic_aoi_v2
indore_00066,indore,Sentinel-2,S2B_43QEF_20250202_0_L2A,val,data\expanded_v2\tiles\indore\images\indore_00066_rgb.png,data\expanded_v2\tiles\indore\images\indore_00066_rgbn.npy,data\expanded_v2\tiles\indore\masks\indore_00066_mask.png,640,768,256,10,0.3366546630859375,geographic_aoi_v2
indore_00067,indore,Sentinel-2,S2B_43QEF_20250202_0_L2A,val,data\expanded_v2\tiles\indore\images\indore_00067_rgb.png,data\expanded_v2\tiles\indore\images\indore_00067_rgbn.npy,data\expanded_v2\tiles\indore\masks\indore_00067_mask.png,640,896,256,10,0.3302154541015625,geographic_aoi_v2
indore_00068,indore,Sentinel-2,S2B_43QEF_20250202_0_L2A,val,data\expanded_v2\tiles\indore\images\indore_00068_rgb.png,data\expanded_v2\tiles\indore\images\indore_00068_rgbn.npy,data\expanded_v2\tiles\indore\masks\indore_00068_mask.png,640,1024,256,10,0.39794921875,geographic_aoi_v2
indore_00069,indore,Sentinel-2,S2B_43QEF_20250202_0_L2A,val,data\expanded_v2\tiles\indore\images\indore_00069_rgb.png,data\expanded_v2\tiles\indore\images\indore_00069_rgbn.npy,data\expanded_v2\tiles\indore\masks\indore_00069_mask.png,640,1152,256,10,0.4488372802734375,geographic_aoi_v2
indore_00070,indore,Sentinel-2,S2B_43QEF_20250202_0_L2A,val,data\expanded_v2\tiles\indore\images\indore_00070_rgb.png,data\expanded_v2\tiles\indore\images\indore_00070_rgbn.npy,data\expanded_v2\tiles\indore\masks\indore_00070_mask.png,640,1280,256,10,0.4607391357421875,geographic_aoi_v2
indore_00071,indore,Sentinel-2,S2B_43QEF_20250202_0_L2A,val,data\expanded_v2\tiles\indore\images\indore_00071_rgb.png,data\expanded_v2\tiles\indore\images\indore_00071_rgbn.npy,data\expanded_v2\tiles\indore\masks\indore_00071_mask.png,640,1408,256,10,0.3672637939453125,geographic_aoi_v2
indore_00072,indore,Sentinel-2,S2B_43QEF_20250202_0_L2A,val,data\expanded_v2\tiles\indore\images\indore_00072_rgb.png,data\expanded_v2\tiles\indore\images\indore_00072_rgbn.npy,data\expanded_v2\tiles\indore\masks\indore_00072_mask.png,768,0,256,10,0.120513916015625,geographic_aoi_v2
indore_00073,indore,Sentinel-2,S2B_43QEF_20250202_0_L2A,val,data\expanded_v2\tiles\indore\images\indore_00073_rgb.png,data\expanded_v2\tiles\indore\images\indore_00073_rgbn.npy,data\expanded_v2\tiles\indore\masks\indore_00073_mask.png,768,128,256,10,0.1171417236328125,geographic_aoi_v2
indore_00074,indore,Sentinel-2,S2B_43QEF_20250202_0_L2A,val,data\expanded_v2\tiles\indore\images\indore_00074_rgb.png,data\expanded_v2\tiles\indore\images\indore_00074_rgbn.npy,data\expanded_v2\tiles\indore\masks\indore_00074_mask.png,768,256,256,10,0.2198638916015625,geographic_aoi_v2
indore_00075,indore,Sentinel-2,S2B_43QEF_20250202_0_L2A,val,data\expanded_v2\tiles\indore\images\indore_00075_rgb.png,data\expanded_v2\tiles\indore\images\indore_00075_rgbn.npy,data\expanded_v2\tiles\indore\masks\indore_00075_mask.png,768,384,256,10,0.404327392578125,geographic_aoi_v2
indore_00076,indore,Sentinel-2,S2B_43QEF_20250202_0_L2A,val,data\expanded_v2\tiles\indore\images\indore_00076_rgb.png,data\expanded_v2\tiles\indore\images\indore_00076_rgbn.npy,data\expanded_v2\tiles\indore\masks\indore_00076_mask.png,768,512,256,10,0.45306396484375,geographic_aoi_v2
indore_00077,indore,Sentinel-2,S2B_43QEF_20250202_0_L2A,val,data\expanded_v2\tiles\indore\images\indore_00077_rgb.png,data\expanded_v2\tiles\indore\images\indore_00077_rgbn.npy,data\expanded_v2\tiles\indore\masks\indore_00077_mask.png,768,640,256,10,0.4167022705078125,geographic_aoi_v2
indore_00078,indore,Sentinel-2,S2B_43QEF_20250202_0_L2A,val,data\expanded_v2\tiles\indore\images\indore_00078_rgb.png,data\expanded_v2\tiles\indore\images\indore_00078_rgbn.npy,data\expanded_v2\tiles\indore\masks\indore_00078_mask.png,768,768,256,10,0.40130615234375,geographic_aoi_v2
indore_00079,indore,Sentinel-2,S2B_43QEF_20250202_0_L2A,val,data\expanded_v2\tiles\indore\images\indore_00079_rgb.png,data\expanded_v2\tiles\indore\images\indore_00079_rgbn.npy,data\expanded_v2\tiles\indore\masks\indore_00079_mask.png,768,896,256,10,0.3444976806640625,geographic_aoi_v2
indore_00080,indore,Sentinel-2,S2B_43QEF_20250202_0_L2A,val,data\expanded_v2\tiles\indore\images\indore_00080_rgb.png,data\expanded_v2\tiles\indore\images\indore_00080_rgbn.npy,data\expanded_v2\tiles\indore\masks\indore_00080_mask.png,768,1024,256,10,0.3316192626953125,geographic_aoi_v2
indore_00081,indore,Sentinel-2,S2B_43QEF_20250202_0_L2A,val,data\expanded_v2\tiles\indore\images\indore_00081_rgb.png,data\expanded_v2\tiles\indore\images\indore_00081_rgbn.npy,data\expanded_v2\tiles\indore\masks\indore_00081_mask.png,768,1152,256,10,0.3813934326171875,geographic_aoi_v2
indore_00082,indore,Sentinel-2,S2B_43QEF_20250202_0_L2A,val,data\expanded_v2\tiles\indore\images\indore_00082_rgb.png,data\expanded_v2\tiles\indore\images\indore_00082_rgbn.npy,data\expanded_v2\tiles\indore\masks\indore_00082_mask.png,768,1280,256,10,0.41912841796875,geographic_aoi_v2
indore_00083,indore,Sentinel-2,S2B_43QEF_20250202_0_L2A,val,data\expanded_v2\tiles\indore\images\indore_00083_rgb.png,data\expanded_v2\tiles\indore\images\indore_00083_rgbn.npy,data\expanded_v2\tiles\indore\masks\indore_00083_mask.png,768,1408,256,10,0.3473968505859375,geographic_aoi_v2
indore_00084,indore,Sentinel-2,S2B_43QEF_20250202_0_L2A,val,data\expanded_v2\tiles\indore\images\indore_00084_rgb.png,data\expanded_v2\tiles\indore\images\indore_00084_rgbn.npy,data\expanded_v2\tiles\indore\masks\indore_00084_mask.png,896,0,256,10,0.0565185546875,geographic_aoi_v2
indore_00085,indore,Sentinel-2,S2B_43QEF_20250202_0_L2A,val,data\expanded_v2\tiles\indore\images\indore_00085_rgb.png,data\expanded_v2\tiles\indore\images\indore_00085_rgbn.npy,data\expanded_v2\tiles\indore\masks\indore_00085_mask.png,896,128,256,10,0.1213226318359375,geographic_aoi_v2
indore_00086,indore,Sentinel-2,S2B_43QEF_20250202_0_L2A,val,data\expanded_v2\tiles\indore\images\indore_00086_rgb.png,data\expanded_v2\tiles\indore\images\indore_00086_rgbn.npy,data\expanded_v2\tiles\indore\masks\indore_00086_mask.png,896,256,256,10,0.229705810546875,geographic_aoi_v2
indore_00087,indore,Sentinel-2,S2B_43QEF_20250202_0_L2A,val,data\expanded_v2\tiles\indore\images\indore_00087_rgb.png,data\expanded_v2\tiles\indore\images\indore_00087_rgbn.npy,data\expanded_v2\tiles\indore\masks\indore_00087_mask.png,896,384,256,10,0.368011474609375,geographic_aoi_v2
indore_00088,indore,Sentinel-2,S2B_43QEF_20250202_0_L2A,val,data\expanded_v2\tiles\indore\images\indore_00088_rgb.png,data\expanded_v2\tiles\indore\images\indore_00088_rgbn.npy,data\expanded_v2\tiles\indore\masks\indore_00088_mask.png,896,512,256,10,0.447601318359375,geographic_aoi_v2
indore_00089,indore,Sentinel-2,S2B_43QEF_20250202_0_L2A,val,data\expanded_v2\tiles\indore\images\indore_00089_rgb.png,data\expanded_v2\tiles\indore\images\indore_00089_rgbn.npy,data\expanded_v2\tiles\indore\masks\indore_00089_mask.png,896,640,256,10,0.4269256591796875,geographic_aoi_v2
indore_00090,indore,Sentinel-2,S2B_43QEF_20250202_0_L2A,val,data\expanded_v2\tiles\indore\images\indore_00090_rgb.png,data\expanded_v2\tiles\indore\images\indore_00090_rgbn.npy,data\expanded_v2\tiles\indore\masks\indore_00090_mask.png,896,768,256,10,0.416778564453125,geographic_aoi_v2
indore_00091,indore,Sentinel-2,S2B_43QEF_20250202_0_L2A,val,data\expanded_v2\tiles\indore\images\indore_00091_rgb.png,data\expanded_v2\tiles\indore\images\indore_00091_rgbn.npy,data\expanded_v2\tiles\indore\masks\indore_00091_mask.png,896,896,256,10,0.3738555908203125,geographic_aoi_v2
indore_00092,indore,Sentinel-2,S2B_43QEF_20250202_0_L2A,val,data\expanded_v2\tiles\indore\images\indore_00092_rgb.png,data\expanded_v2\tiles\indore\images\indore_00092_rgbn.npy,data\expanded_v2\tiles\indore\masks\indore_00092_mask.png,896,1024,256,10,0.3045196533203125,geographic_aoi_v2
indore_00093,indore,Sentinel-2,S2B_43QEF_20250202_0_L2A,val,data\expanded_v2\tiles\indore\images\indore_00093_rgb.png,data\expanded_v2\tiles\indore\images\indore_00093_rgbn.npy,data\expanded_v2\tiles\indore\masks\indore_00093_mask.png,896,1152,256,10,0.291778564453125,geographic_aoi_v2
indore_00094,indore,Sentinel-2,S2B_43QEF_20250202_0_L2A,val,data\expanded_v2\tiles\indore\images\indore_00094_rgb.png,data\expanded_v2\tiles\indore\images\indore_00094_rgbn.npy,data\expanded_v2\tiles\indore\masks\indore_00094_mask.png,896,1280,256,10,0.3868865966796875,geographic_aoi_v2
indore_00095,indore,Sentinel-2,S2B_43QEF_20250202_0_L2A,val,data\expanded_v2\tiles\indore\images\indore_00095_rgb.png,data\expanded_v2\tiles\indore\images\indore_00095_rgbn.npy,data\expanded_v2\tiles\indore\masks\indore_00095_mask.png,896,1408,256,10,0.3601531982421875,geographic_aoi_v2
indore_00096,indore,Sentinel-2,S2B_43QEF_20250202_0_L2A,val,data\expanded_v2\tiles\indore\images\indore_00096_rgb.png,data\expanded_v2\tiles\indore\images\indore_00096_rgbn.npy,data\expanded_v2\tiles\indore\masks\indore_00096_mask.png,1024,0,256,10,0.074249267578125,geographic_aoi_v2
indore_00097,indore,Sentinel-2,S2B_43QEF_20250202_0_L2A,val,data\expanded_v2\tiles\indore\images\indore_00097_rgb.png,data\expanded_v2\tiles\indore\images\indore_00097_rgbn.npy,data\expanded_v2\tiles\indore\masks\indore_00097_mask.png,1024,128,256,10,0.1005096435546875,geographic_aoi_v2
indore_00098,indore,Sentinel-2,S2B_43QEF_20250202_0_L2A,val,data\expanded_v2\tiles\indore\images\indore_00098_rgb.png,data\expanded_v2\tiles\indore\images\indore_00098_rgbn.npy,data\expanded_v2\tiles\indore\masks\indore_00098_mask.png,1024,256,256,10,0.2064666748046875,geographic_aoi_v2
indore_00099,indore,Sentinel-2,S2B_43QEF_20250202_0_L2A,val,data\expanded_v2\tiles\indore\images\indore_00099_rgb.png,data\expanded_v2\tiles\indore\images\indore_00099_rgbn.npy,data\expanded_v2\tiles\indore\masks\indore_00099_mask.png,1024,384,256,10,0.373443603515625,geographic_aoi_v2
indore_00100,indore,Sentinel-2,S2B_43QEF_20250202_0_L2A,val,data\expanded_v2\tiles\indore\images\indore_00100_rgb.png,data\expanded_v2\tiles\indore\images\indore_00100_rgbn.npy,data\expanded_v2\tiles\indore\masks\indore_00100_mask.png,1024,512,256,10,0.44354248046875,geographic_aoi_v2
indore_00101,indore,Sentinel-2,S2B_43QEF_20250202_0_L2A,val,data\expanded_v2\tiles\indore\images\indore_00101_rgb.png,data\expanded_v2\tiles\indore\images\indore_00101_rgbn.npy,data\expanded_v2\tiles\indore\masks\indore_00101_mask.png,1024,640,256,10,0.3757476806640625,geographic_aoi_v2
indore_00102,indore,Sentinel-2,S2B_43QEF_20250202_0_L2A,val,data\expanded_v2\tiles\indore\images\indore_00102_rgb.png,data\expanded_v2\tiles\indore\images\indore_00102_rgbn.npy,data\expanded_v2\tiles\indore\masks\indore_00102_mask.png,1024,768,256,10,0.3652191162109375,geographic_aoi_v2
indore_00103,indore,Sentinel-2,S2B_43QEF_20250202_0_L2A,val,data\expanded_v2\tiles\indore\images\indore_00103_rgb.png,data\expanded_v2\tiles\indore\images\indore_00103_rgbn.npy,data\expanded_v2\tiles\indore\masks\indore_00103_mask.png,1024,896,256,10,0.3657989501953125,geographic_aoi_v2
indore_00104,indore,Sentinel-2,S2B_43QEF_20250202_0_L2A,val,data\expanded_v2\tiles\indore\images\indore_00104_rgb.png,data\expanded_v2\tiles\indore\images\indore_00104_rgbn.npy,data\expanded_v2\tiles\indore\masks\indore_00104_mask.png,1024,1024,256,10,0.3424224853515625,geographic_aoi_v2
indore_00105,indore,Sentinel-2,S2B_43QEF_20250202_0_L2A,val,data\expanded_v2\tiles\indore\images\indore_00105_rgb.png,data\expanded_v2\tiles\indore\images\indore_00105_rgbn.npy,data\expanded_v2\tiles\indore\masks\indore_00105_mask.png,1024,1152,256,10,0.3506011962890625,geographic_aoi_v2
indore_00106,indore,Sentinel-2,S2B_43QEF_20250202_0_L2A,val,data\expanded_v2\tiles\indore\images\indore_00106_rgb.png,data\expanded_v2\tiles\indore\images\indore_00106_rgbn.npy,data\expanded_v2\tiles\indore\masks\indore_00106_mask.png,1024,1280,256,10,0.3760833740234375,geographic_aoi_v2
indore_00107,indore,Sentinel-2,S2B_43QEF_20250202_0_L2A,val,data\expanded_v2\tiles\indore\images\indore_00107_rgb.png,data\expanded_v2\tiles\indore\images\indore_00107_rgbn.npy,data\expanded_v2\tiles\indore\masks\indore_00107_mask.png,1024,1408,256,10,0.3533477783203125,geographic_aoi_v2
indore_00108,indore,Sentinel-2,S2B_43QEF_20250202_0_L2A,val,data\expanded_v2\tiles\indore\images\indore_00108_rgb.png,data\expanded_v2\tiles\indore\images\indore_00108_rgbn.npy,data\expanded_v2\tiles\indore\masks\indore_00108_mask.png,1152,0,256,10,0.043121337890625,geographic_aoi_v2
indore_00109,indore,Sentinel-2,S2B_43QEF_20250202_0_L2A,val,data\expanded_v2\tiles\indore\images\indore_00109_rgb.png,data\expanded_v2\tiles\indore\images\indore_00109_rgbn.npy,data\expanded_v2\tiles\indore\masks\indore_00109_mask.png,1152,128,256,10,0.045989990234375,geographic_aoi_v2
indore_00110,indore,Sentinel-2,S2B_43QEF_20250202_0_L2A,val,data\expanded_v2\tiles\indore\images\indore_00110_rgb.png,data\expanded_v2\tiles\indore\images\indore_00110_rgbn.npy,data\expanded_v2\tiles\indore\masks\indore_00110_mask.png,1152,256,256,10,0.21551513671875,geographic_aoi_v2
indore_00111,indore,Sentinel-2,S2B_43QEF_20250202_0_L2A,val,data\expanded_v2\tiles\indore\images\indore_00111_rgb.png,data\expanded_v2\tiles\indore\images\indore_00111_rgbn.npy,data\expanded_v2\tiles\indore\masks\indore_00111_mask.png,1152,384,256,10,0.4470367431640625,geographic_aoi_v2
indore_00112,indore,Sentinel-2,S2B_43QEF_20250202_0_L2A,val,data\expanded_v2\tiles\indore\images\indore_00112_rgb.png,data\expanded_v2\tiles\indore\images\indore_00112_rgbn.npy,data\expanded_v2\tiles\indore\masks\indore_00112_mask.png,1152,512,256,10,0.463287353515625,geographic_aoi_v2
indore_00113,indore,Sentinel-2,S2B_43QEF_20250202_0_L2A,val,data\expanded_v2\tiles\indore\images\indore_00113_rgb.png,data\expanded_v2\tiles\indore\images\indore_00113_rgbn.npy,data\expanded_v2\tiles\indore\masks\indore_00113_mask.png,1152,640,256,10,0.3419952392578125,geographic_aoi_v2
indore_00114,indore,Sentinel-2,S2B_43QEF_20250202_0_L2A,val,data\expanded_v2\tiles\indore\images\indore_00114_rgb.png,data\expanded_v2\tiles\indore\images\indore_00114_rgbn.npy,data\expanded_v2\tiles\indore\masks\indore_00114_mask.png,1152,768,256,10,0.29083251953125,geographic_aoi_v2
indore_00115,indore,Sentinel-2,S2B_43QEF_20250202_0_L2A,val,data\expanded_v2\tiles\indore\images\indore_00115_rgb.png,data\expanded_v2\tiles\indore\images\indore_00115_rgbn.npy,data\expanded_v2\tiles\indore\masks\indore_00115_mask.png,1152,896,256,10,0.2823333740234375,geographic_aoi_v2
indore_00116,indore,Sentinel-2,S2B_43QEF_20250202_0_L2A,val,data\expanded_v2\tiles\indore\images\indore_00116_rgb.png,data\expanded_v2\tiles\indore\images\indore_00116_rgbn.npy,data\expanded_v2\tiles\indore\masks\indore_00116_mask.png,1152,1024,256,10,0.2946014404296875,geographic_aoi_v2
indore_00117,indore,Sentinel-2,S2B_43QEF_20250202_0_L2A,val,data\expanded_v2\tiles\indore\images\indore_00117_rgb.png,data\expanded_v2\tiles\indore\images\indore_00117_rgbn.npy,data\expanded_v2\tiles\indore\masks\indore_00117_mask.png,1152,1152,256,10,0.3481597900390625,geographic_aoi_v2
indore_00118,indore,Sentinel-2,S2B_43QEF_20250202_0_L2A,val,data\expanded_v2\tiles\indore\images\indore_00118_rgb.png,data\expanded_v2\tiles\indore\images\indore_00118_rgbn.npy,data\expanded_v2\tiles\indore\masks\indore_00118_mask.png,1152,1280,256,10,0.3189849853515625,geographic_aoi_v2
indore_00119,indore,Sentinel-2,S2B_43QEF_20250202_0_L2A,val,data\expanded_v2\tiles\indore\images\indore_00119_rgb.png,data\expanded_v2\tiles\indore\images\indore_00119_rgbn.npy,data\expanded_v2\tiles\indore\masks\indore_00119_mask.png,1152,1408,256,10,0.27880859375,geographic_aoi_v2
indore_00120,indore,Sentinel-2,S2B_43QEF_20250202_0_L2A,val,data\expanded_v2\tiles\indore\images\indore_00120_rgb.png,data\expanded_v2\tiles\indore\images\indore_00120_rgbn.npy,data\expanded_v2\tiles\indore\masks\indore_00120_mask.png,1280,0,256,10,0.0289306640625,geographic_aoi_v2
indore_00121,indore,Sentinel-2,S2B_43QEF_20250202_0_L2A,val,data\expanded_v2\tiles\indore\images\indore_00121_rgb.png,data\expanded_v2\tiles\indore\images\indore_00121_rgbn.npy,data\expanded_v2\tiles\indore\masks\indore_00121_mask.png,1280,128,256,10,0.074066162109375,geographic_aoi_v2
indore_00122,indore,Sentinel-2,S2B_43QEF_20250202_0_L2A,val,data\expanded_v2\tiles\indore\images\indore_00122_rgb.png,data\expanded_v2\tiles\indore\images\indore_00122_rgbn.npy,data\expanded_v2\tiles\indore\masks\indore_00122_mask.png,1280,256,256,10,0.2039337158203125,geographic_aoi_v2
indore_00123,indore,Sentinel-2,S2B_43QEF_20250202_0_L2A,val,data\expanded_v2\tiles\indore\images\indore_00123_rgb.png,data\expanded_v2\tiles\indore\images\indore_00123_rgbn.npy,data\expanded_v2\tiles\indore\masks\indore_00123_mask.png,1280,384,256,10,0.375946044921875,geographic_aoi_v2
indore_00124,indore,Sentinel-2,S2B_43QEF_20250202_0_L2A,val,data\expanded_v2\tiles\indore\images\indore_00124_rgb.png,data\expanded_v2\tiles\indore\images\indore_00124_rgbn.npy,data\expanded_v2\tiles\indore\masks\indore_00124_mask.png,1280,512,256,10,0.3912353515625,geographic_aoi_v2
indore_00125,indore,Sentinel-2,S2B_43QEF_20250202_0_L2A,val,data\expanded_v2\tiles\indore\images\indore_00125_rgb.png,data\expanded_v2\tiles\indore\images\indore_00125_rgbn.npy,data\expanded_v2\tiles\indore\masks\indore_00125_mask.png,1280,640,256,10,0.3039703369140625,geographic_aoi_v2
indore_00126,indore,Sentinel-2,S2B_43QEF_20250202_0_L2A,val,data\expanded_v2\tiles\indore\images\indore_00126_rgb.png,data\expanded_v2\tiles\indore\images\indore_00126_rgbn.npy,data\expanded_v2\tiles\indore\masks\indore_00126_mask.png,1280,768,256,10,0.220245361328125,geographic_aoi_v2
indore_00127,indore,Sentinel-2,S2B_43QEF_20250202_0_L2A,val,data\expanded_v2\tiles\indore\images\indore_00127_rgb.png,data\expanded_v2\tiles\indore\images\indore_00127_rgbn.npy,data\expanded_v2\tiles\indore\masks\indore_00127_mask.png,1280,896,256,10,0.1877288818359375,geographic_aoi_v2
indore_00128,indore,Sentinel-2,S2B_43QEF_20250202_0_L2A,val,data\expanded_v2\tiles\indore\images\indore_00128_rgb.png,data\expanded_v2\tiles\indore\images\indore_00128_rgbn.npy,data\expanded_v2\tiles\indore\masks\indore_00128_mask.png,1280,1024,256,10,0.2131500244140625,geographic_aoi_v2
indore_00129,indore,Sentinel-2,S2B_43QEF_20250202_0_L2A,val,data\expanded_v2\tiles\indore\images\indore_00129_rgb.png,data\expanded_v2\tiles\indore\images\indore_00129_rgbn.npy,data\expanded_v2\tiles\indore\masks\indore_00129_mask.png,1280,1152,256,10,0.20989990234375,geographic_aoi_v2
indore_00130,indore,Sentinel-2,S2B_43QEF_20250202_0_L2A,val,data\expanded_v2\tiles\indore\images\indore_00130_rgb.png,data\expanded_v2\tiles\indore\images\indore_00130_rgbn.npy,data\expanded_v2\tiles\indore\masks\indore_00130_mask.png,1280,1280,256,10,0.2202606201171875,geographic_aoi_v2
indore_00131,indore,Sentinel-2,S2B_43QEF_20250202_0_L2A,val,data\expanded_v2\tiles\indore\images\indore_00131_rgb.png,data\expanded_v2\tiles\indore\images\indore_00131_rgbn.npy,data\expanded_v2\tiles\indore\masks\indore_00131_mask.png,1280,1408,256,10,0.199462890625,geographic_aoi_v2
indore_00132,indore,Sentinel-2,S2B_43QEF_20250202_0_L2A,val,data\expanded_v2\tiles\indore\images\indore_00132_rgb.png,data\expanded_v2\tiles\indore\images\indore_00132_rgbn.npy,data\expanded_v2\tiles\indore\masks\indore_00132_mask.png,1408,0,256,10,0.1179046630859375,geographic_aoi_v2
indore_00133,indore,Sentinel-2,S2B_43QEF_20250202_0_L2A,val,data\expanded_v2\tiles\indore\images\indore_00133_rgb.png,data\expanded_v2\tiles\indore\images\indore_00133_rgbn.npy,data\expanded_v2\tiles\indore\masks\indore_00133_mask.png,1408,128,256,10,0.1860198974609375,geographic_aoi_v2
indore_00134,indore,Sentinel-2,S2B_43QEF_20250202_0_L2A,val,data\expanded_v2\tiles\indore\images\indore_00134_rgb.png,data\expanded_v2\tiles\indore\images\indore_00134_rgbn.npy,data\expanded_v2\tiles\indore\masks\indore_00134_mask.png,1408,256,256,10,0.1864471435546875,geographic_aoi_v2
indore_00135,indore,Sentinel-2,S2B_43QEF_20250202_0_L2A,val,data\expanded_v2\tiles\indore\images\indore_00135_rgb.png,data\expanded_v2\tiles\indore\images\indore_00135_rgbn.npy,data\expanded_v2\tiles\indore\masks\indore_00135_mask.png,1408,384,256,10,0.23211669921875,geographic_aoi_v2
indore_00136,indore,Sentinel-2,S2B_43QEF_20250202_0_L2A,val,data\expanded_v2\tiles\indore\images\indore_00136_rgb.png,data\expanded_v2\tiles\indore\images\indore_00136_rgbn.npy,data\expanded_v2\tiles\indore\masks\indore_00136_mask.png,1408,512,256,10,0.264617919921875,geographic_aoi_v2
indore_00137,indore,Sentinel-2,S2B_43QEF_20250202_0_L2A,val,data\expanded_v2\tiles\indore\images\indore_00137_rgb.png,data\expanded_v2\tiles\indore\images\indore_00137_rgbn.npy,data\expanded_v2\tiles\indore\masks\indore_00137_mask.png,1408,640,256,10,0.229644775390625,geographic_aoi_v2
indore_00138,indore,Sentinel-2,S2B_43QEF_20250202_0_L2A,val,data\expanded_v2\tiles\indore\images\indore_00138_rgb.png,data\expanded_v2\tiles\indore\images\indore_00138_rgbn.npy,data\expanded_v2\tiles\indore\masks\indore_00138_mask.png,1408,768,256,10,0.1420745849609375,geographic_aoi_v2
indore_00139,indore,Sentinel-2,S2B_43QEF_20250202_0_L2A,val,data\expanded_v2\tiles\indore\images\indore_00139_rgb.png,data\expanded_v2\tiles\indore\images\indore_00139_rgbn.npy,data\expanded_v2\tiles\indore\masks\indore_00139_mask.png,1408,896,256,10,0.091064453125,geographic_aoi_v2
indore_00140,indore,Sentinel-2,S2B_43QEF_20250202_0_L2A,val,data\expanded_v2\tiles\indore\images\indore_00140_rgb.png,data\expanded_v2\tiles\indore\images\indore_00140_rgbn.npy,data\expanded_v2\tiles\indore\masks\indore_00140_mask.png,1408,1024,256,10,0.1573638916015625,geographic_aoi_v2
indore_00141,indore,Sentinel-2,S2B_43QEF_20250202_0_L2A,val,data\expanded_v2\tiles\indore\images\indore_00141_rgb.png,data\expanded_v2\tiles\indore\images\indore_00141_rgbn.npy,data\expanded_v2\tiles\indore\masks\indore_00141_mask.png,1408,1152,256,10,0.1469879150390625,geographic_aoi_v2
indore_00142,indore,Sentinel-2,S2B_43QEF_20250202_0_L2A,val,data\expanded_v2\tiles\indore\images\indore_00142_rgb.png,data\expanded_v2\tiles\indore\images\indore_00142_rgbn.npy,data\expanded_v2\tiles\indore\masks\indore_00142_mask.png,1408,1280,256,10,0.1752471923828125,geographic_aoi_v2
indore_00143,indore,Sentinel-2,S2B_43QEF_20250202_0_L2A,val,data\expanded_v2\tiles\indore\images\indore_00143_rgb.png,data\expanded_v2\tiles\indore\images\indore_00143_rgbn.npy,data\expanded_v2\tiles\indore\masks\indore_00143_mask.png,1408,1408,256,10,0.17340087890625,geographic_aoi_v2
mysuru_00000,mysuru,Sentinel-2,S2B_43PFP_20250219_0_L2A,val,data\expanded_v2\tiles\mysuru\images\mysuru_00000_rgb.png,data\expanded_v2\tiles\mysuru\images\mysuru_00000_rgbn.npy,data\expanded_v2\tiles\mysuru\masks\mysuru_00000_mask.png,0,0,256,10,0.1161041259765625,geographic_aoi_v2
mysuru_00001,mysuru,Sentinel-2,S2B_43PFP_20250219_0_L2A,val,data\expanded_v2\tiles\mysuru\images\mysuru_00001_rgb.png,data\expanded_v2\tiles\mysuru\images\mysuru_00001_rgbn.npy,data\expanded_v2\tiles\mysuru\masks\mysuru_00001_mask.png,0,128,256,10,0.119171142578125,geographic_aoi_v2
mysuru_00002,mysuru,Sentinel-2,S2B_43PFP_20250219_0_L2A,val,data\expanded_v2\tiles\mysuru\images\mysuru_00002_rgb.png,data\expanded_v2\tiles\mysuru\images\mysuru_00002_rgbn.npy,data\expanded_v2\tiles\mysuru\masks\mysuru_00002_mask.png,0,256,256,10,0.1216888427734375,geographic_aoi_v2
mysuru_00003,mysuru,Sentinel-2,S2B_43PFP_20250219_0_L2A,val,data\expanded_v2\tiles\mysuru\images\mysuru_00003_rgb.png,data\expanded_v2\tiles\mysuru\images\mysuru_00003_rgbn.npy,data\expanded_v2\tiles\mysuru\masks\mysuru_00003_mask.png,0,384,256,10,0.1276397705078125,geographic_aoi_v2
mysuru_00004,mysuru,Sentinel-2,S2B_43PFP_20250219_0_L2A,val,data\expanded_v2\tiles\mysuru\images\mysuru_00004_rgb.png,data\expanded_v2\tiles\mysuru\images\mysuru_00004_rgbn.npy,data\expanded_v2\tiles\mysuru\masks\mysuru_00004_mask.png,0,512,256,10,0.1427764892578125,geographic_aoi_v2
mysuru_00005,mysuru,Sentinel-2,S2B_43PFP_20250219_0_L2A,val,data\expanded_v2\tiles\mysuru\images\mysuru_00005_rgb.png,data\expanded_v2\tiles\mysuru\images\mysuru_00005_rgbn.npy,data\expanded_v2\tiles\mysuru\masks\mysuru_00005_mask.png,0,640,256,10,0.1741485595703125,geographic_aoi_v2
mysuru_00006,mysuru,Sentinel-2,S2B_43PFP_20250219_0_L2A,val,data\expanded_v2\tiles\mysuru\images\mysuru_00006_rgb.png,data\expanded_v2\tiles\mysuru\images\mysuru_00006_rgbn.npy,data\expanded_v2\tiles\mysuru\masks\mysuru_00006_mask.png,0,768,256,10,0.15460205078125,geographic_aoi_v2
mysuru_00007,mysuru,Sentinel-2,S2B_43PFP_20250219_0_L2A,val,data\expanded_v2\tiles\mysuru\images\mysuru_00007_rgb.png,data\expanded_v2\tiles\mysuru\images\mysuru_00007_rgbn.npy,data\expanded_v2\tiles\mysuru\masks\mysuru_00007_mask.png,0,896,256,10,0.14556884765625,geographic_aoi_v2
mysuru_00008,mysuru,Sentinel-2,S2B_43PFP_20250219_0_L2A,val,data\expanded_v2\tiles\mysuru\images\mysuru_00008_rgb.png,data\expanded_v2\tiles\mysuru\images\mysuru_00008_rgbn.npy,data\expanded_v2\tiles\mysuru\masks\mysuru_00008_mask.png,0,1024,256,10,0.137847900390625,geographic_aoi_v2
mysuru_00009,mysuru,Sentinel-2,S2B_43PFP_20250219_0_L2A,val,data\expanded_v2\tiles\mysuru\images\mysuru_00009_rgb.png,data\expanded_v2\tiles\mysuru\images\mysuru_00009_rgbn.npy,data\expanded_v2\tiles\mysuru\masks\mysuru_00009_mask.png,0,1152,256,10,0.1057586669921875,geographic_aoi_v2
mysuru_00010,mysuru,Sentinel-2,S2B_43PFP_20250219_0_L2A,val,data\expanded_v2\tiles\mysuru\images\mysuru_00010_rgb.png,data\expanded_v2\tiles\mysuru\images\mysuru_00010_rgbn.npy,data\expanded_v2\tiles\mysuru\masks\mysuru_00010_mask.png,0,1280,256,10,0.0889892578125,geographic_aoi_v2
mysuru_00011,mysuru,Sentinel-2,S2B_43PFP_20250219_0_L2A,val,data\expanded_v2\tiles\mysuru\images\mysuru_00011_rgb.png,data\expanded_v2\tiles\mysuru\images\mysuru_00011_rgbn.npy,data\expanded_v2\tiles\mysuru\masks\mysuru_00011_mask.png,0,1408,256,10,0.0442047119140625,geographic_aoi_v2
mysuru_00012,mysuru,Sentinel-2,S2B_43PFP_20250219_0_L2A,val,data\expanded_v2\tiles\mysuru\images\mysuru_00012_rgb.png,data\expanded_v2\tiles\mysuru\images\mysuru_00012_rgbn.npy,data\expanded_v2\tiles\mysuru\masks\mysuru_00012_mask.png,128,0,256,10,0.1869354248046875,geographic_aoi_v2
mysuru_00013,mysuru,Sentinel-2,S2B_43PFP_20250219_0_L2A,val,data\expanded_v2\tiles\mysuru\images\mysuru_00013_rgb.png,data\expanded_v2\tiles\mysuru\images\mysuru_00013_rgbn.npy,data\expanded_v2\tiles\mysuru\masks\mysuru_00013_mask.png,128,128,256,10,0.18817138671875,geographic_aoi_v2
mysuru_00014,mysuru,Sentinel-2,S2B_43PFP_20250219_0_L2A,val,data\expanded_v2\tiles\mysuru\images\mysuru_00014_rgb.png,data\expanded_v2\tiles\mysuru\images\mysuru_00014_rgbn.npy,data\expanded_v2\tiles\mysuru\masks\mysuru_00014_mask.png,128,256,256,10,0.163238525390625,geographic_aoi_v2
mysuru_00015,mysuru,Sentinel-2,S2B_43PFP_20250219_0_L2A,val,data\expanded_v2\tiles\mysuru\images\mysuru_00015_rgb.png,data\expanded_v2\tiles\mysuru\images\mysuru_00015_rgbn.npy,data\expanded_v2\tiles\mysuru\masks\mysuru_00015_mask.png,128,384,256,10,0.2560272216796875,geographic_aoi_v2
mysuru_00016,mysuru,Sentinel-2,S2B_43PFP_20250219_0_L2A,val,data\expanded_v2\tiles\mysuru\images\mysuru_00016_rgb.png,data\expanded_v2\tiles\mysuru\images\mysuru_00016_rgbn.npy,data\expanded_v2\tiles\mysuru\masks\mysuru_00016_mask.png,128,512,256,10,0.3224334716796875,geographic_aoi_v2
mysuru_00017,mysuru,Sentinel-2,S2B_43PFP_20250219_0_L2A,val,data\expanded_v2\tiles\mysuru\images\mysuru_00017_rgb.png,data\expanded_v2\tiles\mysuru\images\mysuru_00017_rgbn.npy,data\expanded_v2\tiles\mysuru\masks\mysuru_00017_mask.png,128,640,256,10,0.2830047607421875,geographic_aoi_v2
mysuru_00018,mysuru,Sentinel-2,S2B_43PFP_20250219_0_L2A,val,data\expanded_v2\tiles\mysuru\images\mysuru_00018_rgb.png,data\expanded_v2\tiles\mysuru\images\mysuru_00018_rgbn.npy,data\expanded_v2\tiles\mysuru\masks\mysuru_00018_mask.png,128,768,256,10,0.239013671875,geographic_aoi_v2
mysuru_00019,mysuru,Sentinel-2,S2B_43PFP_20250219_0_L2A,val,data\expanded_v2\tiles\mysuru\images\mysuru_00019_rgb.png,data\expanded_v2\tiles\mysuru\images\mysuru_00019_rgbn.npy,data\expanded_v2\tiles\mysuru\masks\mysuru_00019_mask.png,128,896,256,10,0.2332763671875,geographic_aoi_v2
mysuru_00020,mysuru,Sentinel-2,S2B_43PFP_20250219_0_L2A,val,data\expanded_v2\tiles\mysuru\images\mysuru_00020_rgb.png,data\expanded_v2\tiles\mysuru\images\mysuru_00020_rgbn.npy,data\expanded_v2\tiles\mysuru\masks\mysuru_00020_mask.png,128,1024,256,10,0.235595703125,geographic_aoi_v2
mysuru_00021,mysuru,Sentinel-2,S2B_43PFP_20250219_0_L2A,val,data\expanded_v2\tiles\mysuru\images\mysuru_00021_rgb.png,data\expanded_v2\tiles\mysuru\images\mysuru_00021_rgbn.npy,data\expanded_v2\tiles\mysuru\masks\mysuru_00021_mask.png,128,1152,256,10,0.2105712890625,geographic_aoi_v2
mysuru_00022,mysuru,Sentinel-2,S2B_43PFP_20250219_0_L2A,val,data\expanded_v2\tiles\mysuru\images\mysuru_00022_rgb.png,data\expanded_v2\tiles\mysuru\images\mysuru_00022_rgbn.npy,data\expanded_v2\tiles\mysuru\masks\mysuru_00022_mask.png,128,1280,256,10,0.1540985107421875,geographic_aoi_v2
mysuru_00023,mysuru,Sentinel-2,S2B_43PFP_20250219_0_L2A,val,data\expanded_v2\tiles\mysuru\images\mysuru_00023_rgb.png,data\expanded_v2\tiles\mysuru\images\mysuru_00023_rgbn.npy,data\expanded_v2\tiles\mysuru\masks\mysuru_00023_mask.png,128,1408,256,10,0.125152587890625,geographic_aoi_v2
mysuru_00024,mysuru,Sentinel-2,S2B_43PFP_20250219_0_L2A,val,data\expanded_v2\tiles\mysuru\images\mysuru_00024_rgb.png,data\expanded_v2\tiles\mysuru\images\mysuru_00024_rgbn.npy,data\expanded_v2\tiles\mysuru\masks\mysuru_00024_mask.png,256,0,256,10,0.2234039306640625,geographic_aoi_v2
mysuru_00025,mysuru,Sentinel-2,S2B_43PFP_20250219_0_L2A,val,data\expanded_v2\tiles\mysuru\images\mysuru_00025_rgb.png,data\expanded_v2\tiles\mysuru\images\mysuru_00025_rgbn.npy,data\expanded_v2\tiles\mysuru\masks\mysuru_00025_mask.png,256,128,256,10,0.2970428466796875,geographic_aoi_v2
mysuru_00026,mysuru,Sentinel-2,S2B_43PFP_20250219_0_L2A,val,data\expanded_v2\tiles\mysuru\images\mysuru_00026_rgb.png,data\expanded_v2\tiles\mysuru\images\mysuru_00026_rgbn.npy,data\expanded_v2\tiles\mysuru\masks\mysuru_00026_mask.png,256,256,256,10,0.296661376953125,geographic_aoi_v2
mysuru_00027,mysuru,Sentinel-2,S2B_43PFP_20250219_0_L2A,val,data\expanded_v2\tiles\mysuru\images\mysuru_00027_rgb.png,data\expanded_v2\tiles\mysuru\images\mysuru_00027_rgbn.npy,data\expanded_v2\tiles\mysuru\masks\mysuru_00027_mask.png,256,384,256,10,0.382476806640625,geographic_aoi_v2
mysuru_00028,mysuru,Sentinel-2,S2B_43PFP_20250219_0_L2A,val,data\expanded_v2\tiles\mysuru\images\mysuru_00028_rgb.png,data\expanded_v2\tiles\mysuru\images\mysuru_00028_rgbn.npy,data\expanded_v2\tiles\mysuru\masks\mysuru_00028_mask.png,256,512,256,10,0.4148712158203125,geographic_aoi_v2
mysuru_00029,mysuru,Sentinel-2,S2B_43PFP_20250219_0_L2A,val,data\expanded_v2\tiles\mysuru\images\mysuru_00029_rgb.png,data\expanded_v2\tiles\mysuru\images\mysuru_00029_rgbn.npy,data\expanded_v2\tiles\mysuru\masks\mysuru_00029_mask.png,256,640,256,10,0.349365234375,geographic_aoi_v2
mysuru_00030,mysuru,Sentinel-2,S2B_43PFP_20250219_0_L2A,val,data\expanded_v2\tiles\mysuru\images\mysuru_00030_rgb.png,data\expanded_v2\tiles\mysuru\images\mysuru_00030_rgbn.npy,data\expanded_v2\tiles\mysuru\masks\mysuru_00030_mask.png,256,768,256,10,0.290069580078125,geographic_aoi_v2
mysuru_00031,mysuru,Sentinel-2,S2B_43PFP_20250219_0_L2A,val,data\expanded_v2\tiles\mysuru\images\mysuru_00031_rgb.png,data\expanded_v2\tiles\mysuru\images\mysuru_00031_rgbn.npy,data\expanded_v2\tiles\mysuru\masks\mysuru_00031_mask.png,256,896,256,10,0.2845611572265625,geographic_aoi_v2
mysuru_00032,mysuru,Sentinel-2,S2B_43PFP_20250219_0_L2A,val,data\expanded_v2\tiles\mysuru\images\mysuru_00032_rgb.png,data\expanded_v2\tiles\mysuru\images\mysuru_00032_rgbn.npy,data\expanded_v2\tiles\mysuru\masks\mysuru_00032_mask.png,256,1024,256,10,0.346527099609375,geographic_aoi_v2
mysuru_00033,mysuru,Sentinel-2,S2B_43PFP_20250219_0_L2A,val,data\expanded_v2\tiles\mysuru\images\mysuru_00033_rgb.png,data\expanded_v2\tiles\mysuru\images\mysuru_00033_rgbn.npy,data\expanded_v2\tiles\mysuru\masks\mysuru_00033_mask.png,256,1152,256,10,0.3780517578125,geographic_aoi_v2
mysuru_00034,mysuru,Sentinel-2,S2B_43PFP_20250219_0_L2A,val,data\expanded_v2\tiles\mysuru\images\mysuru_00034_rgb.png,data\expanded_v2\tiles\mysuru\images\mysuru_00034_rgbn.npy,data\expanded_v2\tiles\mysuru\masks\mysuru_00034_mask.png,256,1280,256,10,0.3454742431640625,geographic_aoi_v2
mysuru_00035,mysuru,Sentinel-2,S2B_43PFP_20250219_0_L2A,val,data\expanded_v2\tiles\mysuru\images\mysuru_00035_rgb.png,data\expanded_v2\tiles\mysuru\images\mysuru_00035_rgbn.npy,data\expanded_v2\tiles\mysuru\masks\mysuru_00035_mask.png,256,1408,256,10,0.2808990478515625,geographic_aoi_v2
mysuru_00036,mysuru,Sentinel-2,S2B_43PFP_20250219_0_L2A,val,data\expanded_v2\tiles\mysuru\images\mysuru_00036_rgb.png,data\expanded_v2\tiles\mysuru\images\mysuru_00036_rgbn.npy,data\expanded_v2\tiles\mysuru\masks\mysuru_00036_mask.png,384,0,256,10,0.2365264892578125,geographic_aoi_v2
mysuru_00037,mysuru,Sentinel-2,S2B_43PFP_20250219_0_L2A,val,data\expanded_v2\tiles\mysuru\images\mysuru_00037_rgb.png,data\expanded_v2\tiles\mysuru\images\mysuru_00037_rgbn.npy,data\expanded_v2\tiles\mysuru\masks\mysuru_00037_mask.png,384,128,256,10,0.3702392578125,geographic_aoi_v2
mysuru_00038,mysuru,Sentinel-2,S2B_43PFP_20250219_0_L2A,val,data\expanded_v2\tiles\mysuru\images\mysuru_00038_rgb.png,data\expanded_v2\tiles\mysuru\images\mysuru_00038_rgbn.npy,data\expanded_v2\tiles\mysuru\masks\mysuru_00038_mask.png,384,256,256,10,0.3846282958984375,geographic_aoi_v2
mysuru_00039,mysuru,Sentinel-2,S2B_43PFP_20250219_0_L2A,val,data\expanded_v2\tiles\mysuru\images\mysuru_00039_rgb.png,data\expanded_v2\tiles\mysuru\images\mysuru_00039_rgbn.npy,data\expanded_v2\tiles\mysuru\masks\mysuru_00039_mask.png,384,384,256,10,0.375640869140625,geographic_aoi_v2
mysuru_00040,mysuru,Sentinel-2,S2B_43PFP_20250219_0_L2A,val,data\expanded_v2\tiles\mysuru\images\mysuru_00040_rgb.png,data\expanded_v2\tiles\mysuru\images\mysuru_00040_rgbn.npy,data\expanded_v2\tiles\mysuru\masks\mysuru_00040_mask.png,384,512,256,10,0.35015869140625,geographic_aoi_v2
mysuru_00041,mysuru,Sentinel-2,S2B_43PFP_20250219_0_L2A,val,data\expanded_v2\tiles\mysuru\images\mysuru_00041_rgb.png,data\expanded_v2\tiles\mysuru\images\mysuru_00041_rgbn.npy,data\expanded_v2\tiles\mysuru\masks\mysuru_00041_mask.png,384,640,256,10,0.3189849853515625,geographic_aoi_v2
mysuru_00042,mysuru,Sentinel-2,S2B_43PFP_20250219_0_L2A,val,data\expanded_v2\tiles\mysuru\images\mysuru_00042_rgb.png,data\expanded_v2\tiles\mysuru\images\mysuru_00042_rgbn.npy,data\expanded_v2\tiles\mysuru\masks\mysuru_00042_mask.png,384,768,256,10,0.3105621337890625,geographic_aoi_v2
mysuru_00043,mysuru,Sentinel-2,S2B_43PFP_20250219_0_L2A,val,data\expanded_v2\tiles\mysuru\images\mysuru_00043_rgb.png,data\expanded_v2\tiles\mysuru\images\mysuru_00043_rgbn.npy,data\expanded_v2\tiles\mysuru\masks\mysuru_00043_mask.png,384,896,256,10,0.359954833984375,geographic_aoi_v2
mysuru_00044,mysuru,Sentinel-2,S2B_43PFP_20250219_0_L2A,val,data\expanded_v2\tiles\mysuru\images\mysuru_00044_rgb.png,data\expanded_v2\tiles\mysuru\images\mysuru_00044_rgbn.npy,data\expanded_v2\tiles\mysuru\masks\mysuru_00044_mask.png,384,1024,256,10,0.4453887939453125,geographic_aoi_v2
mysuru_00045,mysuru,Sentinel-2,S2B_43PFP_20250219_0_L2A,val,data\expanded_v2\tiles\mysuru\images\mysuru_00045_rgb.png,data\expanded_v2\tiles\mysuru\images\mysuru_00045_rgbn.npy,data\expanded_v2\tiles\mysuru\masks\mysuru_00045_mask.png,384,1152,256,10,0.5232391357421875,geographic_aoi_v2
mysuru_00046,mysuru,Sentinel-2,S2B_43PFP_20250219_0_L2A,val,data\expanded_v2\tiles\mysuru\images\mysuru_00046_rgb.png,data\expanded_v2\tiles\mysuru\images\mysuru_00046_rgbn.npy,data\expanded_v2\tiles\mysuru\masks\mysuru_00046_mask.png,384,1280,256,10,0.519439697265625,geographic_aoi_v2
mysuru_00047,mysuru,Sentinel-2,S2B_43PFP_20250219_0_L2A,val,data\expanded_v2\tiles\mysuru\images\mysuru_00047_rgb.png,data\expanded_v2\tiles\mysuru\images\mysuru_00047_rgbn.npy,data\expanded_v2\tiles\mysuru\masks\mysuru_00047_mask.png,384,1408,256,10,0.363006591796875,geographic_aoi_v2
mysuru_00048,mysuru,Sentinel-2,S2B_43PFP_20250219_0_L2A,val,data\expanded_v2\tiles\mysuru\images\mysuru_00048_rgb.png,data\expanded_v2\tiles\mysuru\images\mysuru_00048_rgbn.npy,data\expanded_v2\tiles\mysuru\masks\mysuru_00048_mask.png,512,0,256,10,0.2173004150390625,geographic_aoi_v2
mysuru_00049,mysuru,Sentinel-2,S2B_43PFP_20250219_0_L2A,val,data\expanded_v2\tiles\mysuru\images\mysuru_00049_rgb.png,data\expanded_v2\tiles\mysuru\images\mysuru_00049_rgbn.npy,data\expanded_v2\tiles\mysuru\masks\mysuru_00049_mask.png,512,128,256,10,0.377777099609375,geographic_aoi_v2
mysuru_00050,mysuru,Sentinel-2,S2B_43PFP_20250219_0_L2A,val,data\expanded_v2\tiles\mysuru\images\mysuru_00050_rgb.png,data\expanded_v2\tiles\mysuru\images\mysuru_00050_rgbn.npy,data\expanded_v2\tiles\mysuru\masks\mysuru_00050_mask.png,512,256,256,10,0.376007080078125,geographic_aoi_v2
mysuru_00051,mysuru,Sentinel-2,S2B_43PFP_20250219_0_L2A,val,data\expanded_v2\tiles\mysuru\images\mysuru_00051_rgb.png,data\expanded_v2\tiles\mysuru\images\mysuru_00051_rgbn.npy,data\expanded_v2\tiles\mysuru\masks\mysuru_00051_mask.png,512,384,256,10,0.3156585693359375,geographic_aoi_v2
mysuru_00052,mysuru,Sentinel-2,S2B_43PFP_20250219_0_L2A,val,data\expanded_v2\tiles\mysuru\images\mysuru_00052_rgb.png,data\expanded_v2\tiles\mysuru\images\mysuru_00052_rgbn.npy,data\expanded_v2\tiles\mysuru\masks\mysuru_00052_mask.png,512,512,256,10,0.2691192626953125,geographic_aoi_v2
mysuru_00053,mysuru,Sentinel-2,S2B_43PFP_20250219_0_L2A,val,data\expanded_v2\tiles\mysuru\images\mysuru_00053_rgb.png,data\expanded_v2\tiles\mysuru\images\mysuru_00053_rgbn.npy,data\expanded_v2\tiles\mysuru\masks\mysuru_00053_mask.png,512,640,256,10,0.2440185546875,geographic_aoi_v2
mysuru_00054,mysuru,Sentinel-2,S2B_43PFP_20250219_0_L2A,val,data\expanded_v2\tiles\mysuru\images\mysuru_00054_rgb.png,data\expanded_v2\tiles\mysuru\images\mysuru_00054_rgbn.npy,data\expanded_v2\tiles\mysuru\masks\mysuru_00054_mask.png,512,768,256,10,0.278472900390625,geographic_aoi_v2
mysuru_00055,mysuru,Sentinel-2,S2B_43PFP_20250219_0_L2A,val,data\expanded_v2\tiles\mysuru\images\mysuru_00055_rgb.png,data\expanded_v2\tiles\mysuru\images\mysuru_00055_rgbn.npy,data\expanded_v2\tiles\mysuru\masks\mysuru_00055_mask.png,512,896,256,10,0.361541748046875,geographic_aoi_v2
mysuru_00056,mysuru,Sentinel-2,S2B_43PFP_20250219_0_L2A,val,data\expanded_v2\tiles\mysuru\images\mysuru_00056_rgb.png,data\expanded_v2\tiles\mysuru\images\mysuru_00056_rgbn.npy,data\expanded_v2\tiles\mysuru\masks\mysuru_00056_mask.png,512,1024,256,10,0.41455078125,geographic_aoi_v2
mysuru_00057,mysuru,Sentinel-2,S2B_43PFP_20250219_0_L2A,val,data\expanded_v2\tiles\mysuru\images\mysuru_00057_rgb.png,data\expanded_v2\tiles\mysuru\images\mysuru_00057_rgbn.npy,data\expanded_v2\tiles\mysuru\masks\mysuru_00057_mask.png,512,1152,256,10,0.4611053466796875,geographic_aoi_v2
mysuru_00058,mysuru,Sentinel-2,S2B_43PFP_20250219_0_L2A,val,data\expanded_v2\tiles\mysuru\images\mysuru_00058_rgb.png,data\expanded_v2\tiles\mysuru\images\mysuru_00058_rgbn.npy,data\expanded_v2\tiles\mysuru\masks\mysuru_00058_mask.png,512,1280,256,10,0.4878387451171875,geographic_aoi_v2
mysuru_00059,mysuru,Sentinel-2,S2B_43PFP_20250219_0_L2A,val,data\expanded_v2\tiles\mysuru\images\mysuru_00059_rgb.png,data\expanded_v2\tiles\mysuru\images\mysuru_00059_rgbn.npy,data\expanded_v2\tiles\mysuru\masks\mysuru_00059_mask.png,512,1408,256,10,0.3907928466796875,geographic_aoi_v2
mysuru_00060,mysuru,Sentinel-2,S2B_43PFP_20250219_0_L2A,val,data\expanded_v2\tiles\mysuru\images\mysuru_00060_rgb.png,data\expanded_v2\tiles\mysuru\images\mysuru_00060_rgbn.npy,data\expanded_v2\tiles\mysuru\masks\mysuru_00060_mask.png,640,0,256,10,0.1991119384765625,geographic_aoi_v2
mysuru_00061,mysuru,Sentinel-2,S2B_43PFP_20250219_0_L2A,val,data\expanded_v2\tiles\mysuru\images\mysuru_00061_rgb.png,data\expanded_v2\tiles\mysuru\images\mysuru_00061_rgbn.npy,data\expanded_v2\tiles\mysuru\masks\mysuru_00061_mask.png,640,128,256,10,0.3540496826171875,geographic_aoi_v2
mysuru_00062,mysuru,Sentinel-2,S2B_43PFP_20250219_0_L2A,val,data\expanded_v2\tiles\mysuru\images\mysuru_00062_rgb.png,data\expanded_v2\tiles\mysuru\images\mysuru_00062_rgbn.npy,data\expanded_v2\tiles\mysuru\masks\mysuru_00062_mask.png,640,256,256,10,0.380645751953125,geographic_aoi_v2
mysuru_00063,mysuru,Sentinel-2,S2B_43PFP_20250219_0_L2A,val,data\expanded_v2\tiles\mysuru\images\mysuru_00063_rgb.png,data\expanded_v2\tiles\mysuru\images\mysuru_00063_rgbn.npy,data\expanded_v2\tiles\mysuru\masks\mysuru_00063_mask.png,640,384,256,10,0.35028076171875,geographic_aoi_v2
mysuru_00064,mysuru,Sentinel-2,S2B_43PFP_20250219_0_L2A,val,data\expanded_v2\tiles\mysuru\images\mysuru_00064_rgb.png,data\expanded_v2\tiles\mysuru\images\mysuru_00064_rgbn.npy,data\expanded_v2\tiles\mysuru\masks\mysuru_00064_mask.png,640,512,256,10,0.3066864013671875,geographic_aoi_v2
mysuru_00065,mysuru,Sentinel-2,S2B_43PFP_20250219_0_L2A,val,data\expanded_v2\tiles\mysuru\images\mysuru_00065_rgb.png,data\expanded_v2\tiles\mysuru\images\mysuru_00065_rgbn.npy,data\expanded_v2\tiles\mysuru\masks\mysuru_00065_mask.png,640,640,256,10,0.2639007568359375,geographic_aoi_v2
mysuru_00066,mysuru,Sentinel-2,S2B_43PFP_20250219_0_L2A,val,data\expanded_v2\tiles\mysuru\images\mysuru_00066_rgb.png,data\expanded_v2\tiles\mysuru\images\mysuru_00066_rgbn.npy,data\expanded_v2\tiles\mysuru\masks\mysuru_00066_mask.png,640,768,256,10,0.31390380859375,geographic_aoi_v2
mysuru_00067,mysuru,Sentinel-2,S2B_43PFP_20250219_0_L2A,val,data\expanded_v2\tiles\mysuru\images\mysuru_00067_rgb.png,data\expanded_v2\tiles\mysuru\images\mysuru_00067_rgbn.npy,data\expanded_v2\tiles\mysuru\masks\mysuru_00067_mask.png,640,896,256,10,0.3535308837890625,geographic_aoi_v2
mysuru_00068,mysuru,Sentinel-2,S2B_43PFP_20250219_0_L2A,val,data\expanded_v2\tiles\mysuru\images\mysuru_00068_rgb.png,data\expanded_v2\tiles\mysuru\images\mysuru_00068_rgbn.npy,data\expanded_v2\tiles\mysuru\masks\mysuru_00068_mask.png,640,1024,256,10,0.2844085693359375,geographic_aoi_v2
mysuru_00069,mysuru,Sentinel-2,S2B_43PFP_20250219_0_L2A,val,data\expanded_v2\tiles\mysuru\images\mysuru_00069_rgb.png,data\expanded_v2\tiles\mysuru\images\mysuru_00069_rgbn.npy,data\expanded_v2\tiles\mysuru\masks\mysuru_00069_mask.png,640,1152,256,10,0.2905426025390625,geographic_aoi_v2
mysuru_00070,mysuru,Sentinel-2,S2B_43PFP_20250219_0_L2A,val,data\expanded_v2\tiles\mysuru\images\mysuru_00070_rgb.png,data\expanded_v2\tiles\mysuru\images\mysuru_00070_rgbn.npy,data\expanded_v2\tiles\mysuru\masks\mysuru_00070_mask.png,640,1280,256,10,0.3604736328125,geographic_aoi_v2
mysuru_00071,mysuru,Sentinel-2,S2B_43PFP_20250219_0_L2A,val,data\expanded_v2\tiles\mysuru\images\mysuru_00071_rgb.png,data\expanded_v2\tiles\mysuru\images\mysuru_00071_rgbn.npy,data\expanded_v2\tiles\mysuru\masks\mysuru_00071_mask.png,640,1408,256,10,0.36529541015625,geographic_aoi_v2
mysuru_00072,mysuru,Sentinel-2,S2B_43PFP_20250219_0_L2A,val,data\expanded_v2\tiles\mysuru\images\mysuru_00072_rgb.png,data\expanded_v2\tiles\mysuru\images\mysuru_00072_rgbn.npy,data\expanded_v2\tiles\mysuru\masks\mysuru_00072_mask.png,768,0,256,10,0.15911865234375,geographic_aoi_v2
mysuru_00073,mysuru,Sentinel-2,S2B_43PFP_20250219_0_L2A,val,data\expanded_v2\tiles\mysuru\images\mysuru_00073_rgb.png,data\expanded_v2\tiles\mysuru\images\mysuru_00073_rgbn.npy,data\expanded_v2\tiles\mysuru\masks\mysuru_00073_mask.png,768,128,256,10,0.2589874267578125,geographic_aoi_v2
mysuru_00074,mysuru,Sentinel-2,S2B_43PFP_20250219_0_L2A,val,data\expanded_v2\tiles\mysuru\images\mysuru_00074_rgb.png,data\expanded_v2\tiles\mysuru\images\mysuru_00074_rgbn.npy,data\expanded_v2\tiles\mysuru\masks\mysuru_00074_mask.png,768,256,256,10,0.3572998046875,geographic_aoi_v2
mysuru_00075,mysuru,Sentinel-2,S2B_43PFP_20250219_0_L2A,val,data\expanded_v2\tiles\mysuru\images\mysuru_00075_rgb.png,data\expanded_v2\tiles\mysuru\images\mysuru_00075_rgbn.npy,data\expanded_v2\tiles\mysuru\masks\mysuru_00075_mask.png,768,384,256,10,0.4200592041015625,geographic_aoi_v2
mysuru_00076,mysuru,Sentinel-2,S2B_43PFP_20250219_0_L2A,val,data\expanded_v2\tiles\mysuru\images\mysuru_00076_rgb.png,data\expanded_v2\tiles\mysuru\images\mysuru_00076_rgbn.npy,data\expanded_v2\tiles\mysuru\masks\mysuru_00076_mask.png,768,512,256,10,0.421722412109375,geographic_aoi_v2
mysuru_00077,mysuru,Sentinel-2,S2B_43PFP_20250219_0_L2A,val,data\expanded_v2\tiles\mysuru\images\mysuru_00077_rgb.png,data\expanded_v2\tiles\mysuru\images\mysuru_00077_rgbn.npy,data\expanded_v2\tiles\mysuru\masks\mysuru_00077_mask.png,768,640,256,10,0.38720703125,geographic_aoi_v2
mysuru_00078,mysuru,Sentinel-2,S2B_43PFP_20250219_0_L2A,val,data\expanded_v2\tiles\mysuru\images\mysuru_00078_rgb.png,data\expanded_v2\tiles\mysuru\images\mysuru_00078_rgbn.npy,data\expanded_v2\tiles\mysuru\masks\mysuru_00078_mask.png,768,768,256,10,0.41680908203125,geographic_aoi_v2
mysuru_00079,mysuru,Sentinel-2,S2B_43PFP_20250219_0_L2A,val,data\expanded_v2\tiles\mysuru\images\mysuru_00079_rgb.png,data\expanded_v2\tiles\mysuru\images\mysuru_00079_rgbn.npy,data\expanded_v2\tiles\mysuru\masks\mysuru_00079_mask.png,768,896,256,10,0.360198974609375,geographic_aoi_v2
mysuru_00080,mysuru,Sentinel-2,S2B_43PFP_20250219_0_L2A,val,data\expanded_v2\tiles\mysuru\images\mysuru_00080_rgb.png,data\expanded_v2\tiles\mysuru\images\mysuru_00080_rgbn.npy,data\expanded_v2\tiles\mysuru\masks\mysuru_00080_mask.png,768,1024,256,10,0.1843414306640625,geographic_aoi_v2
mysuru_00081,mysuru,Sentinel-2,S2B_43PFP_20250219_0_L2A,val,data\expanded_v2\tiles\mysuru\images\mysuru_00081_rgb.png,data\expanded_v2\tiles\mysuru\images\mysuru_00081_rgbn.npy,data\expanded_v2\tiles\mysuru\masks\mysuru_00081_mask.png,768,1152,256,10,0.16259765625,geographic_aoi_v2
mysuru_00082,mysuru,Sentinel-2,S2B_43PFP_20250219_0_L2A,val,data\expanded_v2\tiles\mysuru\images\mysuru_00082_rgb.png,data\expanded_v2\tiles\mysuru\images\mysuru_00082_rgbn.npy,data\expanded_v2\tiles\mysuru\masks\mysuru_00082_mask.png,768,1280,256,10,0.2128143310546875,geographic_aoi_v2
mysuru_00083,mysuru,Sentinel-2,S2B_43PFP_20250219_0_L2A,val,data\expanded_v2\tiles\mysuru\images\mysuru_00083_rgb.png,data\expanded_v2\tiles\mysuru\images\mysuru_00083_rgbn.npy,data\expanded_v2\tiles\mysuru\masks\mysuru_00083_mask.png,768,1408,256,10,0.2726898193359375,geographic_aoi_v2
mysuru_00084,mysuru,Sentinel-2,S2B_43PFP_20250219_0_L2A,val,data\expanded_v2\tiles\mysuru\images\mysuru_00084_rgb.png,data\expanded_v2\tiles\mysuru\images\mysuru_00084_rgbn.npy,data\expanded_v2\tiles\mysuru\masks\mysuru_00084_mask.png,896,0,256,10,0.0742340087890625,geographic_aoi_v2
mysuru_00085,mysuru,Sentinel-2,S2B_43PFP_20250219_0_L2A,val,data\expanded_v2\tiles\mysuru\images\mysuru_00085_rgb.png,data\expanded_v2\tiles\mysuru\images\mysuru_00085_rgbn.npy,data\expanded_v2\tiles\mysuru\masks\mysuru_00085_mask.png,896,128,256,10,0.14654541015625,geographic_aoi_v2
mysuru_00086,mysuru,Sentinel-2,S2B_43PFP_20250219_0_L2A,val,data\expanded_v2\tiles\mysuru\images\mysuru_00086_rgb.png,data\expanded_v2\tiles\mysuru\images\mysuru_00086_rgbn.npy,data\expanded_v2\tiles\mysuru\masks\mysuru_00086_mask.png,896,256,256,10,0.283477783203125,geographic_aoi_v2
mysuru_00087,mysuru,Sentinel-2,S2B_43PFP_20250219_0_L2A,val,data\expanded_v2\tiles\mysuru\images\mysuru_00087_rgb.png,data\expanded_v2\tiles\mysuru\images\mysuru_00087_rgbn.npy,data\expanded_v2\tiles\mysuru\masks\mysuru_00087_mask.png,896,384,256,10,0.36767578125,geographic_aoi_v2
mysuru_00088,mysuru,Sentinel-2,S2B_43PFP_20250219_0_L2A,val,data\expanded_v2\tiles\mysuru\images\mysuru_00088_rgb.png,data\expanded_v2\tiles\mysuru\images\mysuru_00088_rgbn.npy,data\expanded_v2\tiles\mysuru\masks\mysuru_00088_mask.png,896,512,256,10,0.409576416015625,geographic_aoi_v2
mysuru_00089,mysuru,Sentinel-2,S2B_43PFP_20250219_0_L2A,val,data\expanded_v2\tiles\mysuru\images\mysuru_00089_rgb.png,data\expanded_v2\tiles\mysuru\images\mysuru_00089_rgbn.npy,data\expanded_v2\tiles\mysuru\masks\mysuru_00089_mask.png,896,640,256,10,0.3798065185546875,geographic_aoi_v2
mysuru_00090,mysuru,Sentinel-2,S2B_43PFP_20250219_0_L2A,val,data\expanded_v2\tiles\mysuru\images\mysuru_00090_rgb.png,data\expanded_v2\tiles\mysuru\images\mysuru_00090_rgbn.npy,data\expanded_v2\tiles\mysuru\masks\mysuru_00090_mask.png,896,768,256,10,0.3416595458984375,geographic_aoi_v2
mysuru_00091,mysuru,Sentinel-2,S2B_43PFP_20250219_0_L2A,val,data\expanded_v2\tiles\mysuru\images\mysuru_00091_rgb.png,data\expanded_v2\tiles\mysuru\images\mysuru_00091_rgbn.npy,data\expanded_v2\tiles\mysuru\masks\mysuru_00091_mask.png,896,896,256,10,0.2902679443359375,geographic_aoi_v2
mysuru_00092,mysuru,Sentinel-2,S2B_43PFP_20250219_0_L2A,val,data\expanded_v2\tiles\mysuru\images\mysuru_00092_rgb.png,data\expanded_v2\tiles\mysuru\images\mysuru_00092_rgbn.npy,data\expanded_v2\tiles\mysuru\masks\mysuru_00092_mask.png,896,1024,256,10,0.1497650146484375,geographic_aoi_v2
mysuru_00093,mysuru,Sentinel-2,S2B_43PFP_20250219_0_L2A,val,data\expanded_v2\tiles\mysuru\images\mysuru_00093_rgb.png,data\expanded_v2\tiles\mysuru\images\mysuru_00093_rgbn.npy,data\expanded_v2\tiles\mysuru\masks\mysuru_00093_mask.png,896,1152,256,10,0.091583251953125,geographic_aoi_v2
mysuru_00094,mysuru,Sentinel-2,S2B_43PFP_20250219_0_L2A,val,data\expanded_v2\tiles\mysuru\images\mysuru_00094_rgb.png,data\expanded_v2\tiles\mysuru\images\mysuru_00094_rgbn.npy,data\expanded_v2\tiles\mysuru\masks\mysuru_00094_mask.png,896,1280,256,10,0.1043548583984375,geographic_aoi_v2
mysuru_00095,mysuru,Sentinel-2,S2B_43PFP_20250219_0_L2A,val,data\expanded_v2\tiles\mysuru\images\mysuru_00095_rgb.png,data\expanded_v2\tiles\mysuru\images\mysuru_00095_rgbn.npy,data\expanded_v2\tiles\mysuru\masks\mysuru_00095_mask.png,896,1408,256,10,0.2333984375,geographic_aoi_v2
mysuru_00096,mysuru,Sentinel-2,S2B_43PFP_20250219_0_L2A,val,data\expanded_v2\tiles\mysuru\images\mysuru_00096_rgb.png,data\expanded_v2\tiles\mysuru\images\mysuru_00096_rgbn.npy,data\expanded_v2\tiles\mysuru\masks\mysuru_00096_mask.png,1024,0,256,10,0.03424072265625,geographic_aoi_v2
mysuru_00097,mysuru,Sentinel-2,S2B_43PFP_20250219_0_L2A,val,data\expanded_v2\tiles\mysuru\images\mysuru_00097_rgb.png,data\expanded_v2\tiles\mysuru\images\mysuru_00097_rgbn.npy,data\expanded_v2\tiles\mysuru\masks\mysuru_00097_mask.png,1024,128,256,10,0.1203765869140625,geographic_aoi_v2
mysuru_00098,mysuru,Sentinel-2,S2B_43PFP_20250219_0_L2A,val,data\expanded_v2\tiles\mysuru\images\mysuru_00098_rgb.png,data\expanded_v2\tiles\mysuru\images\mysuru_00098_rgbn.npy,data\expanded_v2\tiles\mysuru\masks\mysuru_00098_mask.png,1024,256,256,10,0.253814697265625,geographic_aoi_v2
mysuru_00099,mysuru,Sentinel-2,S2B_43PFP_20250219_0_L2A,val,data\expanded_v2\tiles\mysuru\images\mysuru_00099_rgb.png,data\expanded_v2\tiles\mysuru\images\mysuru_00099_rgbn.npy,data\expanded_v2\tiles\mysuru\masks\mysuru_00099_mask.png,1024,384,256,10,0.282684326171875,geographic_aoi_v2
mysuru_00100,mysuru,Sentinel-2,S2B_43PFP_20250219_0_L2A,val,data\expanded_v2\tiles\mysuru\images\mysuru_00100_rgb.png,data\expanded_v2\tiles\mysuru\images\mysuru_00100_rgbn.npy,data\expanded_v2\tiles\mysuru\masks\mysuru_00100_mask.png,1024,512,256,10,0.345001220703125,geographic_aoi_v2
mysuru_00101,mysuru,Sentinel-2,S2B_43PFP_20250219_0_L2A,val,data\expanded_v2\tiles\mysuru\images\mysuru_00101_rgb.png,data\expanded_v2\tiles\mysuru\images\mysuru_00101_rgbn.npy,data\expanded_v2\tiles\mysuru\masks\mysuru_00101_mask.png,1024,640,256,10,0.3756103515625,geographic_aoi_v2
mysuru_00102,mysuru,Sentinel-2,S2B_43PFP_20250219_0_L2A,val,data\expanded_v2\tiles\mysuru\images\mysuru_00102_rgb.png,data\expanded_v2\tiles\mysuru\images\mysuru_00102_rgbn.npy,data\expanded_v2\tiles\mysuru\masks\mysuru_00102_mask.png,1024,768,256,10,0.3009033203125,geographic_aoi_v2
mysuru_00103,mysuru,Sentinel-2,S2B_43PFP_20250219_0_L2A,val,data\expanded_v2\tiles\mysuru\images\mysuru_00103_rgb.png,data\expanded_v2\tiles\mysuru\images\mysuru_00103_rgbn.npy,data\expanded_v2\tiles\mysuru\masks\mysuru_00103_mask.png,1024,896,256,10,0.2342071533203125,geographic_aoi_v2
mysuru_00104,mysuru,Sentinel-2,S2B_43PFP_20250219_0_L2A,val,data\expanded_v2\tiles\mysuru\images\mysuru_00104_rgb.png,data\expanded_v2\tiles\mysuru\images\mysuru_00104_rgbn.npy,data\expanded_v2\tiles\mysuru\masks\mysuru_00104_mask.png,1024,1024,256,10,0.1309356689453125,geographic_aoi_v2
mysuru_00105,mysuru,Sentinel-2,S2B_43PFP_20250219_0_L2A,val,data\expanded_v2\tiles\mysuru\images\mysuru_00105_rgb.png,data\expanded_v2\tiles\mysuru\images\mysuru_00105_rgbn.npy,data\expanded_v2\tiles\mysuru\masks\mysuru_00105_mask.png,1024,1152,256,10,0.07562255859375,geographic_aoi_v2
mysuru_00106,mysuru,Sentinel-2,S2B_43PFP_20250219_0_L2A,val,data\expanded_v2\tiles\mysuru\images\mysuru_00106_rgb.png,data\expanded_v2\tiles\mysuru\images\mysuru_00106_rgbn.npy,data\expanded_v2\tiles\mysuru\masks\mysuru_00106_mask.png,1024,1280,256,10,0.102447509765625,geographic_aoi_v2
mysuru_00107,mysuru,Sentinel-2,S2B_43PFP_20250219_0_L2A,val,data\expanded_v2\tiles\mysuru\images\mysuru_00107_rgb.png,data\expanded_v2\tiles\mysuru\images\mysuru_00107_rgbn.npy,data\expanded_v2\tiles\mysuru\masks\mysuru_00107_mask.png,1024,1408,256,10,0.2186431884765625,geographic_aoi_v2
mysuru_00108,mysuru,Sentinel-2,S2B_43PFP_20250219_0_L2A,val,data\expanded_v2\tiles\mysuru\images\mysuru_00108_rgb.png,data\expanded_v2\tiles\mysuru\images\mysuru_00108_rgbn.npy,data\expanded_v2\tiles\mysuru\masks\mysuru_00108_mask.png,1152,0,256,10,0.0350341796875,geographic_aoi_v2
mysuru_00109,mysuru,Sentinel-2,S2B_43PFP_20250219_0_L2A,val,data\expanded_v2\tiles\mysuru\images\mysuru_00109_rgb.png,data\expanded_v2\tiles\mysuru\images\mysuru_00109_rgbn.npy,data\expanded_v2\tiles\mysuru\masks\mysuru_00109_mask.png,1152,128,256,10,0.1314544677734375,geographic_aoi_v2
mysuru_00110,mysuru,Sentinel-2,S2B_43PFP_20250219_0_L2A,val,data\expanded_v2\tiles\mysuru\images\mysuru_00110_rgb.png,data\expanded_v2\tiles\mysuru\images\mysuru_00110_rgbn.npy,data\expanded_v2\tiles\mysuru\masks\mysuru_00110_mask.png,1152,256,256,10,0.215972900390625,geographic_aoi_v2
mysuru_00111,mysuru,Sentinel-2,S2B_43PFP_20250219_0_L2A,val,data\expanded_v2\tiles\mysuru\images\mysuru_00111_rgb.png,data\expanded_v2\tiles\mysuru\images\mysuru_00111_rgbn.npy,data\expanded_v2\tiles\mysuru\masks\mysuru_00111_mask.png,1152,384,256,10,0.2290496826171875,geographic_aoi_v2
mysuru_00112,mysuru,Sentinel-2,S2B_43PFP_20250219_0_L2A,val,data\expanded_v2\tiles\mysuru\images\mysuru_00112_rgb.png,data\expanded_v2\tiles\mysuru\images\mysuru_00112_rgbn.npy,data\expanded_v2\tiles\mysuru\masks\mysuru_00112_mask.png,1152,512,256,10,0.2838897705078125,geographic_aoi_v2
mysuru_00113,mysuru,Sentinel-2,S2B_43PFP_20250219_0_L2A,val,data\expanded_v2\tiles\mysuru\images\mysuru_00113_rgb.png,data\expanded_v2\tiles\mysuru\images\mysuru_00113_rgbn.npy,data\expanded_v2\tiles\mysuru\masks\mysuru_00113_mask.png,1152,640,256,10,0.373504638671875,geographic_aoi_v2
mysuru_00114,mysuru,Sentinel-2,S2B_43PFP_20250219_0_L2A,val,data\expanded_v2\tiles\mysuru\images\mysuru_00114_rgb.png,data\expanded_v2\tiles\mysuru\images\mysuru_00114_rgbn.npy,data\expanded_v2\tiles\mysuru\masks\mysuru_00114_mask.png,1152,768,256,10,0.368316650390625,geographic_aoi_v2
mysuru_00115,mysuru,Sentinel-2,S2B_43PFP_20250219_0_L2A,val,data\expanded_v2\tiles\mysuru\images\mysuru_00115_rgb.png,data\expanded_v2\tiles\mysuru\images\mysuru_00115_rgbn.npy,data\expanded_v2\tiles\mysuru\masks\mysuru_00115_mask.png,1152,896,256,10,0.2415924072265625,geographic_aoi_v2
mysuru_00116,mysuru,Sentinel-2,S2B_43PFP_20250219_0_L2A,val,data\expanded_v2\tiles\mysuru\images\mysuru_00116_rgb.png,data\expanded_v2\tiles\mysuru\images\mysuru_00116_rgbn.npy,data\expanded_v2\tiles\mysuru\masks\mysuru_00116_mask.png,1152,1024,256,10,0.146636962890625,geographic_aoi_v2
mysuru_00117,mysuru,Sentinel-2,S2B_43PFP_20250219_0_L2A,val,data\expanded_v2\tiles\mysuru\images\mysuru_00117_rgb.png,data\expanded_v2\tiles\mysuru\images\mysuru_00117_rgbn.npy,data\expanded_v2\tiles\mysuru\masks\mysuru_00117_mask.png,1152,1152,256,10,0.136566162109375,geographic_aoi_v2
mysuru_00118,mysuru,Sentinel-2,S2B_43PFP_20250219_0_L2A,val,data\expanded_v2\tiles\mysuru\images\mysuru_00118_rgb.png,data\expanded_v2\tiles\mysuru\images\mysuru_00118_rgbn.npy,data\expanded_v2\tiles\mysuru\masks\mysuru_00118_mask.png,1152,1280,256,10,0.12255859375,geographic_aoi_v2
mysuru_00119,mysuru,Sentinel-2,S2B_43PFP_20250219_0_L2A,val,data\expanded_v2\tiles\mysuru\images\mysuru_00119_rgb.png,data\expanded_v2\tiles\mysuru\images\mysuru_00119_rgbn.npy,data\expanded_v2\tiles\mysuru\masks\mysuru_00119_mask.png,1152,1408,256,10,0.1262054443359375,geographic_aoi_v2
mysuru_00120,mysuru,Sentinel-2,S2B_43PFP_20250219_0_L2A,val,data\expanded_v2\tiles\mysuru\images\mysuru_00120_rgb.png,data\expanded_v2\tiles\mysuru\images\mysuru_00120_rgbn.npy,data\expanded_v2\tiles\mysuru\masks\mysuru_00120_mask.png,1280,0,256,10,0.0410003662109375,geographic_aoi_v2
mysuru_00121,mysuru,Sentinel-2,S2B_43PFP_20250219_0_L2A,val,data\expanded_v2\tiles\mysuru\images\mysuru_00121_rgb.png,data\expanded_v2\tiles\mysuru\images\mysuru_00121_rgbn.npy,data\expanded_v2\tiles\mysuru\masks\mysuru_00121_mask.png,1280,128,256,10,0.0955352783203125,geographic_aoi_v2
mysuru_00122,mysuru,Sentinel-2,S2B_43PFP_20250219_0_L2A,val,data\expanded_v2\tiles\mysuru\images\mysuru_00122_rgb.png,data\expanded_v2\tiles\mysuru\images\mysuru_00122_rgbn.npy,data\expanded_v2\tiles\mysuru\masks\mysuru_00122_mask.png,1280,256,256,10,0.1246490478515625,geographic_aoi_v2
mysuru_00123,mysuru,Sentinel-2,S2B_43PFP_20250219_0_L2A,val,data\expanded_v2\tiles\mysuru\images\mysuru_00123_rgb.png,data\expanded_v2\tiles\mysuru\images\mysuru_00123_rgbn.npy,data\expanded_v2\tiles\mysuru\masks\mysuru_00123_mask.png,1280,384,256,10,0.1591949462890625,geographic_aoi_v2
mysuru_00124,mysuru,Sentinel-2,S2B_43PFP_20250219_0_L2A,val,data\expanded_v2\tiles\mysuru\images\mysuru_00124_rgb.png,data\expanded_v2\tiles\mysuru\images\mysuru_00124_rgbn.npy,data\expanded_v2\tiles\mysuru\masks\mysuru_00124_mask.png,1280,512,256,10,0.1796875,geographic_aoi_v2
mysuru_00125,mysuru,Sentinel-2,S2B_43PFP_20250219_0_L2A,val,data\expanded_v2\tiles\mysuru\images\mysuru_00125_rgb.png,data\expanded_v2\tiles\mysuru\images\mysuru_00125_rgbn.npy,data\expanded_v2\tiles\mysuru\masks\mysuru_00125_mask.png,1280,640,256,10,0.2599945068359375,geographic_aoi_v2
mysuru_00126,mysuru,Sentinel-2,S2B_43PFP_20250219_0_L2A,val,data\expanded_v2\tiles\mysuru\images\mysuru_00126_rgb.png,data\expanded_v2\tiles\mysuru\images\mysuru_00126_rgbn.npy,data\expanded_v2\tiles\mysuru\masks\mysuru_00126_mask.png,1280,768,256,10,0.321685791015625,geographic_aoi_v2
mysuru_00127,mysuru,Sentinel-2,S2B_43PFP_20250219_0_L2A,val,data\expanded_v2\tiles\mysuru\images\mysuru_00127_rgb.png,data\expanded_v2\tiles\mysuru\images\mysuru_00127_rgbn.npy,data\expanded_v2\tiles\mysuru\masks\mysuru_00127_mask.png,1280,896,256,10,0.2127838134765625,geographic_aoi_v2
mysuru_00128,mysuru,Sentinel-2,S2B_43PFP_20250219_0_L2A,val,data\expanded_v2\tiles\mysuru\images\mysuru_00128_rgb.png,data\expanded_v2\tiles\mysuru\images\mysuru_00128_rgbn.npy,data\expanded_v2\tiles\mysuru\masks\mysuru_00128_mask.png,1280,1024,256,10,0.1260223388671875,geographic_aoi_v2
mysuru_00129,mysuru,Sentinel-2,S2B_43PFP_20250219_0_L2A,val,data\expanded_v2\tiles\mysuru\images\mysuru_00129_rgb.png,data\expanded_v2\tiles\mysuru\images\mysuru_00129_rgbn.npy,data\expanded_v2\tiles\mysuru\masks\mysuru_00129_mask.png,1280,1152,256,10,0.131683349609375,geographic_aoi_v2
mysuru_00130,mysuru,Sentinel-2,S2B_43PFP_20250219_0_L2A,val,data\expanded_v2\tiles\mysuru\images\mysuru_00130_rgb.png,data\expanded_v2\tiles\mysuru\images\mysuru_00130_rgbn.npy,data\expanded_v2\tiles\mysuru\masks\mysuru_00130_mask.png,1280,1280,256,10,0.0952301025390625,geographic_aoi_v2
mysuru_00131,mysuru,Sentinel-2,S2B_43PFP_20250219_0_L2A,val,data\expanded_v2\tiles\mysuru\images\mysuru_00131_rgb.png,data\expanded_v2\tiles\mysuru\images\mysuru_00131_rgbn.npy,data\expanded_v2\tiles\mysuru\masks\mysuru_00131_mask.png,1280,1408,256,10,0.0575103759765625,geographic_aoi_v2
mysuru_00132,mysuru,Sentinel-2,S2B_43PFP_20250219_0_L2A,val,data\expanded_v2\tiles\mysuru\images\mysuru_00132_rgb.png,data\expanded_v2\tiles\mysuru\images\mysuru_00132_rgbn.npy,data\expanded_v2\tiles\mysuru\masks\mysuru_00132_mask.png,1408,0,256,10,0.0305328369140625,geographic_aoi_v2
mysuru_00133,mysuru,Sentinel-2,S2B_43PFP_20250219_0_L2A,val,data\expanded_v2\tiles\mysuru\images\mysuru_00133_rgb.png,data\expanded_v2\tiles\mysuru\images\mysuru_00133_rgbn.npy,data\expanded_v2\tiles\mysuru\masks\mysuru_00133_mask.png,1408,128,256,10,0.0517425537109375,geographic_aoi_v2
mysuru_00134,mysuru,Sentinel-2,S2B_43PFP_20250219_0_L2A,val,data\expanded_v2\tiles\mysuru\images\mysuru_00134_rgb.png,data\expanded_v2\tiles\mysuru\images\mysuru_00134_rgbn.npy,data\expanded_v2\tiles\mysuru\masks\mysuru_00134_mask.png,1408,256,256,10,0.06927490234375,geographic_aoi_v2
mysuru_00135,mysuru,Sentinel-2,S2B_43PFP_20250219_0_L2A,val,data\expanded_v2\tiles\mysuru\images\mysuru_00135_rgb.png,data\expanded_v2\tiles\mysuru\images\mysuru_00135_rgbn.npy,data\expanded_v2\tiles\mysuru\masks\mysuru_00135_mask.png,1408,384,256,10,0.090911865234375,geographic_aoi_v2
mysuru_00136,mysuru,Sentinel-2,S2B_43PFP_20250219_0_L2A,val,data\expanded_v2\tiles\mysuru\images\mysuru_00136_rgb.png,data\expanded_v2\tiles\mysuru\images\mysuru_00136_rgbn.npy,data\expanded_v2\tiles\mysuru\masks\mysuru_00136_mask.png,1408,512,256,10,0.0774383544921875,geographic_aoi_v2
mysuru_00137,mysuru,Sentinel-2,S2B_43PFP_20250219_0_L2A,val,data\expanded_v2\tiles\mysuru\images\mysuru_00137_rgb.png,data\expanded_v2\tiles\mysuru\images\mysuru_00137_rgbn.npy,data\expanded_v2\tiles\mysuru\masks\mysuru_00137_mask.png,1408,640,256,10,0.121368408203125,geographic_aoi_v2
mysuru_00138,mysuru,Sentinel-2,S2B_43PFP_20250219_0_L2A,val,data\expanded_v2\tiles\mysuru\images\mysuru_00138_rgb.png,data\expanded_v2\tiles\mysuru\images\mysuru_00138_rgbn.npy,data\expanded_v2\tiles\mysuru\masks\mysuru_00138_mask.png,1408,768,256,10,0.1624603271484375,geographic_aoi_v2
mysuru_00139,mysuru,Sentinel-2,S2B_43PFP_20250219_0_L2A,val,data\expanded_v2\tiles\mysuru\images\mysuru_00139_rgb.png,data\expanded_v2\tiles\mysuru\images\mysuru_00139_rgbn.npy,data\expanded_v2\tiles\mysuru\masks\mysuru_00139_mask.png,1408,896,256,10,0.1228179931640625,geographic_aoi_v2
mysuru_00140,mysuru,Sentinel-2,S2B_43PFP_20250219_0_L2A,val,data\expanded_v2\tiles\mysuru\images\mysuru_00140_rgb.png,data\expanded_v2\tiles\mysuru\images\mysuru_00140_rgbn.npy,data\expanded_v2\tiles\mysuru\masks\mysuru_00140_mask.png,1408,1024,256,10,0.0656890869140625,geographic_aoi_v2
mysuru_00141,mysuru,Sentinel-2,S2B_43PFP_20250219_0_L2A,val,data\expanded_v2\tiles\mysuru\images\mysuru_00141_rgb.png,data\expanded_v2\tiles\mysuru\images\mysuru_00141_rgbn.npy,data\expanded_v2\tiles\mysuru\masks\mysuru_00141_mask.png,1408,1152,256,10,0.0398101806640625,geographic_aoi_v2
mysuru_00142,mysuru,Sentinel-2,S2B_43PFP_20250219_0_L2A,val,data\expanded_v2\tiles\mysuru\images\mysuru_00142_rgb.png,data\expanded_v2\tiles\mysuru\images\mysuru_00142_rgbn.npy,data\expanded_v2\tiles\mysuru\masks\mysuru_00142_mask.png,1408,1280,256,10,0.050567626953125,geographic_aoi_v2
mysuru_00143,mysuru,Sentinel-2,S2B_43PFP_20250219_0_L2A,val,data\expanded_v2\tiles\mysuru\images\mysuru_00143_rgb.png,data\expanded_v2\tiles\mysuru\images\mysuru_00143_rgbn.npy,data\expanded_v2\tiles\mysuru\masks\mysuru_00143_mask.png,1408,1408,256,10,0.0418853759765625,geographic_aoi_v2
